id,prompt,sample_idx,pred,method,end_kind,ntok
test-0000,A,0,60,final_answer,clean_final,276
test-0000,A,1,39,final_answer,clean_final,637
test-0000,A,2,60,final_answer,clean_final,356
test-0001,A,0,15,final_answer,clean_final,339
test-0001,A,1,15,boxed,sentence_end,342
test-0001,A,2,15,final_answer,clean_final,320
test-0002,A,0,3,final_answer,clean_final,329
test-0002,A,1,3,final_answer,clean_final,230
test-0002,A,2,3,final_answer,clean_final,347
test-0003,A,0,8,final_answer,clean_final,421
test-0003,A,1,7,final_answer,clean_final,466
test-0003,A,2,49,final_answer,clean_final,528
test-0004,A,0,3,final_answer,clean_final,434
test-0004,A,1,3,final_answer,clean_final,376
test-0004,A,2,3,final_answer,mid_cut,839
test-0005,A,0,5,final_answer,clean_final,458
test-0005,A,1,10,final_answer,clean_final,639
test-0005,A,2,500,final_answer,clean_final,1046
test-0006,A,0,94,final_answer,clean_final,234
test-0006,A,1,116,final_answer,clean_final,525
test-0006,A,2,94,final_answer,clean_final,260
test-0007,A,0,15,final_answer,clean_final,1049
test-0007,A,1,3,final_answer,clean_final,355
test-0007,A,2,3,final_answer,clean_final,341
test-0008,A,0,25,final_answer,clean_final,258
test-0008,A,1,25,final_answer,clean_final,216
test-0008,A,2,25,final_answer,clean_final,112
test-0009,A,0,3,final_answer,clean_final,350
test-0009,A,1,14,boxed,mid_cut,761
test-0009,A,2,15,final_answer,clean_final,1202
test-0010,A,0,2,final_answer,clean_final,257
test-0010,A,1,2,final_answer,clean_final,421
test-0010,A,2,2,final_answer,clean_final,178
test-0011,A,0,30730,final_answer,clean_final,637
test-0011,A,1,960,final_answer,clean_final,350
test-0011,A,2,30720,final_answer,clean_final,655
test-0012,A,0,123,final_answer,clean_final,350
test-0012,A,1,41,final_answer,clean_final,395
test-0012,A,2,42,final_answer,clean_final,317
test-0013,A,0,21,final_answer,clean_final,217
test-0013,A,1,21,final_answer,clean_final,209
test-0013,A,2,21,final_answer,clean_final,214
test-0014,A,0,4800,final_answer,clean_final,220
test-0014,A,1,4800,final_answer,clean_final,159
test-0014,A,2,4800,final_answer,clean_final,235
test-0015,A,0,337,final_answer,clean_final,512
test-0015,A,1,337,final_answer,clean_final,493
test-0015,A,2,337,final_answer,clean_final,414
test-0016,A,0,4,final_answer,clean_final,270
test-0016,A,1,4,final_answer,clean_final,340
test-0016,A,2,0,final_answer,clean_final,451
test-0017,A,0,3,final_answer,clean_final,266
test-0017,A,1,2,final_answer,clean_final,284
test-0017,A,2,3,final_answer,clean_final,483
test-0018,A,0,3,final_answer,clean_final,1174
test-0018,A,1,1,boxed,mid_cut,1204
test-0018,A,2,1,final_answer,clean_final,1059
test-0019,A,0,700,final_answer,clean_final,526
test-0019,A,1,500,final_answer,clean_final,361
test-0019,A,2,500,final_answer,clean_final,412
test-0020,A,0,18,boxed,mid_cut,877
test-0020,A,1,19,final_answer,clean_final,965
test-0020,A,2,13,final_answer,clean_final,704
test-0021,A,0,3,final_answer,clean_final,883
test-0021,A,1,9,final_answer,clean_final,782
test-0021,A,2,3,final_answer,clean_final,1302
test-0022,A,0,-1,final_answer,clean_final,902
test-0022,A,1,-3,final_answer,clean_final,814
test-0022,A,2,-1,final_answer,clean_final,600
test-0023,A,0,5151,final_answer,clean_final,695
test-0023,A,1,10,final_answer,clean_final,1024
test-0023,A,2,29,final_answer,clean_final,1024
test-0024,A,0,1,final_answer,clean_final,159
test-0024,A,1,1,final_answer,clean_final,186
test-0024,A,2,1,final_answer,clean_final,201
test-0025,A,0,39,final_answer,clean_final,338
test-0025,A,1,39,final_answer,clean_final,280
test-0025,A,2,39,final_answer,clean_final,323
test-0026,A,0,24,final_answer,clean_final,251
test-0026,A,1,24,final_answer,clean_final,350
test-0026,A,2,24,final_answer,clean_final,253
test-0027,A,0,45,final_answer,clean_final,297
test-0027,A,1,45,final_answer,clean_final,213
test-0027,A,2,45,final_answer,clean_final,229
test-0028,A,0,54,final_answer,clean_final,638
test-0028,A,1,150,final_answer,clean_final,421
test-0028,A,2,150,final_answer,clean_final,807
test-0029,A,0,8,final_answer,clean_final,810
test-0029,A,1,4,final_answer,clean_final,605
test-0029,A,2,2,final_answer,clean_final,415
test-0030,A,0,6,final_answer,clean_final,268
test-0030,A,1,4,final_answer,clean_final,423
test-0030,A,2,0,final_answer,clean_final,334
test-0031,A,0,10,final_answer,clean_final,335
test-0031,A,1,10,final_answer,clean_final,198
test-0031,A,2,10,final_answer,clean_final,231
test-0032,A,0,-1,final_answer,clean_final,633
test-0032,A,1,-1,answer_is,mid_cut,544
test-0032,A,2,-1,final_answer,clean_final,521
test-0033,A,0,1,final_answer,clean_final,1190
test-0033,A,1,9,final_answer,clean_final,1022
test-0033,A,2,36,last_number,ends_digit,1536
test-0034,A,0,12,final_answer,clean_final,916
test-0034,A,1,7,final_answer,clean_final,942
test-0034,A,2,12,final_answer,clean_final,1319
test-0035,A,0,1,final_answer,clean_final,549
test-0035,A,1,1,final_answer,clean_final,724
test-0035,A,2,1,final_answer,clean_final,817
test-0036,A,0,115,final_answer,clean_final,357
test-0036,A,1,142,final_answer,clean_final,247
test-0036,A,2,142,final_answer,clean_final,313
test-0037,A,0,24,final_answer,clean_final,339
test-0037,A,1,24,final_answer,clean_final,416
test-0037,A,2,24,final_answer,clean_final,386
test-0038,A,0,1009,final_answer,clean_final,617
test-0038,A,1,1018081,final_answer,clean_final,760
test-0038,A,2,1,final_answer,clean_final,647
test-0039,A,0,30,final_answer,clean_final,172
test-0039,A,1,30,final_answer,clean_final,130
test-0039,A,2,30,final_answer,clean_final,105
test-0040,A,0,3249,final_answer,clean_final,1036
test-0040,A,1,3249,final_answer,clean_final,775
test-0040,A,2,3249,boxed,mid_cut,1022
test-0041,A,0,3,final_answer,clean_final,152
test-0041,A,1,3,final_answer,clean_final,55
test-0041,A,2,3,final_answer,clean_final,124
test-0042,A,0,51,final_answer,clean_final,340
test-0042,A,1,51,final_answer,clean_final,447
test-0042,A,2,51,final_answer,clean_final,376
test-0043,A,0,14,final_answer,clean_final,365
test-0043,A,1,14,final_answer,clean_final,366
test-0043,A,2,14,final_answer,clean_final,283
test-0044,A,0,9,final_answer,clean_final,218
test-0044,A,1,9,final_answer,clean_final,222
test-0044,A,2,9,final_answer,clean_final,220
test-0045,A,0,90,final_answer,clean_final,526
test-0045,A,1,105,final_answer,clean_final,479
test-0045,A,2,90,final_answer,clean_final,457
test-0046,A,0,1320,final_answer,clean_final,524
test-0046,A,1,105,final_answer,clean_final,539
test-0046,A,2,42,final_answer,clean_final,424
test-0047,A,0,60,final_answer,clean_final,265
test-0047,A,1,60,final_answer,clean_final,259
test-0047,A,2,60,final_answer,clean_final,319
test-0048,A,0,25,final_answer,clean_final,239
test-0048,A,1,25,final_answer,clean_final,392
test-0048,A,2,25,final_answer,clean_final,291
test-0049,A,0,242,final_answer,clean_final,948
test-0049,A,1,380,final_answer,clean_final,826
test-0049,A,2,150,final_answer,clean_final,1024
test-0050,A,0,495.0,final_answer,clean_final,415
test-0050,A,1,95.0,final_answer,clean_final,498
test-0050,A,2,10296.0,final_answer,clean_final,680
test-0051,A,0,4650.0,final_answer,clean_final,388
test-0051,A,1,4650.0,final_answer,clean_final,392
test-0051,A,2,2325.0,final_answer,clean_final,333
test-0052,A,0,13.0,last_number,mid_cut,1536
test-0052,A,1,15.0,last_number,ends_digit,1536
test-0052,A,2,3.0,last_number,mid_cut,1536
test-0053,A,0,2.0,final_answer,clean_final,430
test-0053,A,1,2.0,final_answer,clean_final,301
test-0053,A,2,4.0,boxed,mid_cut,492
test-0054,A,0,8.0,final_answer,clean_final,204
test-0054,A,1,8.0,final_answer,clean_final,304
test-0054,A,2,8.0,final_answer,clean_final,257
test-0055,A,0,262.0,final_answer,clean_final,520
test-0055,A,1,262.0,final_answer,clean_final,544
test-0055,A,2,262.0,final_answer,clean_final,721
test-0056,A,0,756.0,final_answer,clean_final,366
test-0056,A,1,756.0,final_answer,clean_final,274
test-0056,A,2,0.0,final_answer,clean_final,432
test-0057,A,0,,fail,sentence_end,1146
test-0057,A,1,0.0,final_answer,clean_final,649
test-0057,A,2,1.0,final_answer,clean_final,1038
test-0058,A,0,15.0,final_answer,clean_final,209
test-0058,A,1,15.0,final_answer,clean_final,120
test-0058,A,2,15.0,final_answer,clean_final,198
test-0059,A,0,3.0,final_answer,clean_final,738
test-0059,A,1,91.0,final_answer,clean_final,614
test-0059,A,2,3.0,final_answer,clean_final,687
test-0060,A,0,38.0,final_answer,clean_final,538
test-0060,A,1,65.0,final_answer,clean_final,374
test-0060,A,2,55.0,final_answer,clean_final,350
test-0061,A,0,1563.0,final_answer,clean_final,267
test-0061,A,1,1563.0,final_answer,clean_final,235
test-0061,A,2,1563.0,final_answer,clean_final,227
test-0062,A,0,256.0,final_answer,clean_final,1365
test-0062,A,1,2916.0,final_answer,clean_final,1415
test-0062,A,2,8.0,final_answer,clean_final,1352
test-0063,A,0,190.0,boxed,mid_cut,1206
test-0063,A,1,0.0,final_answer,clean_final,1522
test-0063,A,2,144.0,final_answer,clean_final,992
test-0064,A,0,104.0,final_answer,clean_final,203
test-0064,A,1,104.0,final_answer,clean_final,167
test-0064,A,2,104.0,final_answer,clean_final,241
test-0065,A,0,20.0,final_answer,clean_final,396
test-0065,A,1,5.0,final_answer,clean_final,631
test-0065,A,2,9.0,final_answer,clean_final,234
test-0066,A,0,21.0,final_answer,clean_final,167
test-0066,A,1,21.0,final_answer,clean_final,136
test-0066,A,2,21.0,final_answer,clean_final,218
test-0067,A,0,546.0,final_answer,clean_final,211
test-0067,A,1,546.0,final_answer,clean_final,193
test-0067,A,2,546.0,final_answer,clean_final,151
test-0068,A,0,50.0,final_answer,clean_final,383
test-0068,A,1,50.0,final_answer,clean_final,268
test-0068,A,2,50.0,final_answer,clean_final,327
test-0069,A,0,270.0,final_answer,clean_final,228
test-0069,A,1,270.0,final_answer,clean_final,266
test-0069,A,2,270.0,final_answer,clean_final,300
test-0070,A,0,600.0,final_answer,clean_final,251
test-0070,A,1,600.0,final_answer,clean_final,274
test-0070,A,2,600.0,final_answer,clean_final,233
test-0071,A,0,5.0,final_answer,clean_final,118
test-0071,A,1,5.0,final_answer,clean_final,159
test-0071,A,2,5.0,final_answer,clean_final,177
test-0072,A,0,4020.0,final_answer,clean_final,713
test-0072,A,1,21145.0,boxed,sentence_end,1265
test-0072,A,2,2010.0,final_answer,clean_final,396
test-0073,A,0,284.0,final_answer,clean_final,1036
test-0073,A,1,284.0,final_answer,clean_final,604
test-0073,A,2,250.0,final_answer,clean_final,739
test-0074,A,0,10.0,final_answer,clean_final,280
test-0074,A,1,10.0,final_answer,clean_final,198
test-0074,A,2,10.0,final_answer,clean_final,193
test-0075,A,0,7.0,boxed,mid_cut,1398
test-0075,A,1,15.0,final_answer,clean_final,1155
test-0075,A,2,9.0,final_answer,clean_final,1029
test-0076,A,0,-2.0,final_answer,clean_final,880
test-0076,A,1,4.0,final_answer,clean_final,949
test-0076,A,2,4.0,final_answer,clean_final,760
test-0077,A,0,874.0,final_answer,clean_final,238
test-0077,A,1,874.0,final_answer,clean_final,304
test-0077,A,2,874.0,answer_is,ends_digit,344
test-0078,A,0,16.0,final_answer,clean_final,673
test-0078,A,1,256.0,boxed,sentence_end,623
test-0078,A,2,241.0,final_answer,clean_final,501
test-0079,A,0,1120.0,final_answer,clean_final,1286
test-0079,A,1,1068.0,final_answer,clean_final,753
test-0079,A,2,73634.0,answer_is,mid_cut,1292
test-0080,A,0,5.0,boxed,mid_cut,489
test-0080,A,1,5.0,final_answer,clean_final,519
test-0080,A,2,41.0,final_answer,clean_final,597
test-0081,A,0,66.0,final_answer,clean_final,1462
test-0081,A,1,600.0,final_answer,clean_final,1089
test-0081,A,2,8940.0,last_number,mid_cut,1536
test-0082,A,0,1075.0,final_answer,clean_final,185
test-0082,A,1,1075.0,final_answer,clean_final,251
test-0082,A,2,1075.0,final_answer,clean_final,247
test-0083,A,0,12.0,boxed,mid_cut,714
test-0083,A,1,8.0,final_answer,clean_final,688
test-0083,A,2,6.0,boxed,sentence_end,908
test-0084,A,0,1800.0,final_answer,clean_final,462
test-0084,A,1,1800.0,final_answer,clean_final,494
test-0084,A,2,1800.0,final_answer,clean_final,427
test-0085,A,0,683.0,answer_is,mid_cut,745
test-0085,A,1,870.0,final_answer,clean_final,482
test-0085,A,2,242.0,final_answer,clean_final,655
test-0086,A,0,20.0,final_answer,clean_final,333
test-0086,A,1,0.0,final_answer,clean_final,229
test-0086,A,2,0.0,final_answer,clean_final,173
test-0087,A,0,-24.0,final_answer,clean_final,452
test-0087,A,1,-24.0,final_answer,clean_final,471
test-0087,A,2,-24.0,final_answer,clean_final,546
test-0088,A,0,1060.0,boxed,sentence_end,767
test-0088,A,1,800.0,final_answer,clean_final,503
test-0088,A,2,990.0,final_answer,clean_final,606
test-0089,A,0,7.0,final_answer,clean_final,177
test-0089,A,1,7.0,final_answer,clean_final,107
test-0089,A,2,7.0,final_answer,clean_final,86
test-0090,A,0,75.0,final_answer,clean_final,231
test-0090,A,1,75.0,final_answer,clean_final,312
test-0090,A,2,75.0,final_answer,clean_final,307
test-0091,A,0,700.0,final_answer,clean_final,249
test-0091,A,1,700.0,final_answer,clean_final,266
test-0091,A,2,700.0,final_answer,clean_final,212
test-0092,A,0,50.0,final_answer,clean_final,236
test-0092,A,1,50.0,final_answer,clean_final,266
test-0092,A,2,50.0,final_answer,clean_final,188
test-0093,A,0,32.0,final_answer,clean_final,289
test-0093,A,1,32.0,final_answer,clean_final,299
test-0093,A,2,32.0,final_answer,clean_final,328
test-0094,A,0,140.0,final_answer,clean_final,155
test-0094,A,1,140.0,final_answer,clean_final,201
test-0094,A,2,140.0,final_answer,clean_final,191
test-0095,A,0,3.0,final_answer,clean_final,676
test-0095,A,1,5.0,final_answer,clean_final,533
test-0095,A,2,400.0,answer_is,mid_cut,1007
test-0096,A,0,44.0,final_answer,clean_final,802
test-0096,A,1,21.0,final_answer,clean_final,749
test-0096,A,2,70.0,final_answer,clean_final,843
test-0097,A,0,6.0,final_answer,clean_final,681
test-0097,A,1,6.0,final_answer,clean_final,702
test-0097,A,2,6.0,final_answer,clean_final,584
test-0098,A,0,85.0,final_answer,clean_final,588
test-0098,A,1,85.0,answer_is,mid_cut,751
test-0098,A,2,85.0,final_answer,clean_final,624
test-0099,A,0,8.0,final_answer,clean_final,302
test-0099,A,1,8.0,final_answer,clean_final,384
test-0099,A,2,8.0,final_answer,clean_final,375
test-0100,A,0,250.0,final_answer,clean_final,194
test-0100,A,1,250.0,final_answer,clean_final,206
test-0100,A,2,250.0,final_answer,clean_final,205
test-0101,A,0,24.0,final_answer,clean_final,226
test-0101,A,1,24.0,final_answer,clean_final,189
test-0101,A,2,24.0,final_answer,clean_final,224
test-0102,A,0,8.0,final_answer,clean_final,254
test-0102,A,1,8.0,final_answer,clean_final,287
test-0102,A,2,8.0,final_answer,clean_final,292
test-0103,A,0,4020.0,final_answer,clean_final,486
test-0103,A,1,6060.0,final_answer,clean_final,442
test-0103,A,2,12241200.0,final_answer,clean_final,742
test-0104,A,0,108.0,final_answer,clean_final,261
test-0104,A,1,108.0,final_answer,clean_final,339
test-0104,A,2,108.0,final_answer,clean_final,274
test-0105,A,0,46.0,final_answer,clean_final,120
test-0105,A,1,56.0,final_answer,clean_final,186
test-0105,A,2,46.0,final_answer,clean_final,131
test-0106,A,0,20.0,final_answer,clean_final,546
test-0106,A,1,110.0,final_answer,clean_final,821
test-0106,A,2,20.0,final_answer,clean_final,470
test-0107,A,0,101.0,boxed,mid_cut,855
test-0107,A,1,14.0,final_answer,clean_final,833
test-0107,A,2,6.0,boxed,sentence_end,1118
test-0108,A,0,24.0,final_answer,clean_final,117
test-0108,A,1,24.0,final_answer,clean_final,122
test-0108,A,2,24.0,final_answer,clean_final,162
test-0109,A,0,1008.0,boxed,mid_cut,980
test-0109,A,1,,fail,mid_cut,737
test-0109,A,2,3.0,last_number,mid_cut,1007
test-0110,A,0,120.0,final_answer,clean_final,120
test-0110,A,1,120.0,final_answer,clean_final,117
test-0110,A,2,120.0,final_answer,clean_final,84
test-0111,A,0,33.0,final_answer,clean_final,193
test-0111,A,1,33.0,final_answer,clean_final,131
test-0111,A,2,33.0,final_answer,clean_final,125
test-0112,A,0,77.0,final_answer,clean_final,368
test-0112,A,1,77.0,final_answer,clean_final,350
test-0112,A,2,77.0,final_answer,clean_final,368
test-0113,A,0,150.0,final_answer,clean_final,161
test-0113,A,1,150.0,final_answer,clean_final,187
test-0113,A,2,150.0,final_answer,clean_final,199
test-0114,A,0,3.0,answer_is,mid_cut,260
test-0114,A,1,3.0,final_answer,clean_final,268
test-0114,A,2,3.0,boxed,mid_cut,798
test-0115,A,0,3.0,final_answer,clean_final,197
test-0115,A,1,3.0,final_answer,clean_final,179
test-0115,A,2,3.0,final_answer,clean_final,118
test-0116,A,0,6.0,final_answer,clean_final,429
test-0116,A,1,9.0,final_answer,clean_final,610
test-0116,A,2,8.0,final_answer,clean_final,520
test-0117,A,0,145.0,final_answer,clean_final,196
test-0117,A,1,145.0,final_answer,clean_final,204
test-0117,A,2,145.0,final_answer,clean_final,182
test-0118,A,0,4160.0,final_answer,clean_final,183
test-0118,A,1,4160.0,final_answer,clean_final,261
test-0118,A,2,4160.0,final_answer,clean_final,254
test-0119,A,0,7.0,final_answer,clean_final,380
test-0119,A,1,7.0,final_answer,clean_final,298
test-0119,A,2,7.0,final_answer,clean_final,444
test-0120,A,0,1238.0,boxed,mid_cut,1141
test-0120,A,1,98.0,final_answer,clean_final,1072
test-0120,A,2,12.0,last_number,mid_cut,1536
test-0121,A,0,2016.0,final_answer,clean_final,199
test-0121,A,1,2016.0,final_answer,clean_final,732
test-0121,A,2,1996.0,final_answer,clean_final,173
test-0122,A,0,7.0,final_answer,clean_final,151
test-0122,A,1,7.0,final_answer,clean_final,160
test-0122,A,2,7.0,final_answer,clean_final,152
test-0123,A,0,216.0,final_answer,clean_final,251
test-0123,A,1,64.0,final_answer,clean_final,469
test-0123,A,2,192.0,final_answer,clean_final,654
test-0124,A,0,360.0,final_answer,clean_final,425
test-0124,A,1,360.0,final_answer,clean_final,375
test-0124,A,2,360.0,final_answer,clean_final,365
test-0125,A,0,3.0,final_answer,clean_final,471
test-0125,A,1,3.0,final_answer,clean_final,398
test-0125,A,2,3.0,final_answer,clean_final,576
test-0126,A,0,1081.0,final_answer,clean_final,405
test-0126,A,1,666.0,final_answer,clean_final,444
test-0126,A,2,666.0,final_answer,clean_final,316
test-0127,A,0,7.0,final_answer,clean_final,450
test-0127,A,1,30.0,final_answer,clean_final,507
test-0127,A,2,11.0,final_answer,clean_final,686
test-0128,A,0,1998.0,final_answer,clean_final,401
test-0128,A,1,1999.0,final_answer,clean_final,489
test-0128,A,2,1999.0,final_answer,clean_final,650
test-0129,A,0,15.0,final_answer,clean_final,157
test-0129,A,1,15.0,final_answer,clean_final,209
test-0129,A,2,15.0,final_answer,clean_final,271
test-0130,A,0,62.0,final_answer,clean_final,1054
test-0130,A,1,72.0,final_answer,clean_final,1081
test-0130,A,2,62.0,final_answer,clean_final,871
test-0131,A,0,312.0,final_answer,clean_final,1484
test-0131,A,1,35.0,boxed,sentence_end,856
test-0131,A,2,55.0,final_answer,clean_final,1051
test-0132,A,0,9.0,final_answer,clean_final,147
test-0132,A,1,90.0,final_answer,clean_final,286
test-0132,A,2,90.0,final_answer,clean_final,203
test-0133,A,0,600.0,final_answer,clean_final,823
test-0133,A,1,1225.0,boxed,mid_cut,1000
test-0133,A,2,1437500.0,final_answer,clean_final,760
test-0134,A,0,275.0,final_answer,clean_final,143
test-0134,A,1,276.0,final_answer,clean_final,129
test-0134,A,2,275.0,final_answer,clean_final,123
test-0135,A,0,24.0,final_answer,clean_final,365
test-0135,A,1,90.0,final_answer,clean_final,349
test-0135,A,2,0.0,final_answer,clean_final,357
test-0136,A,0,8640.0,final_answer,clean_final,303
test-0136,A,1,11232.0,final_answer,clean_final,482
test-0136,A,2,11232.0,final_answer,clean_final,429
test-0137,A,0,35.0,final_answer,clean_final,362
test-0137,A,1,51.0,final_answer,clean_final,844
test-0137,A,2,35.0,final_answer,clean_final,356
test-0138,A,0,2.0,final_answer,clean_final,343
test-0138,A,1,2.0,final_answer,clean_final,367
test-0138,A,2,2.0,final_answer,clean_final,352
test-0139,A,0,106000.0,final_answer,clean_final,364
test-0139,A,1,106000.0,final_answer,clean_final,494
test-0139,A,2,106000.0,final_answer,clean_final,277
test-0140,A,0,2.0,final_answer,clean_final,214
test-0140,A,1,2.0,final_answer,clean_final,192
test-0140,A,2,2.0,final_answer,clean_final,239
test-0141,A,0,500.0,final_answer,clean_final,185
test-0141,A,1,500.0,final_answer,clean_final,237
test-0141,A,2,500.0,final_answer,clean_final,244
test-0142,A,0,6.0,final_answer,clean_final,298
test-0142,A,1,5.0,final_answer,clean_final,372
test-0142,A,2,6.0,final_answer,clean_final,436
test-0143,A,0,56.0,boxed,mid_cut,847
test-0143,A,1,700.0,final_answer,clean_final,802
test-0143,A,2,700.0,final_answer,ends_digit,727
test-0144,A,0,30.0,final_answer,clean_final,249
test-0144,A,1,30.0,final_answer,clean_final,239
test-0144,A,2,30.0,final_answer,clean_final,235
test-0145,A,0,123.0,final_answer,clean_final,472
test-0145,A,1,123.0,final_answer,clean_final,458
test-0145,A,2,123.0,final_answer,clean_final,525
test-0146,A,0,900.0,final_answer,clean_final,382
test-0146,A,1,16.0,final_answer,clean_final,351
test-0146,A,2,90.0,final_answer,clean_final,266
test-0147,A,0,136.0,final_answer,clean_final,336
test-0147,A,1,136.0,final_answer,clean_final,282
test-0147,A,2,136.0,final_answer,clean_final,250
test-0148,A,0,2012.0,final_answer,clean_final,655
test-0148,A,1,0.0,final_answer,clean_final,934
test-0148,A,2,0.0,final_answer,clean_final,791
test-0149,A,0,130.0,final_answer,clean_final,193
test-0149,A,1,130.0,final_answer,clean_final,145
test-0149,A,2,130.0,final_answer,clean_final,197
test-0150,A,0,8.0,final_answer,clean_final,239
test-0150,A,1,8.0,final_answer,clean_final,169
test-0150,A,2,8.0,final_answer,clean_final,150
test-0151,A,0,11.0,boxed,sentence_end,884
test-0151,A,1,9.0,final_answer,clean_final,547
test-0151,A,2,10.0,final_answer,clean_final,1086
test-0152,A,0,20.0,final_answer,clean_final,289
test-0152,A,1,20.0,final_answer,clean_final,247
test-0152,A,2,20.0,final_answer,clean_final,299
test-0153,A,0,100.0,final_answer,clean_final,380
test-0153,A,1,80.0,final_answer,clean_final,341
test-0153,A,2,100.0,final_answer,clean_final,305
test-0154,A,0,135.0,final_answer,clean_final,279
test-0154,A,1,126.0,final_answer,clean_final,236
test-0154,A,2,141.0,final_answer,clean_final,303
test-0155,A,0,6.0,final_answer,clean_final,522
test-0155,A,1,45.0,last_number,mid_cut,1536
test-0155,A,2,5.0,final_answer,clean_final,1305
test-0156,A,0,121.0,final_answer,clean_final,155
test-0156,A,1,121.0,final_answer,clean_final,159
test-0156,A,2,121.0,final_answer,clean_final,157
test-0157,A,0,4980.0,final_answer,clean_final,383
test-0157,A,1,11.0,final_answer,clean_final,736
test-0157,A,2,3600.0,final_answer,clean_final,441
test-0158,A,0,22.0,final_answer,clean_final,802
test-0158,A,1,9.0,boxed,mid_cut,763
test-0158,A,2,22.0,final_answer,clean_final,851
test-0159,A,0,192.0,boxed,sentence_end,1292
test-0159,A,1,3.0,final_answer,clean_final,994
test-0159,A,2,192.0,final_answer,clean_final,1138
test-0160,A,0,648.0,final_answer,clean_final,655
test-0160,A,1,648.0,final_answer,clean_final,703
test-0160,A,2,648.0,final_answer,clean_final,610
test-0161,A,0,-4.0,final_answer,clean_final,554
test-0161,A,1,-4.0,final_answer,clean_final,552
test-0161,A,2,-4.0,final_answer,clean_final,405
test-0162,A,0,1023.0,final_answer,clean_final,793
test-0162,A,1,512.0,final_answer,clean_final,666
test-0162,A,2,96.0,final_answer,clean_final,755
test-0163,A,0,50.0,final_answer,clean_final,287
test-0163,A,1,50.0,final_answer,clean_final,150
test-0163,A,2,50.0,final_answer,clean_final,206
test-0164,A,0,2.0,final_answer,clean_final,365
test-0164,A,1,4.0,final_answer,clean_final,611
test-0164,A,2,2.0,final_answer,clean_final,342
test-0165,A,0,36.0,final_answer,clean_final,238
test-0165,A,1,36.0,final_answer,clean_final,190
test-0165,A,2,36.0,final_answer,clean_final,196
test-0166,A,0,12.0,final_answer,clean_final,1188
test-0166,A,1,18.0,answer_is,mid_cut,785
test-0166,A,2,32.0,final_answer,clean_final,1000
test-0167,A,0,34.0,final_answer,clean_final,365
test-0167,A,1,34.0,final_answer,clean_final,232
test-0167,A,2,34.0,final_answer,clean_final,269
test-0168,A,0,871.0,final_answer,clean_final,483
test-0168,A,1,900.0,final_answer,clean_final,391
test-0168,A,2,941.0,final_answer,clean_final,662
test-0169,A,0,7.0,final_answer,clean_final,464
test-0169,A,1,3.0,final_answer,clean_final,1018
test-0169,A,2,5.0,final_answer,clean_final,916
test-0170,A,0,1.0,final_answer,clean_final,322
test-0170,A,1,1.0,final_answer,clean_final,274
test-0170,A,2,,fail,clean_final,314
test-0171,A,0,982.0,final_answer,clean_final,1083
test-0171,A,1,1008.0,final_answer,clean_final,982
test-0171,A,2,10.0,final_answer,clean_final,1024
test-0172,A,0,1006.0,final_answer,clean_final,521
test-0172,A,1,1006.0,boxed,mid_cut,649
test-0172,A,2,1007.0,final_answer,clean_final,528
test-0173,A,0,1010.0,final_answer,clean_final,429
test-0173,A,1,8080.0,final_answer,clean_final,577
test-0173,A,2,2024.0,final_answer,clean_final,595
test-0174,A,0,21.0,final_answer,clean_final,223
test-0174,A,1,21.0,final_answer,clean_final,183
test-0174,A,2,21.0,final_answer,clean_final,186
test-0175,A,0,1500.0,final_answer,clean_final,489
test-0175,A,1,1650.0,final_answer,clean_final,190
test-0175,A,2,2700.0,final_answer,clean_final,352
test-0176,A,0,8.0,final_answer,clean_final,132
test-0176,A,1,8.0,final_answer,clean_final,188
test-0176,A,2,8.0,final_answer,clean_final,237
test-0177,A,0,15.0,final_answer,clean_final,115
test-0177,A,1,15.0,final_answer,clean_final,107
test-0177,A,2,15.0,final_answer,clean_final,121
test-0178,A,0,8.0,final_answer,clean_final,495
test-0178,A,1,8.0,final_answer,clean_final,618
test-0178,A,2,13.0,final_answer,clean_final,747
test-0179,A,0,89.0,final_answer,clean_final,349
test-0179,A,1,12.0,final_answer,clean_final,600
test-0179,A,2,201.0,final_answer,clean_final,426
test-0180,A,0,27.0,boxed,sentence_end,991
test-0180,A,1,27.0,final_answer,clean_final,797
test-0180,A,2,27.0,boxed,sentence_end,645
test-0181,A,0,29.0,answer_is,mid_cut,1132
test-0181,A,1,29.0,final_answer,clean_final,864
test-0181,A,2,29.0,answer_is,mid_cut,922
test-0182,A,0,34.0,final_answer,clean_final,212
test-0182,A,1,34.0,final_answer,clean_final,230
test-0182,A,2,34.0,final_answer,clean_final,204
test-0183,A,0,60.0,final_answer,clean_final,125
test-0183,A,1,60.0,final_answer,clean_final,137
test-0183,A,2,60.0,final_answer,clean_final,153
test-0184,A,0,15150.0,final_answer,clean_final,365
test-0184,A,1,16610.0,final_answer,clean_final,889
test-0184,A,2,16665.0,final_answer,clean_final,640
test-0185,A,0,-3.0,final_answer,clean_final,243
test-0185,A,1,-3.0,final_answer,clean_final,232
test-0185,A,2,-3.0,final_answer,clean_final,263
test-0186,A,0,7.0,final_answer,clean_final,151
test-0186,A,1,2.0,final_answer,clean_final,254
test-0186,A,2,7.0,final_answer,clean_final,298
test-0187,A,0,10240.0,final_answer,clean_final,1014
test-0187,A,1,0.0,final_answer,clean_final,596
test-0187,A,2,497248.0,final_answer,clean_final,1357
test-0188,A,0,200.0,final_answer,clean_final,452
test-0188,A,1,200.0,final_answer,clean_final,597
test-0188,A,2,200.0,final_answer,clean_final,471
test-0189,A,0,42.0,final_answer,clean_final,305
test-0189,A,1,24.0,final_answer,clean_final,108
test-0189,A,2,30.0,final_answer,clean_final,341
test-0190,A,0,144.0,final_answer,clean_final,736
test-0190,A,1,144.0,final_answer,clean_final,805
test-0190,A,2,147.0,final_answer,clean_final,681
test-0191,A,0,15.0,boxed,sentence_end,474
test-0191,A,1,15.0,boxed,sentence_end,533
test-0191,A,2,24.0,final_answer,clean_final,524
test-0192,A,0,35.0,final_answer,clean_final,440
test-0192,A,1,42.0,final_answer,mid_cut,418
test-0192,A,2,35.0,final_answer,ends_digit,285
test-0193,A,0,60.0,final_answer,clean_final,942
test-0193,A,1,28.0,final_answer,clean_final,1391
test-0193,A,2,4.0,final_answer,clean_final,741
test-0194,A,0,140.0,final_answer,clean_final,216
test-0194,A,1,140.0,final_answer,clean_final,218
test-0194,A,2,140.0,final_answer,clean_final,279
test-0195,A,0,21.0,boxed,mid_cut,877
test-0195,A,1,18.0,boxed,mid_cut,719
test-0195,A,2,18.0,boxed,mid_cut,1205
test-0196,A,0,10.0,final_answer,clean_final,196
test-0196,A,1,10.0,final_answer,clean_final,168
test-0196,A,2,10.0,final_answer,clean_final,215
test-0197,A,0,55.0,final_answer,clean_final,273
test-0197,A,1,55.0,final_answer,clean_final,264
test-0197,A,2,55.0,final_answer,clean_final,279
test-0198,A,0,589.0,final_answer,clean_final,1421
test-0198,A,1,183.0,answer_is,ends_digit,1422
test-0198,A,2,239.0,final_answer,clean_final,1330
test-0199,A,0,108.0,final_answer,clean_final,435
test-0199,A,1,60.0,final_answer,clean_final,657
test-0199,A,2,60.0,final_answer,clean_final,961
test-0200,A,0,200,final_answer,clean_final,413
test-0200,A,1,100,final_answer,clean_final,403
test-0200,A,2,100,final_answer,clean_final,423
test-0201,A,0,33,final_answer,clean_final,219
test-0201,A,1,33,final_answer,clean_final,148
test-0201,A,2,33,final_answer,clean_final,141
test-0202,A,0,1040,final_answer,clean_final,318
test-0202,A,1,1040,final_answer,clean_final,238
test-0202,A,2,1040,final_answer,clean_final,215
test-0203,A,0,18,final_answer,clean_final,302
test-0203,A,1,1,final_answer,clean_final,476
test-0203,A,2,3,final_answer,clean_final,488
test-0204,A,0,7,final_answer,clean_final,1060
test-0204,A,1,7,boxed,mid_cut,524
test-0204,A,2,5,final_answer,clean_final,969
test-0205,A,0,0,final_answer,clean_final,1107
test-0205,A,1,243,last_number,ends_digit,1536
test-0205,A,2,2691,last_number,mid_cut,1536
test-0206,A,0,196,final_answer,clean_final,256
test-0206,A,1,196,final_answer,clean_final,233
test-0206,A,2,196,final_answer,clean_final,286
test-0207,A,0,7625597484987,final_answer,clean_final,78
test-0207,A,1,12000,final_answer,clean_final,381
test-0207,A,2,38903,final_answer,clean_final,91
test-0208,A,0,152,final_answer,clean_final,863
test-0208,A,1,642,boxed,sentence_end,1011
test-0208,A,2,408,boxed,mid_cut,1084
test-0209,A,0,163,final_answer,clean_final,260
test-0209,A,1,86,final_answer,clean_final,427
test-0209,A,2,163,final_answer,clean_final,260
test-0210,A,0,9,final_answer,clean_final,299
test-0210,A,1,9,final_answer,clean_final,349
test-0210,A,2,9,final_answer,clean_final,382
test-0211,A,0,0,final_answer,clean_final,291
test-0211,A,1,16,final_answer,clean_final,331
test-0211,A,2,32,final_answer,clean_final,248
test-0212,A,0,97,final_answer,clean_final,678
test-0212,A,1,4951,final_answer,clean_final,474
test-0212,A,2,4991,final_answer,clean_final,461
test-0213,A,0,1010,final_answer,clean_final,539
test-0213,A,1,1010,final_answer,clean_final,412
test-0213,A,2,1010,final_answer,clean_final,667
test-0214,A,0,2,final_answer,clean_final,574
test-0214,A,1,4,final_answer,clean_final,691
test-0214,A,2,9,final_answer,clean_final,477
test-0215,A,0,84,boxed,mid_cut,1059
test-0215,A,1,120,final_answer,clean_final,610
test-0215,A,2,60,final_answer,clean_final,761
test-0216,A,0,18,final_answer,clean_final,204
test-0216,A,1,18,final_answer,clean_final,191
test-0216,A,2,18,final_answer,clean_final,161
test-0217,A,0,123,final_answer,clean_final,1257
test-0217,A,1,123,final_answer,clean_final,867
test-0217,A,2,123,boxed,mid_cut,564
test-0218,A,0,252,final_answer,clean_final,583
test-0218,A,1,204,final_answer,clean_final,512
test-0218,A,2,204,final_answer,clean_final,709
test-0219,A,0,498,final_answer,clean_final,140
test-0219,A,1,498,final_answer,clean_final,72
test-0219,A,2,498,final_answer,clean_final,99
test-0220,A,0,2,final_answer,clean_final,269
test-0220,A,1,2,final_answer,clean_final,315
test-0220,A,2,2,final_answer,clean_final,273
test-0221,A,0,400,final_answer,clean_final,557
test-0221,A,1,400,boxed,mid_cut,685
test-0221,A,2,400,final_answer,clean_final,589
test-0222,A,0,17,final_answer,clean_final,956
test-0222,A,1,8,boxed,mid_cut,978
test-0222,A,2,34,answer_is,mid_cut,772
test-0223,A,0,999,last_number,mid_cut,1536
test-0223,A,1,463,final_answer,clean_final,473
test-0223,A,2,993,final_answer,clean_final,934
test-0224,A,0,262,final_answer,clean_final,176
test-0224,A,1,262,final_answer,clean_final,179
test-0224,A,2,262,final_answer,clean_final,174
test-0225,A,0,52,final_answer,clean_final,1035
test-0225,A,1,6,final_answer,clean_final,958
test-0225,A,2,-1,final_answer,clean_final,691
test-0226,A,0,8,final_answer,clean_final,608
test-0226,A,1,6,final_answer,clean_final,437
test-0226,A,2,4,final_answer,clean_final,307
test-0227,A,0,694,final_answer,clean_final,224
test-0227,A,1,694,final_answer,clean_final,177
test-0227,A,2,694,final_answer,clean_final,238
test-0228,A,0,151,final_answer,clean_final,1163
test-0228,A,1,192,boxed,mid_cut,809
test-0228,A,2,13,final_answer,clean_final,1151
test-0229,A,0,15,final_answer,clean_final,196
test-0229,A,1,15,final_answer,clean_final,266
test-0229,A,2,15,final_answer,clean_final,193
test-0230,A,0,18,boxed,sentence_end,494
test-0230,A,1,18,final_answer,clean_final,192
test-0230,A,2,18,final_answer,clean_final,158
test-0231,A,0,305,final_answer,clean_final,225
test-0231,A,1,305,final_answer,clean_final,173
test-0231,A,2,305,final_answer,clean_final,236
test-0232,A,0,15,final_answer,clean_final,305
test-0232,A,1,15,final_answer,clean_final,222
test-0232,A,2,15,final_answer,clean_final,261
test-0233,A,0,11,final_answer,clean_final,611
test-0233,A,1,171,final_answer,clean_final,573
test-0233,A,2,21,final_answer,clean_final,452
test-0234,A,0,252,boxed,mid_cut,961
test-0234,A,1,728,boxed,mid_cut,840
test-0234,A,2,255,boxed,mid_cut,1476
test-0235,A,0,14,final_answer,clean_final,140
test-0235,A,1,14,final_answer,clean_final,131
test-0235,A,2,14,final_answer,clean_final,144
test-0236,A,0,1000,last_number,mid_cut,833
test-0236,A,1,376,final_answer,clean_final,1008
test-0236,A,2,114,last_number,ends_digit,1536
test-0237,A,0,231,final_answer,clean_final,775
test-0237,A,1,11,boxed,sentence_end,1002
test-0237,A,2,231,final_answer,clean_final,608
test-0238,A,0,5,final_answer,clean_final,752
test-0238,A,1,3,last_number,mid_cut,565
test-0238,A,2,2,final_answer,clean_final,790
test-0239,A,0,195,final_answer,clean_final,221
test-0239,A,1,195,final_answer,clean_final,102
test-0239,A,2,195,final_answer,clean_final,252
test-0240,A,0,3,final_answer,clean_final,339
test-0240,A,1,3,final_answer,clean_final,425
test-0240,A,2,3,final_answer,clean_final,371
test-0241,A,0,3,final_answer,clean_final,272
test-0241,A,1,3,final_answer,clean_final,278
test-0241,A,2,3,final_answer,clean_final,284
test-0242,A,0,1050,final_answer,clean_final,212
test-0242,A,1,1050,final_answer,clean_final,188
test-0242,A,2,1050,final_answer,clean_final,188
test-0243,A,0,17,final_answer,clean_final,357
test-0243,A,1,17,final_answer,clean_final,486
test-0243,A,2,17,final_answer,clean_final,406
test-0244,A,0,42,final_answer,clean_final,302
test-0244,A,1,42,final_answer,clean_final,243
test-0244,A,2,42,final_answer,clean_final,243
test-0245,A,0,57,final_answer,clean_final,284
test-0245,A,1,57,final_answer,clean_final,210
test-0245,A,2,57,final_answer,clean_final,176
test-0246,A,0,9,final_answer,clean_final,231
test-0246,A,1,9,final_answer,clean_final,317
test-0246,A,2,9,final_answer,clean_final,378
test-0247,A,0,31,final_answer,clean_final,1187
test-0247,A,1,31,final_answer,clean_final,456
test-0247,A,2,31,final_answer,clean_final,453
test-0248,A,0,50,final_answer,clean_final,1209
test-0248,A,1,10,final_answer,clean_final,1098
test-0248,A,2,35,final_answer,clean_final,1224
test-0249,A,0,1512,final_answer,clean_final,216
test-0249,A,1,1260,final_answer,clean_final,236
test-0249,A,2,1260,final_answer,clean_final,281
test-0250,A,0,39.0,final_answer,clean_final,767
test-0250,A,1,252.0,final_answer,clean_final,613
test-0250,A,2,232.0,final_answer,clean_final,664
test-0251,A,0,265.0,final_answer,clean_final,795
test-0251,A,1,247.0,final_answer,clean_final,657
test-0251,A,2,166.0,final_answer,clean_final,979
test-0252,A,0,10.0,final_answer,clean_final,862
test-0252,A,1,4.0,final_answer,clean_final,586
test-0252,A,2,7.0,final_answer,clean_final,800
test-0253,A,0,24.0,final_answer,clean_final,628
test-0253,A,1,6.0,final_answer,clean_final,620
test-0253,A,2,3.0,final_answer,clean_final,710
test-0254,A,0,2340.0,final_answer,clean_final,1508
test-0254,A,1,9599.0,final_answer,clean_final,1100
test-0254,A,2,264.0,final_answer,clean_final,1493
test-0255,A,0,17.0,final_answer,clean_final,198
test-0255,A,1,17.0,final_answer,clean_final,178
test-0255,A,2,17.0,final_answer,clean_final,259
test-0256,A,0,15.0,final_answer,clean_final,297
test-0256,A,1,15.0,final_answer,clean_final,255
test-0256,A,2,15.0,final_answer,clean_final,349
test-0257,A,0,128.0,final_answer,clean_final,378
test-0257,A,1,128.0,final_answer,clean_final,326
test-0257,A,2,128.0,final_answer,clean_final,337
test-0258,A,0,75.0,final_answer,clean_final,263
test-0258,A,1,75.0,final_answer,clean_final,252
test-0258,A,2,75.0,final_answer,clean_final,170
test-0259,A,0,80.0,final_answer,clean_final,199
test-0259,A,1,80.0,final_answer,clean_final,230
test-0259,A,2,80.0,final_answer,clean_final,193
test-0260,A,0,9.0,final_answer,clean_final,667
test-0260,A,1,7.0,final_answer,clean_final,930
test-0260,A,2,5.0,boxed,mid_cut,696
test-0261,A,0,75.0,final_answer,clean_final,707
test-0261,A,1,10.0,final_answer,clean_final,751
test-0261,A,2,5.0,final_answer,clean_final,994
test-0262,A,0,4.0,answer_is,mid_cut,412
test-0262,A,1,4.0,final_answer,clean_final,360
test-0262,A,2,4.0,final_answer,clean_final,374
test-0263,A,0,99.0,final_answer,clean_final,673
test-0263,A,1,259.0,final_answer,clean_final,663
test-0263,A,2,3.0,final_answer,clean_final,773
test-0264,A,0,17.0,final_answer,clean_final,330
test-0264,A,1,17.0,final_answer,clean_final,153
test-0264,A,2,17.0,final_answer,clean_final,225
test-0265,A,0,1.0,final_answer,clean_final,1024
test-0265,A,1,15.0,final_answer,clean_final,1008
test-0265,A,2,25.0,final_answer,clean_final,1260
test-0266,A,0,966.0,final_answer,clean_final,1153
test-0266,A,1,157.0,boxed,sentence_end,1234
test-0266,A,2,209.0,boxed,mid_cut,675
test-0267,A,0,20.0,final_answer,clean_final,1019
test-0267,A,1,12.0,final_answer,clean_final,777
test-0267,A,2,8.0,final_answer,clean_final,835
test-0268,A,0,9.0,final_answer,clean_final,812
test-0268,A,1,13.0,final_answer,clean_final,530
test-0268,A,2,14.0,final_answer,clean_final,638
test-0269,A,0,3.0,final_answer,clean_final,203
test-0269,A,1,3.0,final_answer,clean_final,196
test-0269,A,2,3.0,final_answer,clean_final,211
test-0270,A,0,17.0,final_answer,clean_final,312
test-0270,A,1,17.0,final_answer,clean_final,314
test-0270,A,2,17.0,final_answer,clean_final,285
test-0271,A,0,1170.0,final_answer,clean_final,276
test-0271,A,1,1170.0,final_answer,clean_final,400
test-0271,A,2,1170.0,final_answer,clean_final,375
test-0272,A,0,200.0,final_answer,clean_final,217
test-0272,A,1,200.0,final_answer,clean_final,224
test-0272,A,2,200.0,final_answer,clean_final,210
test-0273,A,0,101.0,boxed,mid_cut,1146
test-0273,A,1,13.0,final_answer,mid_cut,1061
test-0273,A,2,803.0,answer_is,ends_digit,1110
test-0274,A,0,7207200.0,final_answer,clean_final,868
test-0274,A,1,20512800.0,final_answer,clean_final,790
test-0274,A,2,250250.0,final_answer,clean_final,662
test-0275,A,0,29.0,final_answer,clean_final,215
test-0275,A,1,29.0,final_answer,clean_final,205
test-0275,A,2,29.0,final_answer,clean_final,189
test-0276,A,0,60.0,final_answer,clean_final,112
test-0276,A,1,60.0,final_answer,clean_final,110
test-0276,A,2,60.0,final_answer,clean_final,182
test-0277,A,0,148.0,final_answer,clean_final,265
test-0277,A,1,148.0,final_answer,clean_final,256
test-0277,A,2,148.0,final_answer,clean_final,222
test-0278,A,0,8.0,final_answer,clean_final,372
test-0278,A,1,8.0,final_answer,clean_final,300
test-0278,A,2,8.0,final_answer,clean_final,522
test-0279,A,0,10.0,final_answer,clean_final,335
test-0279,A,1,10.0,final_answer,clean_final,308
test-0279,A,2,10.0,final_answer,clean_final,264
test-0280,A,0,8320.0,final_answer,mid_cut,744
test-0280,A,1,,fail,mid_cut,1536
test-0280,A,2,58.0,boxed,mid_cut,576
test-0281,A,0,24.0,final_answer,clean_final,1216
test-0281,A,1,150.0,final_answer,clean_final,840
test-0281,A,2,40.0,final_answer,clean_final,1157
test-0282,A,0,35.0,final_answer,clean_final,174
test-0282,A,1,35.0,final_answer,clean_final,184
test-0282,A,2,35.0,final_answer,clean_final,194
test-0283,A,0,1400.0,final_answer,clean_final,249
test-0283,A,1,1400.0,final_answer,clean_final,283
test-0283,A,2,1400.0,final_answer,clean_final,277
test-0284,A,0,45.0,final_answer,clean_final,255
test-0284,A,1,45.0,final_answer,clean_final,201
test-0284,A,2,45.0,final_answer,clean_final,318
test-0285,A,0,42.0,final_answer,clean_final,1247
test-0285,A,1,146.0,final_answer,clean_final,1312
test-0285,A,2,226.0,boxed,sentence_end,1420
test-0286,A,0,260.0,final_answer,clean_final,202
test-0286,A,1,260.0,final_answer,clean_final,177
test-0286,A,2,260.0,final_answer,clean_final,224
test-0287,A,0,50.0,final_answer,clean_final,270
test-0287,A,1,50.0,final_answer,clean_final,323
test-0287,A,2,50.0,final_answer,clean_final,263
test-0288,A,0,250.0,final_answer,clean_final,169
test-0288,A,1,250.0,final_answer,clean_final,212
test-0288,A,2,250.0,final_answer,clean_final,205
test-0289,A,0,11.0,final_answer,clean_final,1162
test-0289,A,1,91.0,final_answer,clean_final,1148
test-0289,A,2,41.0,final_answer,clean_final,1068
test-0290,A,0,3.0,final_answer,clean_final,495
test-0290,A,1,3.0,final_answer,clean_final,322
test-0290,A,2,4.0,final_answer,clean_final,332
test-0291,A,0,14.0,final_answer,clean_final,1107
test-0291,A,1,18.0,last_number,mid_cut,1536
test-0291,A,2,14.0,final_answer,clean_final,920
test-0292,A,0,13500.0,final_answer,clean_final,241
test-0292,A,1,13500.0,final_answer,clean_final,199
test-0292,A,2,13500.0,final_answer,clean_final,151
test-0293,A,0,50.0,final_answer,clean_final,327
test-0293,A,1,50.0,final_answer,clean_final,245
test-0293,A,2,50.0,final_answer,clean_final,190
test-0294,A,0,4.0,final_answer,clean_final,445
test-0294,A,1,8.0,final_answer,clean_final,438
test-0294,A,2,4.0,boxed,sentence_end,569
test-0295,A,0,108.0,final_answer,clean_final,378
test-0295,A,1,108.0,final_answer,clean_final,273
test-0295,A,2,108.0,final_answer,clean_final,265
test-0296,A,0,3.0,final_answer,clean_final,268
test-0296,A,1,3.0,final_answer,clean_final,241
test-0296,A,2,3.0,final_answer,clean_final,333
test-0297,A,0,80.0,final_answer,clean_final,293
test-0297,A,1,80.0,final_answer,clean_final,258
test-0297,A,2,80.0,final_answer,clean_final,412
test-0298,A,0,30.0,final_answer,clean_final,614
test-0298,A,1,,fail,clean_final,576
test-0298,A,2,30.0,final_answer,clean_final,1154
test-0299,A,0,13.0,final_answer,clean_final,559
test-0299,A,1,1.0,last_number,ends_digit,1536
test-0299,A,2,7.0,final_answer,clean_final,1032
test-0300,A,0,-120,final_answer,clean_final,1295
test-0300,A,1,-292,boxed,sentence_end,1301
test-0300,A,2,990,final_answer,clean_final,605
test-0301,A,0,4,final_answer,clean_final,199
test-0301,A,1,17,final_answer,clean_final,526
test-0301,A,2,17,final_answer,clean_final,272
test-0302,A,0,8,last_number,mid_cut,1536
test-0302,A,1,63,final_answer,clean_final,1026
test-0302,A,2,370,boxed,mid_cut,1451
test-0303,A,0,325,final_answer,clean_final,1131
test-0303,A,1,16,final_answer,clean_final,1287
test-0303,A,2,2,last_number,mid_cut,1536
test-0304,A,0,7,final_answer,clean_final,325
test-0304,A,1,7,final_answer,clean_final,371
test-0304,A,2,7,final_answer,clean_final,332
test-0305,A,0,2549,final_answer,clean_final,1137
test-0305,A,1,505,last_number,mid_cut,1536
test-0305,A,2,154,boxed,mid_cut,1094
test-0306,A,0,880,final_answer,clean_final,402
test-0306,A,1,880,final_answer,clean_final,314
test-0306,A,2,880,final_answer,clean_final,330
test-0307,A,0,18,final_answer,clean_final,382
test-0307,A,1,18,final_answer,clean_final,505
test-0307,A,2,18,final_answer,clean_final,455
test-0308,A,0,60,final_answer,clean_final,827
test-0308,A,1,100,final_answer,clean_final,556
test-0308,A,2,100,final_answer,clean_final,425
test-0309,A,0,39,final_answer,clean_final,306
test-0309,A,1,39,final_answer,clean_final,476
test-0309,A,2,39,final_answer,clean_final,478
test-0310,A,0,6,final_answer,clean_final,600
test-0310,A,1,0,final_answer,clean_final,529
test-0310,A,2,8,final_answer,clean_final,812
test-0311,A,0,71880,final_answer,clean_final,547
test-0311,A,1,19682,final_answer,clean_final,1273
test-0311,A,2,6561,final_answer,clean_final,756
test-0312,A,0,44,final_answer,clean_final,508
test-0312,A,1,44,final_answer,clean_final,543
test-0312,A,2,44,final_answer,clean_final,433
test-0313,A,0,658222,final_answer,clean_final,361
test-0313,A,1,658802,final_answer,clean_final,248
test-0313,A,2,655082,final_answer,clean_final,287
test-0314,A,0,12,final_answer,clean_final,895
test-0314,A,1,10,boxed,sentence_end,466
test-0314,A,2,6,final_answer,clean_final,834
test-0315,A,0,10,final_answer,clean_final,233
test-0315,A,1,10,final_answer,clean_final,291
test-0315,A,2,10,final_answer,clean_final,258
test-0316,A,0,108,final_answer,clean_final,215
test-0316,A,1,108,final_answer,clean_final,234
test-0316,A,2,108,final_answer,clean_final,281
test-0317,A,0,10,final_answer,clean_final,226
test-0317,A,1,10,final_answer,clean_final,179
test-0317,A,2,10,final_answer,clean_final,249
test-0318,A,0,24,final_answer,clean_final,437
test-0318,A,1,24,final_answer,clean_final,690
test-0318,A,2,24,final_answer,clean_final,403
test-0319,A,0,203,final_answer,clean_final,393
test-0319,A,1,203,final_answer,clean_final,488
test-0319,A,2,193,final_answer,clean_final,1129
test-0320,A,0,16,boxed,mid_cut,589
test-0320,A,1,24,final_answer,clean_final,823
test-0320,A,2,17,final_answer,clean_final,429
test-0321,A,0,28,final_answer,clean_final,453
test-0321,A,1,28,final_answer,clean_final,494
test-0321,A,2,28,final_answer,clean_final,545
test-0322,A,0,75,final_answer,clean_final,252
test-0322,A,1,75,final_answer,clean_final,271
test-0322,A,2,75,final_answer,clean_final,287
test-0323,A,0,20,final_answer,clean_final,219
test-0323,A,1,20,final_answer,clean_final,286
test-0323,A,2,20,final_answer,clean_final,293
test-0324,A,0,130,final_answer,clean_final,1176
test-0324,A,1,273,final_answer,clean_final,954
test-0324,A,2,52,final_answer,clean_final,951
test-0325,A,0,34,final_answer,clean_final,381
test-0325,A,1,34,final_answer,clean_final,423
test-0325,A,2,34,final_answer,clean_final,353
test-0326,A,0,0,final_answer,clean_final,1288
test-0326,A,1,3,final_answer,clean_final,968
test-0326,A,2,5,final_answer,clean_final,758
test-0327,A,0,20,final_answer,clean_final,1001
test-0327,A,1,10,final_answer,clean_final,986
test-0327,A,2,19,final_answer,clean_final,1059
test-0328,A,0,7,boxed,mid_cut,772
test-0328,A,1,7,final_answer,clean_final,629
test-0328,A,2,6,boxed,mid_cut,649
test-0329,A,0,70,final_answer,clean_final,407
test-0329,A,1,70,final_answer,clean_final,313
test-0329,A,2,70,final_answer,clean_final,287
test-0330,A,0,1,final_answer,clean_final,275
test-0330,A,1,1,final_answer,clean_final,201
test-0330,A,2,1,final_answer,clean_final,205
test-0331,A,0,8,final_answer,clean_final,751
test-0331,A,1,0,final_answer,clean_final,1168
test-0331,A,2,6,final_answer,clean_final,992
test-0332,A,0,55,final_answer,clean_final,192
test-0332,A,1,55,final_answer,clean_final,168
test-0332,A,2,55,final_answer,clean_final,192
test-0333,A,0,264,final_answer,clean_final,318
test-0333,A,1,264,final_answer,clean_final,319
test-0333,A,2,264,final_answer,clean_final,314
test-0334,A,0,2,final_answer,clean_final,529
test-0334,A,1,7,final_answer,clean_final,607
test-0334,A,2,2,final_answer,clean_final,437
test-0335,A,0,133,final_answer,clean_final,504
test-0335,A,1,266,final_answer,clean_final,754
test-0335,A,2,15,final_answer,clean_final,621
test-0336,A,0,90,final_answer,clean_final,277
test-0336,A,1,90,final_answer,clean_final,205
test-0336,A,2,90,final_answer,clean_final,192
test-0337,A,0,7,final_answer,clean_final,263
test-0337,A,1,7,final_answer,clean_final,264
test-0337,A,2,7,final_answer,clean_final,170
test-0338,A,0,110,boxed,mid_cut,739
test-0338,A,1,255,final_answer,clean_final,796
test-0338,A,2,48,boxed,sentence_end,1063
test-0339,A,0,16,final_answer,clean_final,358
test-0339,A,1,16,final_answer,clean_final,253
test-0339,A,2,16,final_answer,clean_final,370
test-0340,A,0,500,final_answer,clean_final,154
test-0340,A,1,500,final_answer,clean_final,146
test-0340,A,2,500,final_answer,clean_final,202
test-0341,A,0,217,boxed,mid_cut,668
test-0341,A,1,63,final_answer,clean_final,642
test-0341,A,2,7,final_answer,clean_final,675
test-0342,A,0,66,final_answer,clean_final,231
test-0342,A,1,66,final_answer,clean_final,223
test-0342,A,2,66,final_answer,clean_final,244
test-0343,A,0,181,final_answer,clean_final,768
test-0343,A,1,56,final_answer,clean_final,918
test-0343,A,2,28,final_answer,clean_final,905
test-0344,A,0,240,final_answer,clean_final,221
test-0344,A,1,240,final_answer,clean_final,289
test-0344,A,2,240,final_answer,clean_final,266
test-0345,A,0,5,final_answer,clean_final,326
test-0345,A,1,5,final_answer,clean_final,323
test-0345,A,2,9,final_answer,clean_final,508
test-0346,A,0,68,boxed,mid_cut,801
test-0346,A,1,224,boxed,mid_cut,931
test-0346,A,2,136,final_answer,clean_final,795
test-0347,A,0,171,final_answer,clean_final,190
test-0347,A,1,171,final_answer,clean_final,248
test-0347,A,2,171,final_answer,clean_final,192
test-0348,A,0,144000,answer_is,mid_cut,385
test-0348,A,1,144000,final_answer,clean_final,337
test-0348,A,2,144000,final_answer,clean_final,272
test-0349,A,0,780,final_answer,clean_final,496
test-0349,A,1,18808,final_answer,clean_final,761
test-0349,A,2,306,final_answer,clean_final,667
test-0350,A,0,0.0,final_answer,clean_final,525
test-0350,A,1,0.0,final_answer,clean_final,695
test-0350,A,2,0.0,final_answer,clean_final,368
test-0351,A,0,4.0,final_answer,clean_final,248
test-0351,A,1,4.0,final_answer,clean_final,315
test-0351,A,2,4.0,final_answer,clean_final,303
test-0352,A,0,16.0,final_answer,clean_final,534
test-0352,A,1,34.0,final_answer,clean_final,175
test-0352,A,2,16.0,final_answer,clean_final,493
test-0353,A,0,60000.0,final_answer,clean_final,317
test-0353,A,1,60000.0,final_answer,clean_final,370
test-0353,A,2,60000.0,final_answer,clean_final,306
test-0354,A,0,368.0,final_answer,clean_final,453
test-0354,A,1,384.0,final_answer,clean_final,503
test-0354,A,2,336.0,final_answer,clean_final,535
test-0355,A,0,675.0,final_answer,clean_final,746
test-0355,A,1,180.0,final_answer,clean_final,1145
test-0355,A,2,19200.0,final_answer,clean_final,919
test-0356,A,0,101.0,final_answer,clean_final,1176
test-0356,A,1,101.0,boxed,sentence_end,765
test-0356,A,2,101.0,final_answer,clean_final,1271
test-0357,A,0,,fail,clean_final,488
test-0357,A,1,14.0,final_answer,clean_final,400
test-0357,A,2,5.0,final_answer,clean_final,453
test-0358,A,0,8.0,final_answer,clean_final,601
test-0358,A,1,8.0,boxed,sentence_end,737
test-0358,A,2,9.0,final_answer,clean_final,980
test-0359,A,0,420.0,final_answer,clean_final,263
test-0359,A,1,420.0,final_answer,clean_final,190
test-0359,A,2,420.0,final_answer,clean_final,170
test-0360,A,0,30.0,final_answer,clean_final,231
test-0360,A,1,30.0,final_answer,clean_final,238
test-0360,A,2,30.0,final_answer,clean_final,198
test-0361,A,0,113.0,final_answer,clean_final,455
test-0361,A,1,113.0,final_answer,clean_final,519
test-0361,A,2,113.0,final_answer,clean_final,487
test-0362,A,0,10.0,final_answer,clean_final,187
test-0362,A,1,10.0,final_answer,clean_final,158
test-0362,A,2,10.0,final_answer,clean_final,139
test-0363,A,0,50.0,final_answer,clean_final,243
test-0363,A,1,325.0,final_answer,clean_final,527
test-0363,A,2,50.0,answer_is,mid_cut,347
test-0364,A,0,360.0,final_answer,clean_final,742
test-0364,A,1,345.0,final_answer,clean_final,890
test-0364,A,2,1035.0,final_answer,clean_final,817
test-0365,A,0,89.0,final_answer,clean_final,894
test-0365,A,1,343.0,boxed,mid_cut,660
test-0365,A,2,1287.0,boxed,mid_cut,967
test-0366,A,0,160.0,final_answer,clean_final,344
test-0366,A,1,340.0,final_answer,clean_final,300
test-0366,A,2,340.0,final_answer,clean_final,238
test-0367,A,0,7500.0,final_answer,clean_final,320
test-0367,A,1,7500.0,final_answer,clean_final,295
test-0367,A,2,7500.0,final_answer,clean_final,311
test-0368,A,0,16.0,final_answer,clean_final,149
test-0368,A,1,16.0,final_answer,clean_final,184
test-0368,A,2,16.0,final_answer,clean_final,187
test-0369,A,0,15.0,final_answer,clean_final,288
test-0369,A,1,15.0,final_answer,clean_final,218
test-0369,A,2,15.0,final_answer,clean_final,311
test-0370,A,0,5.0,final_answer,clean_final,1447
test-0370,A,1,3.0,final_answer,clean_final,1445
test-0370,A,2,-5.0,final_answer,clean_final,1476
test-0371,A,0,88.0,final_answer,clean_final,1054
test-0371,A,1,8.0,final_answer,clean_final,1089
test-0371,A,2,4.0,final_answer,clean_final,1034
test-0372,A,0,480.0,final_answer,clean_final,209
test-0372,A,1,480.0,final_answer,clean_final,251
test-0372,A,2,480.0,final_answer,clean_final,251
test-0373,A,0,6.0,final_answer,clean_final,103
test-0373,A,1,6.0,final_answer,clean_final,76
test-0373,A,2,6.0,final_answer,clean_final,80
test-0374,A,0,21.0,boxed,mid_cut,776
test-0374,A,1,25.0,final_answer,clean_final,965
test-0374,A,2,34.0,boxed,mid_cut,807
test-0375,A,0,960.0,boxed,mid_cut,1153
test-0375,A,1,180.0,final_answer,clean_final,1061
test-0375,A,2,2310.0,answer_is,mid_cut,1301
test-0376,A,0,1.0,last_number,mid_cut,1536
test-0376,A,1,30.0,last_number,mid_cut,1536
test-0376,A,2,7.0,boxed,sentence_end,916
test-0377,A,0,1.0,final_answer,clean_final,596
test-0377,A,1,1.0,final_answer,clean_final,652
test-0377,A,2,3.0,boxed,mid_cut,811
test-0378,A,0,178.0,final_answer,clean_final,591
test-0378,A,1,161.0,final_answer,clean_final,609
test-0378,A,2,195.0,final_answer,clean_final,654
test-0379,A,0,50.0,final_answer,clean_final,594
test-0379,A,1,82.0,final_answer,clean_final,472
test-0379,A,2,56.0,final_answer,clean_final,922
test-0380,A,0,21.0,final_answer,clean_final,365
test-0380,A,1,21.0,final_answer,clean_final,402
test-0380,A,2,21.0,final_answer,clean_final,418
test-0381,A,0,1900.0,final_answer,clean_final,212
test-0381,A,1,1900.0,final_answer,clean_final,171
test-0381,A,2,1900.0,final_answer,clean_final,189
test-0382,A,0,6.0,final_answer,clean_final,88
test-0382,A,1,6.0,final_answer,clean_final,81
test-0382,A,2,6.0,final_answer,clean_final,191
test-0383,A,0,100.0,boxed,sentence_end,1130
test-0383,A,1,110.0,final_answer,clean_final,921
test-0383,A,2,81.0,final_answer,clean_final,800
test-0384,A,0,9.0,final_answer,clean_final,637
test-0384,A,1,10.0,final_answer,clean_final,642
test-0384,A,2,10.0,final_answer,clean_final,893
test-0385,A,0,1994.0,final_answer,clean_final,816
test-0385,A,1,1993.0,final_answer,clean_final,1029
test-0385,A,2,3974282.0,final_answer,clean_final,615
test-0386,A,0,7.0,final_answer,clean_final,707
test-0386,A,1,6.0,final_answer,clean_final,702
test-0386,A,2,6.0,final_answer,clean_final,821
test-0387,A,0,1.0,boxed,mid_cut,783
test-0387,A,1,0.0,final_answer,clean_final,456
test-0387,A,2,0.0,final_answer,clean_final,736
test-0388,A,0,12.0,final_answer,clean_final,290
test-0388,A,1,12.0,final_answer,clean_final,298
test-0388,A,2,12.0,final_answer,clean_final,229
test-0389,A,0,280.0,boxed,mid_cut,882
test-0389,A,1,10.0,boxed,sentence_end,672
test-0389,A,2,420.0,final_answer,clean_final,821
test-0390,A,0,56.0,final_answer,clean_final,549
test-0390,A,1,51.0,final_answer,clean_final,427
test-0390,A,2,56.0,final_answer,clean_final,375
test-0391,A,0,40.0,final_answer,clean_final,277
test-0391,A,1,40.0,final_answer,clean_final,300
test-0391,A,2,40.0,final_answer,clean_final,349
test-0392,A,0,1994.0,final_answer,clean_final,669
test-0392,A,1,65.0,final_answer,clean_final,826
test-0392,A,2,2005.0,final_answer,clean_final,855
test-0393,A,0,832.0,final_answer,clean_final,161
test-0393,A,1,832.0,final_answer,clean_final,236
test-0393,A,2,832.0,final_answer,clean_final,214
test-0394,A,0,40.0,final_answer,clean_final,121
test-0394,A,1,40.0,final_answer,clean_final,113
test-0394,A,2,40.0,final_answer,clean_final,158
test-0395,A,0,673.0,boxed,mid_cut,716
test-0395,A,1,2021.0,final_answer,clean_final,495
test-0395,A,2,0.0,final_answer,clean_final,222
test-0396,A,0,4.0,final_answer,clean_final,268
test-0396,A,1,4.0,final_answer,clean_final,258
test-0396,A,2,4.0,final_answer,clean_final,249
test-0397,A,0,26.0,boxed,mid_cut,752
test-0397,A,1,7.0,final_answer,clean_final,591
test-0397,A,2,21.0,final_answer,clean_final,634
test-0398,A,0,5.0,final_answer,clean_final,201
test-0398,A,1,5.0,final_answer,clean_final,183
test-0398,A,2,5.0,final_answer,clean_final,182
test-0399,A,0,1000.0,final_answer,clean_final,429
test-0399,A,1,1000.0,final_answer,clean_final,287
test-0399,A,2,1000.0,final_answer,clean_final,295
test-0400,A,0,2,final_answer,clean_final,258
test-0400,A,1,2,final_answer,clean_final,547
test-0400,A,2,2,final_answer,clean_final,463
test-0401,A,0,140,final_answer,clean_final,341
test-0401,A,1,115,final_answer,clean_final,323
test-0401,A,2,115,final_answer,clean_final,215
test-0402,A,0,3,final_answer,clean_final,182
test-0402,A,1,3,final_answer,clean_final,183
test-0402,A,2,3,final_answer,clean_final,178
test-0403,A,0,550,final_answer,clean_final,763
test-0403,A,1,91,final_answer,clean_final,988
test-0403,A,2,550,final_answer,clean_final,761
test-0404,A,0,30,final_answer,clean_final,265
test-0404,A,1,30,final_answer,clean_final,288
test-0404,A,2,30,final_answer,clean_final,297
test-0405,A,0,5,final_answer,clean_final,222
test-0405,A,1,4,final_answer,clean_final,204
test-0405,A,2,4,final_answer,clean_final,164
test-0406,A,0,1000,final_answer,clean_final,310
test-0406,A,1,1000,final_answer,clean_final,332
test-0406,A,2,1000,final_answer,clean_final,344
test-0407,A,0,70,final_answer,clean_final,980
test-0407,A,1,1120,final_answer,clean_final,540
test-0407,A,2,410,final_answer,clean_final,1096
test-0408,A,0,24,final_answer,clean_final,1502
test-0408,A,1,42,last_number,mid_cut,1536
test-0408,A,2,97,final_answer,clean_final,877
test-0409,A,0,4,final_answer,clean_final,266
test-0409,A,1,4,final_answer,clean_final,223
test-0409,A,2,4,final_answer,clean_final,143
test-0410,A,0,120,final_answer,clean_final,665
test-0410,A,1,60,final_answer,clean_final,924
test-0410,A,2,120,final_answer,clean_final,666
test-0411,A,0,1,boxed,mid_cut,919
test-0411,A,1,0,final_answer,clean_final,655
test-0411,A,2,1,final_answer,clean_final,645
test-0412,A,0,8,final_answer,clean_final,462
test-0412,A,1,8,final_answer,clean_final,428
test-0412,A,2,8,final_answer,clean_final,713
test-0413,A,0,5,final_answer,clean_final,221
test-0413,A,1,5,final_answer,clean_final,166
test-0413,A,2,5,final_answer,clean_final,176
test-0414,A,0,2,final_answer,clean_final,398
test-0414,A,1,2,final_answer,clean_final,402
test-0414,A,2,2,final_answer,clean_final,416
test-0415,A,0,4035,final_answer,clean_final,688
test-0415,A,1,2018,final_answer,clean_final,578
test-0415,A,2,2018,final_answer,clean_final,525
test-0416,A,0,20,final_answer,clean_final,197
test-0416,A,1,20,final_answer,clean_final,230
test-0416,A,2,20,final_answer,clean_final,262
test-0417,A,0,10,final_answer,clean_final,1295
test-0417,A,1,285,final_answer,clean_final,1278
test-0417,A,2,10,final_answer,clean_final,942
test-0418,A,0,60,final_answer,clean_final,347
test-0418,A,1,60,final_answer,clean_final,358
test-0418,A,2,60,final_answer,clean_final,303
test-0419,A,0,612,answer_is,ends_digit,962
test-0419,A,1,355,final_answer,clean_final,794
test-0419,A,2,365,final_answer,clean_final,570
test-0420,A,0,89700,final_answer,clean_final,570
test-0420,A,1,413700,final_answer,clean_final,806
test-0420,A,2,8995,final_answer,mid_cut,697
test-0421,A,0,3,final_answer,clean_final,894
test-0421,A,1,3,boxed,sentence_end,953
test-0421,A,2,2,final_answer,clean_final,897
test-0422,A,0,313,final_answer,clean_final,959
test-0422,A,1,1119,boxed,mid_cut,827
test-0422,A,2,65,boxed,mid_cut,782
test-0423,A,0,93,final_answer,clean_final,686
test-0423,A,1,4,last_number,clean_final,718
test-0423,A,2,96,final_answer,clean_final,623
test-0424,A,0,98,final_answer,clean_final,225
test-0424,A,1,98,final_answer,clean_final,304
test-0424,A,2,98,final_answer,clean_final,351
test-0425,A,0,38,final_answer,clean_final,131
test-0425,A,1,38,final_answer,clean_final,132
test-0425,A,2,38,final_answer,clean_final,129
test-0426,A,0,18,final_answer,clean_final,225
test-0426,A,1,18,final_answer,clean_final,277
test-0426,A,2,18,final_answer,clean_final,244
test-0427,A,0,24,final_answer,clean_final,184
test-0427,A,1,24,final_answer,clean_final,123
test-0427,A,2,24,final_answer,clean_final,197
test-0428,A,0,-1,final_answer,clean_final,360
test-0428,A,1,-1,final_answer,clean_final,399
test-0428,A,2,-1,final_answer,clean_final,338
test-0429,A,0,12,boxed,mid_cut,1032
test-0429,A,1,49,final_answer,clean_final,1117
test-0429,A,2,1,last_number,ends_digit,1536
test-0430,A,0,17,final_answer,clean_final,637
test-0430,A,1,600,final_answer,clean_final,1236
test-0430,A,2,21,final_answer,clean_final,1041
test-0431,A,0,5,final_answer,clean_final,231
test-0431,A,1,1,final_answer,clean_final,208
test-0431,A,2,5,final_answer,clean_final,184
test-0432,A,0,50,final_answer,clean_final,771
test-0432,A,1,50,final_answer,clean_final,476
test-0432,A,2,50,boxed,sentence_end,735
test-0433,A,0,28,final_answer,clean_final,351
test-0433,A,1,28,final_answer,clean_final,312
test-0433,A,2,14,final_answer,clean_final,297
test-0434,A,0,10,final_answer,clean_final,586
test-0434,A,1,10,final_answer,clean_final,858
test-0434,A,2,10,final_answer,clean_final,572
test-0435,A,0,5,final_answer,clean_final,299
test-0435,A,1,5,final_answer,clean_final,309
test-0435,A,2,429,final_answer,clean_final,391
test-0436,A,0,4860,final_answer,clean_final,744
test-0436,A,1,2,final_answer,clean_final,755
test-0436,A,2,1296,final_answer,clean_final,976
test-0437,A,0,2592,final_answer,clean_final,978
test-0437,A,1,1,last_number,mid_cut,1536
test-0437,A,2,48,final_answer,clean_final,1063
test-0438,A,0,10,final_answer,clean_final,206
test-0438,A,1,10,final_answer,clean_final,203
test-0438,A,2,10,final_answer,clean_final,201
test-0439,A,0,0,final_answer,clean_final,1150
test-0439,A,1,82,final_answer,clean_final,958
test-0439,A,2,110,answer_is,mid_cut,1378
test-0440,A,0,3,final_answer,clean_final,258
test-0440,A,1,4,final_answer,clean_final,180
test-0440,A,2,3,final_answer,clean_final,201
test-0441,A,0,9240,final_answer,clean_final,346
test-0441,A,1,9240,final_answer,clean_final,315
test-0441,A,2,9240,final_answer,clean_final,385
test-0442,A,0,540,final_answer,clean_final,1408
test-0442,A,1,720,final_answer,clean_final,1326
test-0442,A,2,597,final_answer,clean_final,1043
test-0443,A,0,1990,answer_is,mid_cut,646
test-0443,A,1,1990,final_answer,clean_final,576
test-0443,A,2,1990,final_answer,clean_final,490
test-0444,A,0,88,final_answer,clean_final,454
test-0444,A,1,35,final_answer,clean_final,526
test-0444,A,2,35,final_answer,clean_final,410
test-0445,A,0,273,final_answer,clean_final,1229
test-0445,A,1,224,final_answer,clean_final,1418
test-0445,A,2,273,final_answer,clean_final,1223
test-0446,A,0,322,last_number,mid_cut,1536
test-0446,A,1,136,final_answer,clean_final,981
test-0446,A,2,654,final_answer,clean_final,705
test-0447,A,0,225,final_answer,clean_final,727
test-0447,A,1,288,final_answer,clean_final,691
test-0447,A,2,1440,final_answer,clean_final,540
test-0448,A,0,3,final_answer,clean_final,241
test-0448,A,1,3,final_answer,clean_final,208
test-0448,A,2,3,final_answer,clean_final,219
test-0449,A,0,-4,final_answer,clean_final,336
test-0449,A,1,-7,final_answer,clean_final,257
test-0449,A,2,-3,final_answer,clean_final,845
test-0450,A,0,16,final_answer,clean_final,230
test-0450,A,1,16,final_answer,clean_final,241
test-0450,A,2,16,final_answer,clean_final,149
test-0451,A,0,10,final_answer,clean_final,249
test-0451,A,1,10,final_answer,clean_final,204
test-0451,A,2,10,final_answer,clean_final,199
test-0452,A,0,80,final_answer,clean_final,211
test-0452,A,1,80,final_answer,clean_final,281
test-0452,A,2,80,final_answer,clean_final,186
test-0453,A,0,-3,final_answer,clean_final,232
test-0453,A,1,0,final_answer,clean_final,209
test-0453,A,2,3,final_answer,clean_final,167
test-0454,A,0,42,final_answer,clean_final,200
test-0454,A,1,12,final_answer,clean_final,374
test-0454,A,2,42,final_answer,clean_final,230
test-0455,A,0,20,final_answer,clean_final,244
test-0455,A,1,20,final_answer,clean_final,288
test-0455,A,2,20,final_answer,clean_final,203
test-0456,A,0,56,final_answer,clean_final,289
test-0456,A,1,56,final_answer,clean_final,244
test-0456,A,2,56,final_answer,clean_final,221
test-0457,A,0,285,final_answer,clean_final,1004
test-0457,A,1,252,final_answer,clean_final,859
test-0457,A,2,2520,final_answer,clean_final,992
test-0458,A,0,6,last_number,ends_digit,1536
test-0458,A,1,1,final_answer,clean_final,767
test-0458,A,2,4,final_answer,clean_final,369
test-0459,A,0,5,final_answer,clean_final,233
test-0459,A,1,3,final_answer,clean_final,265
test-0459,A,2,7,final_answer,clean_final,308
test-0460,A,0,8,final_answer,clean_final,928
test-0460,A,1,6,final_answer,clean_final,701
test-0460,A,2,8,final_answer,clean_final,453
test-0461,A,0,4,final_answer,clean_final,278
test-0461,A,1,4,final_answer,clean_final,275
test-0461,A,2,1,final_answer,clean_final,492
test-0462,A,0,4800,final_answer,clean_final,293
test-0462,A,1,4800,final_answer,clean_final,225
test-0462,A,2,4800,final_answer,clean_final,209
test-0463,A,0,12,final_answer,clean_final,180
test-0463,A,1,12,final_answer,clean_final,162
test-0463,A,2,12,answer_is,mid_cut,307
test-0464,A,0,10,final_answer,clean_final,422
test-0464,A,1,10,final_answer,clean_final,190
test-0464,A,2,10,final_answer,clean_final,287
test-0465,A,0,49,final_answer,clean_final,354
test-0465,A,1,49,final_answer,clean_final,310
test-0465,A,2,49,final_answer,clean_final,254
test-0466,A,0,140,final_answer,clean_final,378
test-0466,A,1,140,final_answer,clean_final,331
test-0466,A,2,140,final_answer,clean_final,272
test-0467,A,0,400,final_answer,clean_final,760
test-0467,A,1,2704,final_answer,clean_final,872
test-0467,A,2,400,final_answer,clean_final,674
test-0468,A,0,250,final_answer,clean_final,235
test-0468,A,1,250,final_answer,clean_final,302
test-0468,A,2,250,final_answer,clean_final,295
test-0469,A,0,9200,final_answer,clean_final,876
test-0469,A,1,9200,final_answer,clean_final,754
test-0469,A,2,9200,final_answer,clean_final,770
test-0470,A,0,19,final_answer,clean_final,189
test-0470,A,1,19,final_answer,clean_final,223
test-0470,A,2,19,final_answer,clean_final,200
test-0471,A,0,279,final_answer,clean_final,544
test-0471,A,1,240,final_answer,clean_final,956
test-0471,A,2,7,final_answer,clean_final,824
test-0472,A,0,8,final_answer,clean_final,686
test-0472,A,1,8,final_answer,clean_final,517
test-0472,A,2,8,boxed,mid_cut,776
test-0473,A,0,12,boxed,mid_cut,1439
test-0473,A,1,14,boxed,mid_cut,837
test-0473,A,2,97,final_answer,clean_final,633
test-0474,A,0,0,final_answer,clean_final,1020
test-0474,A,1,117649,final_answer,clean_final,807
test-0474,A,2,0,final_answer,clean_final,887
test-0475,A,0,3,final_answer,clean_final,282
test-0475,A,1,3,final_answer,clean_final,260
test-0475,A,2,3,final_answer,clean_final,446
test-0476,A,0,8000,final_answer,clean_final,800
test-0476,A,1,200,final_answer,clean_final,539
test-0476,A,2,1000,final_answer,clean_final,618
test-0477,A,0,3,final_answer,clean_final,234
test-0477,A,1,3,final_answer,clean_final,217
test-0477,A,2,3,final_answer,clean_final,283
test-0478,A,0,16,final_answer,clean_final,448
test-0478,A,1,1,final_answer,clean_final,293
test-0478,A,2,15,final_answer,clean_final,482
test-0479,A,0,7,final_answer,clean_final,795
test-0479,A,1,23,final_answer,clean_final,464
test-0479,A,2,31,final_answer,clean_final,850
test-0480,A,0,6,final_answer,clean_final,156
test-0480,A,1,6,final_answer,clean_final,166
test-0480,A,2,6,final_answer,clean_final,161
test-0481,A,0,48,final_answer,clean_final,1042
test-0481,A,1,3744,final_answer,clean_final,829
test-0481,A,2,1680,final_answer,clean_final,1039
test-0482,A,0,20,final_answer,clean_final,179
test-0482,A,1,20,final_answer,clean_final,227
test-0482,A,2,20,final_answer,clean_final,180
test-0483,A,0,121,final_answer,clean_final,220
test-0483,A,1,121,final_answer,clean_final,220
test-0483,A,2,121,final_answer,clean_final,211
test-0484,A,0,35,final_answer,clean_final,1163
test-0484,A,1,38,final_answer,clean_final,1227
test-0484,A,2,25,final_answer,clean_final,1017
test-0485,A,0,9,final_answer,clean_final,169
test-0485,A,1,9,final_answer,clean_final,194
test-0485,A,2,9,final_answer,clean_final,189
test-0486,A,0,14,final_answer,clean_final,911
test-0486,A,1,4,answer_is,mid_cut,1064
test-0486,A,2,2,final_answer,clean_final,851
test-0487,A,0,452,answer_is,mid_cut,761
test-0487,A,1,4,final_answer,clean_final,744
test-0487,A,2,384,final_answer,clean_final,875
test-0488,A,0,10438,final_answer,clean_final,476
test-0488,A,1,10608,final_answer,clean_final,278
test-0488,A,2,10955,final_answer,clean_final,252
test-0489,A,0,1250,final_answer,clean_final,357
test-0489,A,1,1250,final_answer,clean_final,301
test-0489,A,2,1250,final_answer,clean_final,266
test-0490,A,0,36,final_answer,clean_final,200
test-0490,A,1,36,final_answer,clean_final,207
test-0490,A,2,36,final_answer,clean_final,215
test-0491,A,0,1000,final_answer,clean_final,948
test-0491,A,1,500,boxed,sentence_end,999
test-0491,A,2,2500,final_answer,clean_final,807
test-0492,A,0,330,final_answer,clean_final,302
test-0492,A,1,330,final_answer,clean_final,365
test-0492,A,2,330,final_answer,clean_final,285
test-0493,A,0,989,final_answer,clean_final,638
test-0493,A,1,428,answer_is,mid_cut,1041
test-0493,A,2,900,final_answer,clean_final,678
test-0494,A,0,40,final_answer,clean_final,566
test-0494,A,1,26,final_answer,clean_final,780
test-0494,A,2,270,final_answer,clean_final,687
test-0495,A,0,260,final_answer,clean_final,330
test-0495,A,1,260,final_answer,clean_final,408
test-0495,A,2,260,final_answer,clean_final,435
test-0496,A,0,72,final_answer,clean_final,174
test-0496,A,1,72,final_answer,clean_final,141
test-0496,A,2,72,final_answer,clean_final,113
test-0497,A,0,48,final_answer,clean_final,173
test-0497,A,1,48,final_answer,clean_final,215
test-0497,A,2,48,final_answer,clean_final,175
test-0498,A,0,128,final_answer,clean_final,634
test-0498,A,1,16856,final_answer,mid_cut,732
test-0498,A,2,13,final_answer,clean_final,627
test-0499,A,0,68,final_answer,clean_final,683
test-0499,A,1,160,final_answer,clean_final,655
test-0499,A,2,164,final_answer,clean_final,659
test-0500,A,0,110.0,final_answer,clean_final,283
test-0500,A,1,110.0,final_answer,clean_final,161
test-0500,A,2,110.0,final_answer,clean_final,175
test-0501,A,0,1.0,final_answer,clean_final,794
test-0501,A,1,1006.0,final_answer,clean_final,559
test-0501,A,2,1005.0,final_answer,clean_final,744
test-0502,A,0,79.0,final_answer,clean_final,233
test-0502,A,1,79.0,final_answer,clean_final,268
test-0502,A,2,79.0,final_answer,clean_final,223
test-0503,A,0,76.0,final_answer,clean_final,240
test-0503,A,1,76.0,final_answer,clean_final,198
test-0503,A,2,76.0,final_answer,clean_final,214
test-0504,A,0,452966.0,final_answer,clean_final,784
test-0504,A,1,30558.0,final_answer,clean_final,1324
test-0504,A,2,10.0,final_answer,clean_final,867
test-0505,A,0,1526.0,final_answer,clean_final,833
test-0505,A,1,15406.0,boxed,mid_cut,948
test-0505,A,2,156.0,final_answer,clean_final,1218
test-0506,A,0,15.0,final_answer,clean_final,913
test-0506,A,1,25.0,final_answer,clean_final,971
test-0506,A,2,14.0,final_answer,clean_final,776
test-0507,A,0,12.0,final_answer,clean_final,793
test-0507,A,1,10.0,boxed,mid_cut,888
test-0507,A,2,2.0,final_answer,clean_final,1119
test-0508,A,0,16.0,boxed,mid_cut,876
test-0508,A,1,49.0,final_answer,clean_final,1106
test-0508,A,2,47.0,boxed,mid_cut,814
test-0509,A,0,588.0,final_answer,clean_final,181
test-0509,A,1,588.0,final_answer,clean_final,199
test-0509,A,2,588.0,final_answer,clean_final,226
test-0510,A,0,1560.0,final_answer,clean_final,883
test-0510,A,1,30.0,final_answer,clean_final,775
test-0510,A,2,270.0,final_answer,clean_final,861
test-0511,A,0,10.0,boxed,mid_cut,951
test-0511,A,1,12.0,final_answer,clean_final,976
test-0511,A,2,9.0,final_answer,clean_final,1047
test-0512,A,0,999.0,final_answer,clean_final,1024
test-0512,A,1,999.0,final_answer,clean_final,825
test-0512,A,2,31.0,boxed,sentence_end,1374
test-0513,A,0,151.0,final_answer,clean_final,375
test-0513,A,1,139.0,final_answer,clean_final,211
test-0513,A,2,148.0,final_answer,clean_final,314
test-0514,A,0,6.0,final_answer,clean_final,652
test-0514,A,1,13.0,final_answer,clean_final,859
test-0514,A,2,6.0,final_answer,clean_final,702
test-0515,A,0,3.0,final_answer,clean_final,328
test-0515,A,1,3.0,final_answer,clean_final,381
test-0515,A,2,3.0,answer_is,mid_cut,469
test-0516,A,0,0.0,final_answer,clean_final,786
test-0516,A,1,25.0,final_answer,clean_final,261
test-0516,A,2,25.0,final_answer,clean_final,320
test-0517,A,0,14.0,final_answer,clean_final,266
test-0517,A,1,14.0,final_answer,clean_final,265
test-0517,A,2,14.0,final_answer,clean_final,255
test-0518,A,0,126.0,final_answer,clean_final,677
test-0518,A,1,126.0,final_answer,clean_final,690
test-0518,A,2,140.0,final_answer,clean_final,996
test-0519,A,0,18.0,final_answer,clean_final,283
test-0519,A,1,18.0,final_answer,clean_final,323
test-0519,A,2,18.0,final_answer,clean_final,363
test-0520,A,0,150.0,final_answer,clean_final,427
test-0520,A,1,100.0,final_answer,clean_final,299
test-0520,A,2,125.0,final_answer,clean_final,435
test-0521,A,0,356.0,final_answer,clean_final,156
test-0521,A,1,356.0,final_answer,clean_final,175
test-0521,A,2,356.0,final_answer,clean_final,182
test-0522,A,0,3.0,final_answer,clean_final,251
test-0522,A,1,3.0,final_answer,clean_final,336
test-0522,A,2,3.0,final_answer,clean_final,308
test-0523,A,0,3.0,final_answer,clean_final,388
test-0523,A,1,4.0,final_answer,clean_final,607
test-0523,A,2,2.0,final_answer,clean_final,505
test-0524,A,0,1.0,final_answer,clean_final,275
test-0524,A,1,1.0,final_answer,clean_final,258
test-0524,A,2,1.0,final_answer,clean_final,242
test-0525,A,0,924.0,final_answer,clean_final,640
test-0525,A,1,121.0,boxed,mid_cut,1120
test-0525,A,2,172.0,final_answer,clean_final,758
test-0526,A,0,10.0,final_answer,clean_final,112
test-0526,A,1,10.0,final_answer,clean_final,193
test-0526,A,2,10.0,final_answer,clean_final,172
test-0527,A,0,1200.0,final_answer,clean_final,218
test-0527,A,1,1200.0,final_answer,clean_final,290
test-0527,A,2,1200.0,final_answer,clean_final,250
test-0528,A,0,252.0,boxed,mid_cut,1087
test-0528,A,1,154.0,boxed,mid_cut,988
test-0528,A,2,539.0,final_answer,ends_digit,1252
test-0529,A,0,1295.0,final_answer,clean_final,771
test-0529,A,1,0.0,final_answer,clean_final,807
test-0529,A,2,1295.0,final_answer,clean_final,659
test-0530,A,0,12.0,final_answer,clean_final,137
test-0530,A,1,12.0,final_answer,clean_final,145
test-0530,A,2,12.0,final_answer,clean_final,203
test-0531,A,0,5.0,final_answer,clean_final,273
test-0531,A,1,5.0,final_answer,clean_final,390
test-0531,A,2,5.0,final_answer,clean_final,303
test-0532,A,0,6.0,final_answer,clean_final,394
test-0532,A,1,6.0,final_answer,clean_final,255
test-0532,A,2,6.0,final_answer,clean_final,446
test-0533,A,0,262.0,answer_is,mid_cut,807
test-0533,A,1,524.0,final_answer,clean_final,595
test-0533,A,2,75.0,final_answer,clean_final,637
test-0534,A,0,1120.0,final_answer,clean_final,477
test-0534,A,1,1120.0,final_answer,clean_final,466
test-0534,A,2,1120.0,final_answer,clean_final,475
test-0535,A,0,,fail,mid_cut,923
test-0535,A,1,3.0,final_answer,clean_final,758
test-0535,A,2,12.0,final_answer,clean_final,950
test-0536,A,0,8000.0,final_answer,clean_final,244
test-0536,A,1,8000.0,final_answer,clean_final,240
test-0536,A,2,8000.0,final_answer,clean_final,210
test-0537,A,0,8.0,final_answer,clean_final,1332
test-0537,A,1,132.0,final_answer,clean_final,654
test-0537,A,2,6.0,final_answer,clean_final,1389
test-0538,A,0,3073.0,final_answer,clean_final,771
test-0538,A,1,1028.0,boxed,mid_cut,684
test-0538,A,2,3073.0,final_answer,clean_final,729
test-0539,A,0,8.0,final_answer,clean_final,212
test-0539,A,1,8.0,final_answer,clean_final,254
test-0539,A,2,8.0,final_answer,clean_final,178
test-0540,A,0,134.0,final_answer,clean_final,484
test-0540,A,1,134.0,final_answer,clean_final,440
test-0540,A,2,134.0,final_answer,clean_final,467
test-0541,A,0,2.0,last_number,ends_digit,1536
test-0541,A,1,30.0,boxed,mid_cut,690
test-0541,A,2,30.0,boxed,mid_cut,1013
test-0542,A,0,942.0,answer_is,mid_cut,616
test-0542,A,1,942.0,final_answer,clean_final,741
test-0542,A,2,942.0,final_answer,clean_final,561
test-0543,A,0,5.0,final_answer,clean_final,317
test-0543,A,1,5.0,final_answer,clean_final,249
test-0543,A,2,5.0,final_answer,clean_final,290
test-0544,A,0,4.0,final_answer,clean_final,246
test-0544,A,1,4.0,final_answer,clean_final,274
test-0544,A,2,4.0,final_answer,clean_final,298
test-0545,A,0,5.0,final_answer,clean_final,509
test-0545,A,1,4.0,answer_is,mid_cut,692
test-0545,A,2,4.0,answer_is,mid_cut,819
test-0546,A,0,14.0,boxed,mid_cut,1075
test-0546,A,1,5.0,final_answer,clean_final,755
test-0546,A,2,7.0,boxed,mid_cut,1103
test-0547,A,0,2131530.0,final_answer,clean_final,731
test-0547,A,1,2138360.0,final_answer,clean_final,781
test-0547,A,2,2138360.0,final_answer,clean_final,801
test-0548,A,0,50.0,final_answer,clean_final,136
test-0548,A,1,50.0,final_answer,clean_final,156
test-0548,A,2,50.0,final_answer,clean_final,127
test-0549,A,0,1000.0,final_answer,clean_final,277
test-0549,A,1,1000.0,final_answer,clean_final,377
test-0549,A,2,1000.0,final_answer,clean_final,224
test-0550,A,0,3.0,boxed,mid_cut,677
test-0550,A,1,108.0,boxed,mid_cut,680
test-0550,A,2,36.0,boxed,mid_cut,639
test-0551,A,0,5.0,final_answer,clean_final,933
test-0551,A,1,-1.0,final_answer,clean_final,953
test-0551,A,2,5.0,final_answer,clean_final,758
test-0552,A,0,68.0,final_answer,clean_final,100
test-0552,A,1,68.0,final_answer,clean_final,53
test-0552,A,2,68.0,final_answer,clean_final,72
test-0553,A,0,595.0,final_answer,clean_final,153
test-0553,A,1,595.0,final_answer,clean_final,280
test-0553,A,2,595.0,final_answer,clean_final,308
test-0554,A,0,84000.0,final_answer,clean_final,267
test-0554,A,1,84000.0,boxed,mid_cut,300
test-0554,A,2,84000.0,final_answer,clean_final,321
test-0555,A,0,18.0,final_answer,clean_final,216
test-0555,A,1,18.0,final_answer,clean_final,231
test-0555,A,2,18.0,final_answer,clean_final,188
test-0556,A,0,360.0,final_answer,clean_final,182
test-0556,A,1,360.0,final_answer,clean_final,163
test-0556,A,2,360.0,final_answer,clean_final,144
test-0557,A,0,1.0,final_answer,clean_final,214
test-0557,A,1,1.0,final_answer,clean_final,247
test-0557,A,2,1.0,final_answer,clean_final,228
test-0558,A,0,60.0,final_answer,clean_final,201
test-0558,A,1,60.0,final_answer,clean_final,135
test-0558,A,2,60.0,final_answer,clean_final,133
test-0559,A,0,31.0,final_answer,clean_final,927
test-0559,A,1,119.0,final_answer,clean_final,995
test-0559,A,2,79.0,final_answer,clean_final,920
test-0560,A,0,88.0,final_answer,clean_final,182
test-0560,A,1,88.0,final_answer,clean_final,295
test-0560,A,2,88.0,final_answer,clean_final,171
test-0561,A,0,44.0,final_answer,clean_final,174
test-0561,A,1,44.0,final_answer,clean_final,302
test-0561,A,2,44.0,final_answer,clean_final,213
test-0562,A,0,20.0,final_answer,clean_final,145
test-0562,A,1,20.0,final_answer,clean_final,212
test-0562,A,2,20.0,final_answer,clean_final,157
test-0563,A,0,42.0,final_answer,clean_final,839
test-0563,A,1,36.0,final_answer,clean_final,1229
test-0563,A,2,14.0,final_answer,clean_final,947
test-0564,A,0,18.0,final_answer,clean_final,316
test-0564,A,1,,fail,mid_cut,531
test-0564,A,2,18.0,final_answer,clean_final,340
test-0565,A,0,2.0,final_answer,clean_final,150
test-0565,A,1,2.0,final_answer,clean_final,166
test-0565,A,2,2.0,final_answer,clean_final,158
test-0566,A,0,1.0,final_answer,clean_final,919
test-0566,A,1,2310.0,boxed,mid_cut,1201
test-0566,A,2,2.0,final_answer,clean_final,830
test-0567,A,0,5.0,final_answer,clean_final,287
test-0567,A,1,5.0,final_answer,clean_final,563
test-0567,A,2,5.0,final_answer,clean_final,415
test-0568,A,0,200.0,final_answer,clean_final,333
test-0568,A,1,200.0,final_answer,clean_final,353
test-0568,A,2,250.0,final_answer,clean_final,322
test-0569,A,0,72.0,final_answer,clean_final,529
test-0569,A,1,72.0,final_answer,clean_final,452
test-0569,A,2,72.0,final_answer,clean_final,491
test-0570,A,0,-1.0,boxed,mid_cut,611
test-0570,A,1,-2010.0,final_answer,clean_final,784
test-0570,A,2,-1.0,final_answer,clean_final,604
test-0571,A,0,338.0,final_answer,clean_final,981
test-0571,A,1,832.0,final_answer,clean_final,888
test-0571,A,2,252.0,final_answer,clean_final,1069
test-0572,A,0,2.0,final_answer,clean_final,419
test-0572,A,1,2.0,final_answer,clean_final,278
test-0572,A,2,2.0,final_answer,clean_final,327
test-0573,A,0,50.0,final_answer,clean_final,218
test-0573,A,1,50.0,final_answer,clean_final,236
test-0573,A,2,50.0,final_answer,clean_final,197
test-0574,A,0,33.0,final_answer,clean_final,183
test-0574,A,1,33.0,final_answer,clean_final,202
test-0574,A,2,33.0,final_answer,clean_final,200
test-0575,A,0,16.0,final_answer,clean_final,309
test-0575,A,1,16.0,final_answer,clean_final,396
test-0575,A,2,16.0,final_answer,clean_final,290
test-0576,A,0,0.0,boxed,sentence_end,1295
test-0576,A,1,0.0,final_answer,clean_final,923
test-0576,A,2,0.0,final_answer,clean_final,1002
test-0577,A,0,34000.0,final_answer,clean_final,534
test-0577,A,1,960000.0,final_answer,clean_final,756
test-0577,A,2,4133.0,final_answer,clean_final,737
test-0578,A,0,1254.0,final_answer,clean_final,109
test-0578,A,1,1254.0,final_answer,clean_final,105
test-0578,A,2,1254.0,final_answer,clean_final,113
test-0579,A,0,2.0,final_answer,clean_final,292
test-0579,A,1,2.0,final_answer,clean_final,347
test-0579,A,2,2.0,final_answer,clean_final,355
test-0580,A,0,23.0,final_answer,clean_final,329
test-0580,A,1,24.0,final_answer,clean_final,294
test-0580,A,2,23.0,final_answer,clean_final,385
test-0581,A,0,16.0,final_answer,clean_final,1498
test-0581,A,1,12.0,boxed,mid_cut,1336
test-0581,A,2,6.0,final_answer,clean_final,1496
test-0582,A,0,1.0,final_answer,clean_final,752
test-0582,A,1,230.0,final_answer,clean_final,829
test-0582,A,2,6655.0,final_answer,clean_final,969
test-0583,A,0,-2.0,final_answer,clean_final,894
test-0583,A,1,-4.0,final_answer,clean_final,979
test-0583,A,2,-2.0,final_answer,clean_final,901
test-0584,A,0,9.0,final_answer,clean_final,100
test-0584,A,1,9.0,final_answer,clean_final,91
test-0584,A,2,9.0,final_answer,clean_final,162
test-0585,A,0,32.0,final_answer,clean_final,220
test-0585,A,1,32.0,final_answer,clean_final,160
test-0585,A,2,32.0,final_answer,clean_final,197
test-0586,A,0,20.0,final_answer,clean_final,481
test-0586,A,1,20.0,answer_is,mid_cut,420
test-0586,A,2,20.0,final_answer,clean_final,337
test-0587,A,0,988.0,final_answer,clean_final,1206
test-0587,A,1,777.0,final_answer,clean_final,580
test-0587,A,2,929.0,final_answer,clean_final,1285
test-0588,A,0,56.0,final_answer,clean_final,1096
test-0588,A,1,384.0,final_answer,clean_final,1090
test-0588,A,2,672.0,final_answer,clean_final,855
test-0589,A,0,104.0,final_answer,clean_final,400
test-0589,A,1,102.0,final_answer,clean_final,284
test-0589,A,2,104.0,final_answer,clean_final,447
test-0590,A,0,21.0,final_answer,clean_final,256
test-0590,A,1,21.0,final_answer,clean_final,265
test-0590,A,2,21.0,final_answer,clean_final,199
test-0591,A,0,10.0,final_answer,clean_final,256
test-0591,A,1,10.0,final_answer,clean_final,283
test-0591,A,2,10.0,final_answer,clean_final,268
test-0592,A,0,-4.0,final_answer,clean_final,507
test-0592,A,1,-4.0,final_answer,clean_final,496
test-0592,A,2,-4.0,final_answer,clean_final,514
test-0593,A,0,0.0,final_answer,clean_final,398
test-0593,A,1,4005.0,final_answer,clean_final,743
test-0593,A,2,6.0,final_answer,clean_final,411
test-0594,A,0,8640.0,final_answer,clean_final,1012
test-0594,A,1,9986.0,final_answer,clean_final,639
test-0594,A,2,8910.0,final_answer,clean_final,938
test-0595,A,0,16.0,final_answer,clean_final,232
test-0595,A,1,16.0,final_answer,clean_final,187
test-0595,A,2,16.0,final_answer,clean_final,219
test-0596,A,0,,fail,mid_cut,1536
test-0596,A,1,10.0,final_answer,clean_final,1099
test-0596,A,2,1.0,last_number,ends_digit,1536
test-0597,A,0,2.0,final_answer,clean_final,205
test-0597,A,1,2.0,final_answer,clean_final,217
test-0597,A,2,2.0,final_answer,clean_final,386
test-0598,A,0,-29.0,final_answer,clean_final,546
test-0598,A,1,-23.0,final_answer,clean_final,992
test-0598,A,2,-29.0,final_answer,clean_final,822
test-0599,A,0,1023.0,final_answer,clean_final,396
test-0599,A,1,5.0,final_answer,clean_final,407
test-0599,A,2,16.0,final_answer,clean_final,524
test-0600,A,0,66.0,final_answer,clean_final,592
test-0600,A,1,78.0,boxed,mid_cut,1037
test-0600,A,2,70.0,final_answer,clean_final,627
test-0601,A,0,13.0,final_answer,clean_final,535
test-0601,A,1,1.0,final_answer,clean_final,764
test-0601,A,2,8060000.0,final_answer,clean_final,698
test-0602,A,0,-26.0,final_answer,clean_final,552
test-0602,A,1,148.0,final_answer,clean_final,470
test-0602,A,2,-26.0,final_answer,clean_final,597
test-0603,A,0,2.0,final_answer,clean_final,337
test-0603,A,1,2.0,final_answer,clean_final,680
test-0603,A,2,2.0,final_answer,clean_final,281
test-0604,A,0,499.0,final_answer,clean_final,1504
test-0604,A,1,500.0,final_answer,clean_final,1074
test-0604,A,2,1001.0,final_answer,clean_final,1203
test-0605,A,0,2010.0,final_answer,clean_final,874
test-0605,A,1,9.0,final_answer,clean_final,966
test-0605,A,2,7.0,answer_is,mid_cut,1280
test-0606,A,0,5.0,final_answer,clean_final,530
test-0606,A,1,5.0,final_answer,clean_final,456
test-0606,A,2,5.0,final_answer,clean_final,433
test-0607,A,0,0.0,final_answer,clean_final,480
test-0607,A,1,0.0,final_answer,mid_cut,547
test-0607,A,2,0.0,final_answer,clean_final,435
test-0608,A,0,8.0,final_answer,clean_final,1130
test-0608,A,1,9.0,final_answer,clean_final,1490
test-0608,A,2,4.0,final_answer,clean_final,967
test-0609,A,0,300.0,final_answer,clean_final,415
test-0609,A,1,300.0,final_answer,clean_final,369
test-0609,A,2,300.0,final_answer,clean_final,434
test-0610,A,0,12.0,final_answer,clean_final,360
test-0610,A,1,12.0,final_answer,clean_final,409
test-0610,A,2,12.0,final_answer,clean_final,290
test-0611,A,0,6.0,final_answer,clean_final,202
test-0611,A,1,6.0,final_answer,clean_final,250
test-0611,A,2,6.0,final_answer,clean_final,203
test-0612,A,0,16.0,final_answer,clean_final,386
test-0612,A,1,28.0,final_answer,clean_final,306
test-0612,A,2,16.0,final_answer,clean_final,352
test-0613,A,0,10.0,final_answer,clean_final,282
test-0613,A,1,10.0,final_answer,clean_final,312
test-0613,A,2,10.0,final_answer,clean_final,293
test-0614,A,0,48.0,final_answer,clean_final,191
test-0614,A,1,36.0,final_answer,clean_final,285
test-0614,A,2,48.0,final_answer,clean_final,324
test-0615,A,0,77.0,final_answer,clean_final,681
test-0615,A,1,44.0,final_answer,clean_final,653
test-0615,A,2,45.0,final_answer,clean_final,697
test-0616,A,0,150.0,final_answer,clean_final,274
test-0616,A,1,150.0,last_number,mid_cut,330
test-0616,A,2,150.0,final_answer,clean_final,231
test-0617,A,0,159.0,final_answer,clean_final,182
test-0617,A,1,159.0,final_answer,clean_final,176
test-0617,A,2,159.0,final_answer,clean_final,180
test-0618,A,0,12.0,final_answer,clean_final,155
test-0618,A,1,12.0,final_answer,clean_final,112
test-0618,A,2,12.0,final_answer,clean_final,207
test-0619,A,0,12.0,final_answer,clean_final,541
test-0619,A,1,72.0,final_answer,clean_final,803
test-0619,A,2,36.0,final_answer,clean_final,1078
test-0620,A,0,8.0,final_answer,clean_final,344
test-0620,A,1,8.0,final_answer,clean_final,269
test-0620,A,2,8.0,final_answer,clean_final,377
test-0621,A,0,148.0,final_answer,clean_final,202
test-0621,A,1,148.0,final_answer,clean_final,286
test-0621,A,2,148.0,final_answer,clean_final,323
test-0622,A,0,40.0,final_answer,clean_final,367
test-0622,A,1,40.0,final_answer,clean_final,368
test-0622,A,2,40.0,final_answer,clean_final,227
test-0623,A,0,842.0,final_answer,clean_final,1059
test-0623,A,1,124.0,final_answer,clean_final,695
test-0623,A,2,15.0,final_answer,clean_final,862
test-0624,A,0,-32.0,final_answer,clean_final,201
test-0624,A,1,-8.0,final_answer,clean_final,282
test-0624,A,2,2.0,final_answer,clean_final,360
test-0625,A,0,61.0,final_answer,clean_final,355
test-0625,A,1,61.0,final_answer,clean_final,356
test-0625,A,2,61.0,final_answer,clean_final,291
test-0626,A,0,139.0,final_answer,clean_final,180
test-0626,A,1,139.0,final_answer,clean_final,163
test-0626,A,2,139.0,final_answer,clean_final,168
test-0627,A,0,114.0,final_answer,clean_final,222
test-0627,A,1,114.0,final_answer,clean_final,275
test-0627,A,2,114.0,final_answer,clean_final,262
test-0628,A,0,50.0,final_answer,clean_final,227
test-0628,A,1,50.0,final_answer,clean_final,215
test-0628,A,2,50.0,final_answer,clean_final,145
test-0629,A,0,41.0,final_answer,clean_final,301
test-0629,A,1,41.0,final_answer,clean_final,303
test-0629,A,2,41.0,final_answer,clean_final,239
test-0630,A,0,0.0,final_answer,clean_final,1098
test-0630,A,1,2.0,final_answer,clean_final,1043
test-0630,A,2,0.0,final_answer,clean_final,935
test-0631,A,0,32.0,final_answer,clean_final,283
test-0631,A,1,32.0,final_answer,clean_final,273
test-0631,A,2,32.0,final_answer,clean_final,229
test-0632,A,0,10.0,final_answer,clean_final,388
test-0632,A,1,810.0,final_answer,clean_final,320
test-0632,A,2,19.0,final_answer,clean_final,684
test-0633,A,0,7.0,final_answer,clean_final,467
test-0633,A,1,7.0,final_answer,clean_final,254
test-0633,A,2,7.0,final_answer,clean_final,458
test-0634,A,0,7.0,final_answer,clean_final,574
test-0634,A,1,7.0,final_answer,clean_final,593
test-0634,A,2,7.0,final_answer,clean_final,498
test-0635,A,0,10.0,final_answer,clean_final,205
test-0635,A,1,10.0,final_answer,clean_final,236
test-0635,A,2,10.0,final_answer,clean_final,256
test-0636,A,0,5.0,final_answer,clean_final,243
test-0636,A,1,6.0,final_answer,clean_final,409
test-0636,A,2,5.0,final_answer,clean_final,208
test-0637,A,0,1.0,boxed,mid_cut,1446
test-0637,A,1,1.0,final_answer,clean_final,135
test-0637,A,2,17.0,final_answer,clean_final,1130
test-0638,A,0,30.0,answer_is,mid_cut,565
test-0638,A,1,30.0,boxed,mid_cut,453
test-0638,A,2,30.0,final_answer,clean_final,555
test-0639,A,0,16.0,final_answer,clean_final,487
test-0639,A,1,16.0,final_answer,clean_final,464
test-0639,A,2,16.0,final_answer,clean_final,500
test-0640,A,0,320.0,final_answer,clean_final,230
test-0640,A,1,320.0,final_answer,clean_final,239
test-0640,A,2,320.0,final_answer,clean_final,167
test-0641,A,0,1400.0,final_answer,clean_final,387
test-0641,A,1,1050.0,final_answer,clean_final,869
test-0641,A,2,1400.0,final_answer,clean_final,400
test-0642,A,0,72.0,boxed,mid_cut,568
test-0642,A,1,180.0,boxed,mid_cut,454
test-0642,A,2,180.0,final_answer,clean_final,420
test-0643,A,0,22801.0,final_answer,clean_final,256
test-0643,A,1,228.0,final_answer,clean_final,559
test-0643,A,2,228.0,final_answer,clean_final,429
test-0644,A,0,29.0,final_answer,clean_final,251
test-0644,A,1,29.0,final_answer,clean_final,214
test-0644,A,2,29.0,final_answer,clean_final,191
test-0645,A,0,400.0,final_answer,clean_final,380
test-0645,A,1,480.0,final_answer,clean_final,280
test-0645,A,2,480.0,final_answer,clean_final,308
test-0646,A,0,-60.0,final_answer,clean_final,276
test-0646,A,1,4.0,final_answer,clean_final,219
test-0646,A,2,4.0,final_answer,clean_final,312
test-0647,A,0,,fail,clean_final,258
test-0647,A,1,18.0,final_answer,clean_final,386
test-0647,A,2,18.0,final_answer,clean_final,457
test-0648,A,0,7.0,final_answer,clean_final,148
test-0648,A,1,7.0,final_answer,clean_final,149
test-0648,A,2,7.0,final_answer,clean_final,219
test-0649,A,0,500.0,final_answer,clean_final,993
test-0649,A,1,500.0,final_answer,clean_final,740
test-0649,A,2,500.0,answer_is,mid_cut,816
test-0650,A,0,25,final_answer,clean_final,167
test-0650,A,1,25,final_answer,clean_final,191
test-0650,A,2,25,final_answer,clean_final,187
test-0651,A,0,500,final_answer,clean_final,273
test-0651,A,1,500,final_answer,clean_final,391
test-0651,A,2,500,final_answer,clean_final,398
test-0652,A,0,1007,final_answer,clean_final,506
test-0652,A,1,1007,final_answer,clean_final,569
test-0652,A,2,1007,boxed,sentence_end,709
test-0653,A,0,25,final_answer,clean_final,254
test-0653,A,1,25,final_answer,clean_final,378
test-0653,A,2,25,final_answer,clean_final,253
test-0654,A,0,32,final_answer,clean_final,152
test-0654,A,1,32,final_answer,clean_final,181
test-0654,A,2,32,final_answer,clean_final,214
test-0655,A,0,2,final_answer,clean_final,80
test-0655,A,1,2,final_answer,clean_final,78
test-0655,A,2,2,final_answer,clean_final,153
test-0656,A,0,70,final_answer,clean_final,176
test-0656,A,1,70,final_answer,clean_final,193
test-0656,A,2,70,final_answer,clean_final,186
test-0657,A,0,12,final_answer,clean_final,248
test-0657,A,1,12,final_answer,clean_final,249
test-0657,A,2,12,final_answer,clean_final,276
test-0658,A,0,410,final_answer,clean_final,302
test-0658,A,1,374,final_answer,clean_final,410
test-0658,A,2,674,final_answer,clean_final,427
test-0659,A,0,190,final_answer,clean_final,471
test-0659,A,1,235,final_answer,clean_final,638
test-0659,A,2,815,final_answer,clean_final,646
test-0660,A,0,45,final_answer,clean_final,240
test-0660,A,1,45,final_answer,clean_final,225
test-0660,A,2,45,final_answer,clean_final,191
test-0661,A,0,3,final_answer,clean_final,381
test-0661,A,1,7,final_answer,clean_final,673
test-0661,A,2,3,final_answer,clean_final,355
test-0662,A,0,1,final_answer,clean_final,330
test-0662,A,1,1,answer_is,mid_cut,432
test-0662,A,2,1,final_answer,clean_final,385
test-0663,A,0,43,boxed,mid_cut,1231
test-0663,A,1,227,final_answer,clean_final,1100
test-0663,A,2,202,final_answer,clean_final,974
test-0664,A,0,84,boxed,mid_cut,522
test-0664,A,1,84,final_answer,clean_final,572
test-0664,A,2,84,final_answer,clean_final,311
test-0665,A,0,42,boxed,mid_cut,689
test-0665,A,1,3151,final_answer,clean_final,1113
test-0665,A,2,62,final_answer,clean_final,630
test-0666,A,0,78,final_answer,clean_final,569
test-0666,A,1,78,final_answer,clean_final,583
test-0666,A,2,32,final_answer,clean_final,1269
test-0667,A,0,84,final_answer,clean_final,623
test-0667,A,1,4000,last_number,ends_digit,1536
test-0667,A,2,1024,boxed,mid_cut,668
test-0668,A,0,14,final_answer,clean_final,1085
test-0668,A,1,3,final_answer,clean_final,1335
test-0668,A,2,3,final_answer,clean_final,1241
test-0669,A,0,28800,final_answer,clean_final,161
test-0669,A,1,28800,final_answer,clean_final,201
test-0669,A,2,28800,final_answer,clean_final,145
test-0670,A,0,12,final_answer,clean_final,625
test-0670,A,1,12,final_answer,clean_final,631
test-0670,A,2,162,final_answer,clean_final,406
test-0671,A,0,121,final_answer,clean_final,341
test-0671,A,1,121,final_answer,clean_final,392
test-0671,A,2,121,final_answer,clean_final,547
test-0672,A,0,2,final_answer,clean_final,162
test-0672,A,1,2,final_answer,clean_final,283
test-0672,A,2,2,final_answer,clean_final,240
test-0673,A,0,354,final_answer,clean_final,256
test-0673,A,1,354,final_answer,clean_final,298
test-0673,A,2,354,final_answer,clean_final,201
test-0674,A,0,2,final_answer,clean_final,240
test-0674,A,1,2,final_answer,clean_final,234
test-0674,A,2,2,final_answer,clean_final,310
test-0675,A,0,1,last_number,ends_digit,1536
test-0675,A,1,33,final_answer,clean_final,948
test-0675,A,2,14,final_answer,clean_final,1446
test-0676,A,0,4012,final_answer,clean_final,1067
test-0676,A,1,8024,final_answer,clean_final,505
test-0676,A,2,48256344,final_answer,clean_final,866
test-0677,A,0,8,final_answer,clean_final,271
test-0677,A,1,8,final_answer,clean_final,223
test-0677,A,2,8,final_answer,clean_final,208
test-0678,A,0,15,final_answer,clean_final,693
test-0678,A,1,15,final_answer,clean_final,505
test-0678,A,2,13,final_answer,clean_final,574
test-0679,A,0,482,final_answer,clean_final,222
test-0679,A,1,482,final_answer,clean_final,177
test-0679,A,2,482,final_answer,clean_final,245
test-0680,A,0,390,final_answer,clean_final,403
test-0680,A,1,546,final_answer,clean_final,277
test-0680,A,2,210,final_answer,clean_final,522
test-0681,A,0,120,final_answer,clean_final,181
test-0681,A,1,120,final_answer,clean_final,183
test-0681,A,2,120,final_answer,clean_final,223
test-0682,A,0,4,final_answer,clean_final,166
test-0682,A,1,4,final_answer,clean_final,143
test-0682,A,2,4,final_answer,clean_final,134
test-0683,A,0,15,final_answer,clean_final,278
test-0683,A,1,15,final_answer,clean_final,325
test-0683,A,2,15,final_answer,clean_final,347
test-0684,A,0,2,final_answer,clean_final,550
test-0684,A,1,1,final_answer,clean_final,573
test-0684,A,2,2,final_answer,clean_final,262
test-0685,A,0,9,final_answer,clean_final,150
test-0685,A,1,9,final_answer,clean_final,120
test-0685,A,2,9,final_answer,clean_final,85
test-0686,A,0,14,final_answer,clean_final,1189
test-0686,A,1,6,final_answer,clean_final,1197
test-0686,A,2,14,final_answer,clean_final,884
test-0687,A,0,9,final_answer,clean_final,295
test-0687,A,1,1,final_answer,clean_final,286
test-0687,A,2,1,final_answer,clean_final,198
test-0688,A,0,2,last_number,mid_cut,1536
test-0688,A,1,1333,final_answer,clean_final,841
test-0688,A,2,31,final_answer,clean_final,1470
test-0689,A,0,27,final_answer,clean_final,1451
test-0689,A,1,50,final_answer,clean_final,1118
test-0689,A,2,15,final_answer,clean_final,742
test-0690,A,0,21,final_answer,clean_final,970
test-0690,A,1,100,final_answer,clean_final,614
test-0690,A,2,18,last_number,ends_digit,1536
test-0691,A,0,4,final_answer,clean_final,234
test-0691,A,1,4,final_answer,clean_final,229
test-0691,A,2,4,final_answer,clean_final,221
test-0692,A,0,171,final_answer,clean_final,323
test-0692,A,1,171,final_answer,clean_final,274
test-0692,A,2,171,final_answer,clean_final,315
test-0693,A,0,6,final_answer,clean_final,526
test-0693,A,1,16,final_answer,clean_final,245
test-0693,A,2,0,final_answer,clean_final,456
test-0694,A,0,12,final_answer,clean_final,302
test-0694,A,1,12,final_answer,clean_final,327
test-0694,A,2,108,final_answer,clean_final,276
test-0695,A,0,4,final_answer,mid_cut,818
test-0695,A,1,0,boxed,mid_cut,1374
test-0695,A,2,-1,final_answer,clean_final,777
test-0696,A,0,120,answer_is,mid_cut,161
test-0696,A,1,120,final_answer,clean_final,116
test-0696,A,2,120,final_answer,clean_final,293
test-0697,A,0,2,boxed,mid_cut,268
test-0697,A,1,2,final_answer,clean_final,217
test-0697,A,2,2,final_answer,clean_final,281
test-0698,A,0,1937,boxed,mid_cut,950
test-0698,A,1,1850,final_answer,clean_final,614
test-0698,A,2,20,last_number,mid_cut,1536
test-0699,A,0,1,final_answer,clean_final,428
test-0699,A,1,1,final_answer,clean_final,416
test-0699,A,2,1,final_answer,clean_final,347
test-0700,A,0,0,final_answer,clean_final,731
test-0700,A,1,2,final_answer,clean_final,675
test-0700,A,2,0,final_answer,clean_final,397
test-0701,A,0,120,final_answer,clean_final,283
test-0701,A,1,120,final_answer,clean_final,230
test-0701,A,2,120,final_answer,clean_final,196
test-0702,A,0,71,final_answer,clean_final,1345
test-0702,A,1,20,last_number,mid_cut,1536
test-0702,A,2,0,final_answer,clean_final,1517
test-0703,A,0,4,final_answer,clean_final,521
test-0703,A,1,6,final_answer,clean_final,612
test-0703,A,2,6,final_answer,clean_final,662
test-0704,A,0,24,final_answer,clean_final,455
test-0704,A,1,9216,last_number,mid_cut,1536
test-0704,A,2,920,final_answer,clean_final,1402
test-0705,A,0,576,final_answer,clean_final,205
test-0705,A,1,576,final_answer,clean_final,232
test-0705,A,2,576,final_answer,clean_final,237
test-0706,A,0,49,final_answer,clean_final,214
test-0706,A,1,49,final_answer,clean_final,208
test-0706,A,2,49,final_answer,clean_final,315
test-0707,A,0,100000,final_answer,clean_final,224
test-0707,A,1,100000,final_answer,clean_final,217
test-0707,A,2,100000,final_answer,clean_final,232
test-0708,A,0,272,final_answer,clean_final,856
test-0708,A,1,20,final_answer,clean_final,864
test-0708,A,2,20,final_answer,clean_final,599
test-0709,A,0,1376,final_answer,clean_final,209
test-0709,A,1,1376,final_answer,clean_final,147
test-0709,A,2,1376,final_answer,clean_final,215
test-0710,A,0,-89,final_answer,clean_final,789
test-0710,A,1,31,final_answer,clean_final,594
test-0710,A,2,31,final_answer,clean_final,1204
test-0711,A,0,5,final_answer,clean_final,306
test-0711,A,1,5,final_answer,clean_final,314
test-0711,A,2,5,final_answer,clean_final,349
test-0712,A,0,699,final_answer,clean_final,632
test-0712,A,1,700,boxed,mid_cut,554
test-0712,A,2,699,final_answer,clean_final,555
test-0713,A,0,772,boxed,mid_cut,1005
test-0713,A,1,4032,final_answer,clean_final,617
test-0713,A,2,8063,final_answer,clean_final,636
test-0714,A,0,4,final_answer,clean_final,413
test-0714,A,1,13,final_answer,clean_final,455
test-0714,A,2,4,final_answer,clean_final,427
test-0715,A,0,99,final_answer,clean_final,245
test-0715,A,1,99,final_answer,clean_final,282
test-0715,A,2,99,final_answer,clean_final,278
test-0716,A,0,19,final_answer,clean_final,690
test-0716,A,1,38,final_answer,clean_final,684
test-0716,A,2,189,final_answer,clean_final,732
test-0717,A,0,10,final_answer,clean_final,528
test-0717,A,1,2,final_answer,clean_final,333
test-0717,A,2,2,final_answer,clean_final,481
test-0718,A,0,108,final_answer,clean_final,233
test-0718,A,1,108,final_answer,clean_final,330
test-0718,A,2,108,final_answer,clean_final,225
test-0719,A,0,22,final_answer,clean_final,324
test-0719,A,1,22,final_answer,clean_final,328
test-0719,A,2,22,final_answer,clean_final,289
test-0720,A,0,8,final_answer,clean_final,297
test-0720,A,1,8,final_answer,clean_final,267
test-0720,A,2,3,final_answer,clean_final,182
test-0721,A,0,60,final_answer,clean_final,238
test-0721,A,1,60,final_answer,clean_final,279
test-0721,A,2,60,final_answer,clean_final,310
test-0722,A,0,2008,final_answer,clean_final,1010
test-0722,A,1,2008,final_answer,clean_final,539
test-0722,A,2,1004,final_answer,clean_final,765
test-0723,A,0,3030,final_answer,clean_final,299
test-0723,A,1,3030,final_answer,clean_final,255
test-0723,A,2,3030,final_answer,clean_final,243
test-0724,A,0,78,final_answer,clean_final,852
test-0724,A,1,13,final_answer,clean_final,760
test-0724,A,2,234,final_answer,clean_final,657
test-0725,A,0,39,final_answer,clean_final,265
test-0725,A,1,39,final_answer,clean_final,317
test-0725,A,2,39,final_answer,clean_final,406
test-0726,A,0,25,final_answer,clean_final,1464
test-0726,A,1,20,boxed,mid_cut,1122
test-0726,A,2,25,boxed,mid_cut,1189
test-0727,A,0,112,final_answer,clean_final,548
test-0727,A,1,96,final_answer,clean_final,388
test-0727,A,2,101,final_answer,clean_final,470
test-0728,A,0,350,final_answer,clean_final,156
test-0728,A,1,350,final_answer,clean_final,265
test-0728,A,2,350,final_answer,clean_final,154
test-0729,A,0,24,final_answer,clean_final,216
test-0729,A,1,24,final_answer,clean_final,206
test-0729,A,2,24,final_answer,clean_final,225
test-0730,A,0,6,final_answer,clean_final,329
test-0730,A,1,6,final_answer,clean_final,336
test-0730,A,2,0,answer_is,mid_cut,669
test-0731,A,0,55,final_answer,clean_final,185
test-0731,A,1,55,final_answer,clean_final,227
test-0731,A,2,55,final_answer,clean_final,214
test-0732,A,0,17576,final_answer,clean_final,321
test-0732,A,1,17576,final_answer,clean_final,350
test-0732,A,2,676,final_answer,clean_final,247
test-0733,A,0,11520,boxed,sentence_end,923
test-0733,A,1,996,final_answer,clean_final,1155
test-0733,A,2,0,final_answer,clean_final,530
test-0734,A,0,99000,answer_is,mid_cut,168
test-0734,A,1,99000,final_answer,clean_final,171
test-0734,A,2,99000,final_answer,clean_final,219
test-0735,A,0,2,final_answer,clean_final,796
test-0735,A,1,2,boxed,sentence_end,746
test-0735,A,2,3,final_answer,clean_final,619
test-0736,A,0,8,final_answer,clean_final,1172
test-0736,A,1,8,final_answer,clean_final,1306
test-0736,A,2,8,final_answer,clean_final,1229
test-0737,A,0,1,final_answer,clean_final,670
test-0737,A,1,16,final_answer,clean_final,559
test-0737,A,2,0,final_answer,clean_final,316
test-0738,A,0,410,final_answer,clean_final,236
test-0738,A,1,410,final_answer,clean_final,243
test-0738,A,2,410,final_answer,clean_final,230
test-0739,A,0,116,final_answer,clean_final,143
test-0739,A,1,116,final_answer,clean_final,124
test-0739,A,2,116,final_answer,clean_final,151
test-0740,A,0,2031,final_answer,clean_final,895
test-0740,A,1,2033,final_answer,clean_final,959
test-0740,A,2,2033,final_answer,clean_final,889
test-0741,A,0,6,final_answer,clean_final,578
test-0741,A,1,10,final_answer,clean_final,1058
test-0741,A,2,10,final_answer,clean_final,795
test-0742,A,0,4,last_number,mid_cut,1536
test-0742,A,1,21,final_answer,clean_final,952
test-0742,A,2,17,final_answer,clean_final,831
test-0743,A,0,4,final_answer,clean_final,199
test-0743,A,1,4,final_answer,clean_final,266
test-0743,A,2,4,final_answer,clean_final,242
test-0744,A,0,512,final_answer,clean_final,571
test-0744,A,1,1024,boxed,mid_cut,654
test-0744,A,2,512,final_answer,clean_final,566
test-0745,A,0,159,final_answer,clean_final,211
test-0745,A,1,159,boxed,mid_cut,187
test-0745,A,2,159,final_answer,clean_final,144
test-0746,A,0,2,final_answer,clean_final,247
test-0746,A,1,2,final_answer,clean_final,265
test-0746,A,2,2,final_answer,clean_final,280
test-0747,A,0,24,final_answer,clean_final,850
test-0747,A,1,8,final_answer,clean_final,1047
test-0747,A,2,16,final_answer,clean_final,978
test-0748,A,0,137,final_answer,clean_final,404
test-0748,A,1,137,final_answer,clean_final,471
test-0748,A,2,137,final_answer,clean_final,586
test-0749,A,0,32,final_answer,clean_final,1113
test-0749,A,1,35,last_number,ends_digit,1536
test-0749,A,2,22,final_answer,clean_final,980
test-0750,A,0,41.0,final_answer,clean_final,244
test-0750,A,1,41.0,final_answer,clean_final,319
test-0750,A,2,41.0,final_answer,clean_final,286
test-0751,A,0,14000.0,final_answer,clean_final,327
test-0751,A,1,14000.0,final_answer,clean_final,311
test-0751,A,2,14000.0,final_answer,clean_final,317
test-0752,A,0,66.0,final_answer,clean_final,134
test-0752,A,1,66.0,final_answer,clean_final,146
test-0752,A,2,66.0,final_answer,clean_final,149
test-0753,A,0,72.0,final_answer,clean_final,379
test-0753,A,1,60.0,final_answer,clean_final,631
test-0753,A,2,60.0,final_answer,clean_final,625
test-0754,A,0,175.0,final_answer,clean_final,392
test-0754,A,1,125.0,final_answer,clean_final,318
test-0754,A,2,125.0,final_answer,clean_final,523
test-0755,A,0,1141.0,answer_is,mid_cut,1293
test-0755,A,1,30.0,answer_is,mid_cut,910
test-0755,A,2,216.0,final_answer,clean_final,988
test-0756,A,0,5.0,final_answer,clean_final,212
test-0756,A,1,5.0,final_answer,clean_final,249
test-0756,A,2,5.0,final_answer,clean_final,164
test-0757,A,0,2.0,final_answer,clean_final,890
test-0757,A,1,2.0,final_answer,clean_final,1103
test-0757,A,2,54.0,final_answer,clean_final,1078
test-0758,A,0,30.0,final_answer,clean_final,264
test-0758,A,1,30.0,answer_is,mid_cut,247
test-0758,A,2,30.0,final_answer,clean_final,326
test-0759,A,0,37.0,final_answer,clean_final,512
test-0759,A,1,63.0,final_answer,clean_final,398
test-0759,A,2,377.0,final_answer,clean_final,498
test-0760,A,0,4400.0,final_answer,clean_final,294
test-0760,A,1,4400.0,final_answer,clean_final,362
test-0760,A,2,4400.0,final_answer,clean_final,284
test-0761,A,0,0.0,final_answer,clean_final,559
test-0761,A,1,120.0,final_answer,clean_final,888
test-0761,A,2,190.0,final_answer,clean_final,957
test-0762,A,0,6.0,final_answer,clean_final,533
test-0762,A,1,6.0,final_answer,clean_final,1003
test-0762,A,2,6.0,final_answer,clean_final,690
test-0763,A,0,0.0,final_answer,clean_final,786
test-0763,A,1,0.0,final_answer,clean_final,748
test-0763,A,2,1.0,final_answer,clean_final,886
test-0764,A,0,1.0,final_answer,clean_final,823
test-0764,A,1,12.0,final_answer,clean_final,926
test-0764,A,2,1.0,final_answer,clean_final,917
test-0765,A,0,200.0,boxed,mid_cut,1165
test-0765,A,1,1.0,last_number,ends_digit,1536
test-0765,A,2,5.0,last_number,mid_cut,1536
test-0766,A,0,7300.0,answer_is,mid_cut,823
test-0766,A,1,900.0,final_answer,clean_final,477
test-0766,A,2,900.0,final_answer,clean_final,530
test-0767,A,0,20.0,final_answer,clean_final,194
test-0767,A,1,20.0,final_answer,clean_final,234
test-0767,A,2,20.0,final_answer,clean_final,168
test-0768,A,0,120.0,final_answer,clean_final,276
test-0768,A,1,120.0,final_answer,clean_final,235
test-0768,A,2,120.0,final_answer,clean_final,235
test-0769,A,0,200.0,final_answer,clean_final,207
test-0769,A,1,200.0,final_answer,clean_final,223
test-0769,A,2,200.0,final_answer,clean_final,198
test-0770,A,0,20.0,final_answer,clean_final,239
test-0770,A,1,20.0,final_answer,clean_final,255
test-0770,A,2,20.0,final_answer,clean_final,277
test-0771,A,0,752.0,final_answer,clean_final,254
test-0771,A,1,752.0,final_answer,clean_final,245
test-0771,A,2,752.0,final_answer,clean_final,370
test-0772,A,0,1.0,final_answer,clean_final,587
test-0772,A,1,1.0,final_answer,clean_final,1058
test-0772,A,2,2013.0,answer_is,mid_cut,709
test-0773,A,0,1000.0,final_answer,clean_final,810
test-0773,A,1,25.0,final_answer,clean_final,491
test-0773,A,2,25.0,final_answer,clean_final,1171
test-0774,A,0,297.0,final_answer,clean_final,251
test-0774,A,1,297.0,final_answer,clean_final,189
test-0774,A,2,297.0,final_answer,clean_final,176
test-0775,A,0,5.0,final_answer,clean_final,394
test-0775,A,1,5.0,final_answer,clean_final,225
test-0775,A,2,5.0,final_answer,clean_final,280
test-0776,A,0,6589.0,final_answer,clean_final,678
test-0776,A,1,81.0,final_answer,clean_final,1099
test-0776,A,2,12345679.0,answer_is,mid_cut,872
test-0777,A,0,9.0,final_answer,clean_final,319
test-0777,A,1,9.0,final_answer,clean_final,337
test-0777,A,2,9.0,final_answer,clean_final,440
test-0778,A,0,100.0,final_answer,clean_final,146
test-0778,A,1,100.0,final_answer,clean_final,151
test-0778,A,2,100.0,final_answer,clean_final,177
test-0779,A,0,43.0,final_answer,clean_final,596
test-0779,A,1,23.0,final_answer,clean_final,781
test-0779,A,2,17.0,final_answer,clean_final,669
test-0780,A,0,,fail,sentence_end,31
test-0780,A,1,20.0,last_number,sentence_end,45
test-0780,A,2,20.0,last_number,sentence_end,37
test-0781,A,0,22.0,final_answer,clean_final,563
test-0781,A,1,31.0,final_answer,clean_final,441
test-0781,A,2,22.0,final_answer,clean_final,703
test-0782,A,0,9.0,final_answer,clean_final,88
test-0782,A,1,9.0,final_answer,clean_final,115
test-0782,A,2,9.0,final_answer,clean_final,135
test-0783,A,0,252.0,final_answer,clean_final,1272
test-0783,A,1,4.0,final_answer,clean_final,1109
test-0783,A,2,90.0,last_number,ends_digit,1536
test-0784,A,0,25.0,final_answer,clean_final,262
test-0784,A,1,25.0,final_answer,clean_final,259
test-0784,A,2,25.0,final_answer,clean_final,251
test-0785,A,0,54.0,final_answer,clean_final,386
test-0785,A,1,54.0,final_answer,clean_final,416
test-0785,A,2,54.0,final_answer,clean_final,293
test-0786,A,0,9.0,final_answer,clean_final,187
test-0786,A,1,9.0,final_answer,clean_final,162
test-0786,A,2,9.0,final_answer,clean_final,154
test-0787,A,0,39.0,final_answer,clean_final,961
test-0787,A,1,35.0,final_answer,clean_final,891
test-0787,A,2,14.0,final_answer,clean_final,820
test-0788,A,0,10.0,final_answer,clean_final,635
test-0788,A,1,10.0,final_answer,clean_final,574
test-0788,A,2,10.0,final_answer,clean_final,480
test-0789,A,0,21600.0,boxed,mid_cut,1147
test-0789,A,1,497664.0,final_answer,clean_final,1074
test-0789,A,2,6635232.0,boxed,mid_cut,1383
test-0790,A,0,4.0,boxed,sentence_end,1497
test-0790,A,1,20.0,final_answer,clean_final,1312
test-0790,A,2,7.0,final_answer,clean_final,1444
test-0791,A,0,203.0,final_answer,clean_final,214
test-0791,A,1,203.0,final_answer,clean_final,300
test-0791,A,2,203.0,final_answer,clean_final,311
test-0792,A,0,30.0,final_answer,clean_final,155
test-0792,A,1,30.0,final_answer,clean_final,238
test-0792,A,2,30.0,final_answer,clean_final,155
test-0793,A,0,19.0,final_answer,clean_final,177
test-0793,A,1,19.0,final_answer,clean_final,147
test-0793,A,2,19.0,final_answer,clean_final,159
test-0794,A,0,13.0,final_answer,clean_final,1007
test-0794,A,1,2.0,final_answer,clean_final,457
test-0794,A,2,13.0,final_answer,clean_final,992
test-0795,A,0,80.0,final_answer,clean_final,216
test-0795,A,1,80.0,final_answer,clean_final,263
test-0795,A,2,80.0,final_answer,clean_final,171
test-0796,A,0,140.0,final_answer,clean_final,211
test-0796,A,1,140.0,final_answer,clean_final,234
test-0796,A,2,140.0,final_answer,clean_final,180
test-0797,A,0,5.0,final_answer,clean_final,233
test-0797,A,1,5.0,final_answer,clean_final,271
test-0797,A,2,5.0,final_answer,clean_final,289
test-0798,A,0,3.0,final_answer,clean_final,134
test-0798,A,1,3.0,final_answer,clean_final,147
test-0798,A,2,3.0,final_answer,clean_final,103
test-0799,A,0,2.0,final_answer,clean_final,177
test-0799,A,1,2.0,final_answer,clean_final,144
test-0799,A,2,2.0,final_answer,clean_final,139
test-0800,A,0,466.0,final_answer,clean_final,795
test-0800,A,1,408.0,final_answer,clean_final,501
test-0800,A,2,2.0,final_answer,clean_final,484
test-0801,A,0,5040.0,final_answer,clean_final,309
test-0801,A,1,5040.0,final_answer,clean_final,617
test-0801,A,2,40320.0,final_answer,clean_final,281
test-0802,A,0,13.0,final_answer,clean_final,348
test-0802,A,1,13.0,final_answer,clean_final,331
test-0802,A,2,13.0,final_answer,clean_final,301
test-0803,A,0,60.0,final_answer,clean_final,223
test-0803,A,1,60.0,final_answer,clean_final,269
test-0803,A,2,60.0,final_answer,clean_final,273
test-0804,A,0,5.0,final_answer,clean_final,496
test-0804,A,1,1.0,final_answer,clean_final,677
test-0804,A,2,9.0,answer_is,mid_cut,766
test-0805,A,0,60.0,answer_is,mid_cut,717
test-0805,A,1,60.0,final_answer,clean_final,467
test-0805,A,2,60.0,final_answer,clean_final,457
test-0806,A,0,1082.0,final_answer,clean_final,159
test-0806,A,1,1082.0,final_answer,clean_final,200
test-0806,A,2,1082.0,final_answer,clean_final,249
test-0807,A,0,99.0,final_answer,clean_final,497
test-0807,A,1,100.0,final_answer,clean_final,633
test-0807,A,2,99.0,final_answer,clean_final,611
test-0808,A,0,1.0,final_answer,clean_final,454
test-0808,A,1,0.0,final_answer,clean_final,788
test-0808,A,2,84.0,final_answer,clean_final,397
test-0809,A,0,78.0,final_answer,clean_final,729
test-0809,A,1,13.0,final_answer,clean_final,849
test-0809,A,2,26.0,final_answer,clean_final,908
test-0810,A,0,16.0,final_answer,clean_final,170
test-0810,A,1,16.0,final_answer,clean_final,186
test-0810,A,2,16.0,final_answer,clean_final,270
test-0811,A,0,42.0,final_answer,clean_final,302
test-0811,A,1,,fail,clean_final,454
test-0811,A,2,40.0,final_answer,clean_final,317
test-0812,A,0,12.0,final_answer,clean_final,200
test-0812,A,1,12.0,final_answer,clean_final,205
test-0812,A,2,12.0,final_answer,clean_final,198
test-0813,A,0,280.0,final_answer,clean_final,215
test-0813,A,1,280.0,final_answer,clean_final,208
test-0813,A,2,280.0,final_answer,clean_final,251
test-0814,A,0,720.0,final_answer,clean_final,1220
test-0814,A,1,984.0,final_answer,clean_final,852
test-0814,A,2,3.0,last_number,mid_cut,1536
test-0815,A,0,8.0,final_answer,clean_final,152
test-0815,A,1,8.0,final_answer,clean_final,134
test-0815,A,2,8.0,final_answer,clean_final,179
test-0816,A,0,117.0,final_answer,clean_final,225
test-0816,A,1,117.0,final_answer,clean_final,255
test-0816,A,2,117.0,final_answer,clean_final,226
test-0817,A,0,21.0,last_number,ends_digit,1536
test-0817,A,1,67.0,final_answer,clean_final,1513
test-0817,A,2,76.0,boxed,mid_cut,1130
test-0818,A,0,700.0,final_answer,clean_final,371
test-0818,A,1,700.0,final_answer,clean_final,224
test-0818,A,2,700.0,final_answer,clean_final,236
test-0819,A,0,800.0,final_answer,clean_final,331
test-0819,A,1,800.0,final_answer,clean_final,147
test-0819,A,2,800.0,final_answer,clean_final,296
test-0820,A,0,25.0,final_answer,clean_final,377
test-0820,A,1,25.0,final_answer,clean_final,325
test-0820,A,2,25.0,final_answer,clean_final,444
test-0821,A,0,150.0,final_answer,clean_final,145
test-0821,A,1,150.0,final_answer,clean_final,188
test-0821,A,2,150.0,final_answer,clean_final,132
test-0822,A,0,32.0,final_answer,clean_final,229
test-0822,A,1,32.0,final_answer,clean_final,207
test-0822,A,2,32.0,final_answer,clean_final,269
test-0823,A,0,100.0,boxed,mid_cut,780
test-0823,A,1,100.0,boxed,sentence_end,524
test-0823,A,2,100.0,final_answer,clean_final,709
test-0824,A,0,3.0,boxed,mid_cut,1035
test-0824,A,1,1.0,final_answer,clean_final,1493
test-0824,A,2,14.0,final_answer,clean_final,1267
test-0825,A,0,300.0,final_answer,clean_final,484
test-0825,A,1,300.0,final_answer,clean_final,276
test-0825,A,2,300.0,final_answer,clean_final,263
test-0826,A,0,4.0,final_answer,clean_final,91
test-0826,A,1,4.0,final_answer,clean_final,62
test-0826,A,2,4.0,final_answer,clean_final,75
test-0827,A,0,24.0,final_answer,clean_final,171
test-0827,A,1,80.0,final_answer,clean_final,193
test-0827,A,2,24.0,final_answer,clean_final,246
test-0828,A,0,51.0,final_answer,clean_final,702
test-0828,A,1,100.0,final_answer,clean_final,631
test-0828,A,2,9.0,final_answer,clean_final,1024
test-0829,A,0,9.0,final_answer,clean_final,273
test-0829,A,1,9.0,final_answer,clean_final,269
test-0829,A,2,9.0,final_answer,clean_final,326
test-0830,A,0,3.0,final_answer,clean_final,330
test-0830,A,1,3.0,final_answer,clean_final,373
test-0830,A,2,3.0,final_answer,clean_final,363
test-0831,A,0,750.0,final_answer,clean_final,140
test-0831,A,1,750.0,final_answer,clean_final,164
test-0831,A,2,750.0,final_answer,clean_final,174
test-0832,A,0,1955.0,final_answer,clean_final,243
test-0832,A,1,1955.0,final_answer,clean_final,190
test-0832,A,2,1955.0,final_answer,clean_final,155
test-0833,A,0,1111.0,final_answer,clean_final,278
test-0833,A,1,1111.0,final_answer,clean_final,249
test-0833,A,2,1111.0,final_answer,clean_final,255
test-0834,A,0,9.0,final_answer,clean_final,192
test-0834,A,1,9.0,final_answer,clean_final,207
test-0834,A,2,9.0,final_answer,clean_final,208
test-0835,A,0,300.0,final_answer,clean_final,694
test-0835,A,1,1100.0,final_answer,clean_final,853
test-0835,A,2,3300.0,final_answer,clean_final,835
test-0836,A,0,10.0,final_answer,clean_final,726
test-0836,A,1,16.0,boxed,sentence_end,849
test-0836,A,2,10.0,final_answer,clean_final,794
test-0837,A,0,150.0,final_answer,clean_final,733
test-0837,A,1,180.0,final_answer,clean_final,1315
test-0837,A,2,180.0,final_answer,clean_final,1012
test-0838,A,0,2040.0,final_answer,clean_final,1211
test-0838,A,1,2026.0,boxed,mid_cut,871
test-0838,A,2,2048.0,final_answer,clean_final,675
test-0839,A,0,2211.0,final_answer,clean_final,411
test-0839,A,1,2212.0,final_answer,clean_final,247
test-0839,A,2,66.0,last_number,mid_cut,1536
test-0840,A,0,-12.0,final_answer,clean_final,1000
test-0840,A,1,-1.0,final_answer,clean_final,1171
test-0840,A,2,-12.0,final_answer,clean_final,1034
test-0841,A,0,420.0,final_answer,clean_final,917
test-0841,A,1,4596.0,final_answer,clean_final,1162
test-0841,A,2,885.0,boxed,mid_cut,653
test-0842,A,0,630.0,final_answer,clean_final,288
test-0842,A,1,630.0,final_answer,clean_final,248
test-0842,A,2,630.0,final_answer,clean_final,219
test-0843,A,0,13.0,boxed,mid_cut,722
test-0843,A,1,30.0,boxed,mid_cut,957
test-0843,A,2,289.0,boxed,mid_cut,690
test-0844,A,0,54.0,final_answer,clean_final,455
test-0844,A,1,54.0,final_answer,clean_final,428
test-0844,A,2,54.0,final_answer,clean_final,581
test-0845,A,0,47.0,final_answer,clean_final,478
test-0845,A,1,47.0,final_answer,clean_final,812
test-0845,A,2,149.0,final_answer,clean_final,795
test-0846,A,0,40.0,final_answer,clean_final,212
test-0846,A,1,40.0,final_answer,clean_final,338
test-0846,A,2,40.0,final_answer,clean_final,219
test-0847,A,0,504.0,final_answer,clean_final,740
test-0847,A,1,608.0,final_answer,clean_final,1386
test-0847,A,2,144.0,final_answer,clean_final,536
test-0848,A,0,24.0,final_answer,clean_final,764
test-0848,A,1,27.0,last_number,ends_digit,1536
test-0848,A,2,28.0,final_answer,clean_final,865
test-0849,A,0,,fail,clean_final,1228
test-0849,A,1,42.0,answer_is,mid_cut,992
test-0849,A,2,-627.0,final_answer,clean_final,1196
test-0850,A,0,1220,boxed,mid_cut,882
test-0850,A,1,407,final_answer,clean_final,636
test-0850,A,2,28,final_answer,clean_final,807
test-0851,A,0,9,final_answer,clean_final,320
test-0851,A,1,9,final_answer,clean_final,359
test-0851,A,2,9,final_answer,clean_final,251
test-0852,A,0,36,final_answer,clean_final,410
test-0852,A,1,72,final_answer,clean_final,381
test-0852,A,2,72,final_answer,clean_final,550
test-0853,A,0,300,final_answer,clean_final,496
test-0853,A,1,300,last_number,mid_cut,455
test-0853,A,2,300,final_answer,clean_final,365
test-0854,A,0,80,final_answer,clean_final,366
test-0854,A,1,20,final_answer,clean_final,272
test-0854,A,2,20,final_answer,clean_final,258
test-0855,A,0,-1,final_answer,clean_final,518
test-0855,A,1,181,final_answer,clean_final,479
test-0855,A,2,6,final_answer,clean_final,433
test-0856,A,0,0,final_answer,clean_final,788
test-0856,A,1,12,final_answer,clean_final,1155
test-0856,A,2,3,boxed,mid_cut,712
test-0857,A,0,1035,final_answer,clean_final,321
test-0857,A,1,1035,final_answer,clean_final,279
test-0857,A,2,1035,final_answer,clean_final,388
test-0858,A,0,6,final_answer,clean_final,281
test-0858,A,1,6,final_answer,clean_final,255
test-0858,A,2,6,final_answer,clean_final,245
test-0859,A,0,95,final_answer,clean_final,209
test-0859,A,1,94,final_answer,clean_final,274
test-0859,A,2,94,final_answer,clean_final,282
test-0860,A,0,50,final_answer,clean_final,213
test-0860,A,1,50,final_answer,clean_final,230
test-0860,A,2,50,final_answer,clean_final,122
test-0861,A,0,5,final_answer,clean_final,328
test-0861,A,1,5,final_answer,clean_final,287
test-0861,A,2,5,final_answer,clean_final,563
test-0862,A,0,21,final_answer,clean_final,561
test-0862,A,1,21,final_answer,clean_final,863
test-0862,A,2,2011,final_answer,clean_final,723
test-0863,A,0,24,final_answer,clean_final,247
test-0863,A,1,24,answer_is,sentence_end,354
test-0863,A,2,24,final_answer,clean_final,307
test-0864,A,0,34,boxed,mid_cut,672
test-0864,A,1,9,boxed,mid_cut,742
test-0864,A,2,17,boxed,mid_cut,973
test-0865,A,0,-2,final_answer,clean_final,892
test-0865,A,1,-6,final_answer,clean_final,1085
test-0865,A,2,-1,final_answer,clean_final,713
test-0866,A,0,18,final_answer,clean_final,169
test-0866,A,1,18,final_answer,clean_final,215
test-0866,A,2,18,final_answer,clean_final,189
test-0867,A,0,3,final_answer,clean_final,443
test-0867,A,1,3,final_answer,clean_final,400
test-0867,A,2,3,final_answer,clean_final,313
test-0868,A,0,9,final_answer,clean_final,167
test-0868,A,1,9,final_answer,clean_final,147
test-0868,A,2,9,final_answer,clean_final,120
test-0869,A,0,13,final_answer,clean_final,780
test-0869,A,1,2191,final_answer,clean_final,1013
test-0869,A,2,11,final_answer,clean_final,871
test-0870,A,0,25,final_answer,clean_final,304
test-0870,A,1,25,final_answer,clean_final,321
test-0870,A,2,25,final_answer,clean_final,362
test-0871,A,0,2027079,final_answer,clean_final,1102
test-0871,A,1,1,final_answer,clean_final,1090
test-0871,A,2,1,final_answer,clean_final,851
test-0872,A,0,1600,final_answer,clean_final,211
test-0872,A,1,1600,final_answer,clean_final,155
test-0872,A,2,1600,final_answer,clean_final,175
test-0873,A,0,75,final_answer,clean_final,279
test-0873,A,1,75,final_answer,clean_final,459
test-0873,A,2,75,final_answer,clean_final,291
test-0874,A,0,230,final_answer,clean_final,238
test-0874,A,1,230,final_answer,clean_final,217
test-0874,A,2,230,final_answer,clean_final,162
test-0875,A,0,700,final_answer,clean_final,159
test-0875,A,1,700,final_answer,clean_final,134
test-0875,A,2,700,final_answer,clean_final,120
test-0876,A,0,130,final_answer,clean_final,223
test-0876,A,1,130,final_answer,clean_final,189
test-0876,A,2,130,final_answer,clean_final,170
test-0877,A,0,84,boxed,mid_cut,1320
test-0877,A,1,54,final_answer,clean_final,806
test-0877,A,2,9,final_answer,clean_final,963
test-0878,A,0,20,final_answer,clean_final,646
test-0878,A,1,20,final_answer,clean_final,570
test-0878,A,2,22,final_answer,clean_final,1253
test-0879,A,0,17,final_answer,clean_final,547
test-0879,A,1,17,final_answer,clean_final,797
test-0879,A,2,17,final_answer,clean_final,789
test-0880,A,0,27,final_answer,clean_final,318
test-0880,A,1,27,final_answer,clean_final,399
test-0880,A,2,27,final_answer,clean_final,331
test-0881,A,0,864,answer_is,mid_cut,387
test-0881,A,1,420,answer_is,mid_cut,1000
test-0881,A,2,640,answer_is,mid_cut,691
test-0882,A,0,1009,boxed,mid_cut,906
test-0882,A,1,4074343,final_answer,clean_final,585
test-0882,A,2,4074343,final_answer,clean_final,456
test-0883,A,0,400,final_answer,clean_final,152
test-0883,A,1,400,final_answer,clean_final,195
test-0883,A,2,400,final_answer,clean_final,144
test-0884,A,0,345,final_answer,clean_final,385
test-0884,A,1,345,final_answer,clean_final,199
test-0884,A,2,345,final_answer,clean_final,332
test-0885,A,0,-15,final_answer,clean_final,211
test-0885,A,1,54,final_answer,clean_final,248
test-0885,A,2,54,final_answer,clean_final,194
test-0886,A,0,1670,final_answer,clean_final,192
test-0886,A,1,1670,final_answer,clean_final,167
test-0886,A,2,1670,final_answer,clean_final,181
test-0887,A,0,540,final_answer,clean_final,411
test-0887,A,1,540,final_answer,clean_final,503
test-0887,A,2,548,final_answer,clean_final,744
test-0888,A,0,99,final_answer,clean_final,243
test-0888,A,1,99,final_answer,clean_final,305
test-0888,A,2,99,final_answer,clean_final,276
test-0889,A,0,608,final_answer,clean_final,854
test-0889,A,1,544,final_answer,clean_final,963
test-0889,A,2,509,final_answer,clean_final,703
test-0890,A,0,15,final_answer,clean_final,373
test-0890,A,1,15,final_answer,clean_final,240
test-0890,A,2,15,final_answer,clean_final,281
test-0891,A,0,283,final_answer,clean_final,825
test-0891,A,1,400,final_answer,clean_final,887
test-0891,A,2,230,final_answer,clean_final,796
test-0892,A,0,216,final_answer,clean_final,583
test-0892,A,1,1,final_answer,clean_final,983
test-0892,A,2,216,final_answer,clean_final,532
test-0893,A,0,1999000,answer_is,mid_cut,606
test-0893,A,1,1998001,final_answer,clean_final,892
test-0893,A,2,1999,final_answer,clean_final,400
test-0894,A,0,136,final_answer,clean_final,495
test-0894,A,1,136,final_answer,clean_final,393
test-0894,A,2,136,final_answer,clean_final,313
test-0895,A,0,113,final_answer,clean_final,306
test-0895,A,1,113,final_answer,clean_final,293
test-0895,A,2,113,final_answer,clean_final,267
test-0896,A,0,7,final_answer,clean_final,319
test-0896,A,1,7,final_answer,clean_final,276
test-0896,A,2,7,final_answer,clean_final,246
test-0897,A,0,8,final_answer,clean_final,205
test-0897,A,1,4,final_answer,clean_final,297
test-0897,A,2,8,final_answer,clean_final,180
test-0898,A,0,8,boxed,mid_cut,912
test-0898,A,1,8,boxed,mid_cut,1122
test-0898,A,2,4,boxed,mid_cut,835
test-0899,A,0,4500,final_answer,clean_final,582
test-0899,A,1,2460,final_answer,clean_final,371
test-0899,A,2,14400,final_answer,clean_final,344
test-0900,A,0,167.0,final_answer,clean_final,841
test-0900,A,1,167.0,final_answer,clean_final,1102
test-0900,A,2,169.0,final_answer,clean_final,1369
test-0901,A,0,10.0,final_answer,clean_final,269
test-0901,A,1,10.0,final_answer,clean_final,320
test-0901,A,2,10.0,final_answer,clean_final,264
test-0902,A,0,3.0,final_answer,clean_final,431
test-0902,A,1,300.0,final_answer,clean_final,532
test-0902,A,2,300.0,final_answer,clean_final,310
test-0903,A,0,5.0,final_answer,clean_final,225
test-0903,A,1,5.0,final_answer,clean_final,167
test-0903,A,2,5.0,final_answer,clean_final,142
test-0904,A,0,4.0,final_answer,clean_final,356
test-0904,A,1,4.0,final_answer,clean_final,293
test-0904,A,2,4.0,final_answer,clean_final,349
test-0905,A,0,19.0,final_answer,clean_final,978
test-0905,A,1,0.0,final_answer,clean_final,610
test-0905,A,2,8330.0,boxed,mid_cut,947
test-0906,A,0,160.0,final_answer,clean_final,258
test-0906,A,1,160.0,final_answer,clean_final,202
test-0906,A,2,160.0,final_answer,clean_final,236
test-0907,A,0,16.0,final_answer,clean_final,382
test-0907,A,1,16.0,final_answer,clean_final,416
test-0907,A,2,16.0,final_answer,clean_final,415
test-0908,A,0,15.0,final_answer,clean_final,267
test-0908,A,1,3.0,final_answer,clean_final,252
test-0908,A,2,15.0,final_answer,clean_final,262
test-0909,A,0,2.0,final_answer,clean_final,986
test-0909,A,1,1.0,final_answer,clean_final,807
test-0909,A,2,2.0,boxed,mid_cut,998
test-0910,A,0,38.0,final_answer,clean_final,216
test-0910,A,1,38.0,final_answer,clean_final,153
test-0910,A,2,38.0,final_answer,clean_final,163
test-0911,A,0,25.0,final_answer,clean_final,426
test-0911,A,1,25.0,final_answer,clean_final,396
test-0911,A,2,25.0,final_answer,clean_final,296
test-0912,A,0,132.0,boxed,mid_cut,1196
test-0912,A,1,12109.0,boxed,mid_cut,943
test-0912,A,2,801.0,final_answer,clean_final,885
test-0913,A,0,20.0,final_answer,clean_final,234
test-0913,A,1,20.0,final_answer,clean_final,221
test-0913,A,2,20.0,final_answer,clean_final,303
test-0914,A,0,600.0,answer_is,mid_cut,193
test-0914,A,1,600.0,final_answer,clean_final,183
test-0914,A,2,600.0,final_answer,clean_final,159
test-0915,A,0,67.0,final_answer,clean_final,260
test-0915,A,1,67.0,final_answer,clean_final,277
test-0915,A,2,67.0,final_answer,clean_final,334
test-0916,A,0,28.0,final_answer,clean_final,1055
test-0916,A,1,23.0,final_answer,clean_final,945
test-0916,A,2,17.0,answer_is,mid_cut,825
test-0917,A,0,10.0,answer_is,mid_cut,388
test-0917,A,1,10.0,boxed,mid_cut,329
test-0917,A,2,10.0,final_answer,clean_final,391
test-0918,A,0,9.0,boxed,mid_cut,1201
test-0918,A,1,13.0,final_answer,clean_final,1179
test-0918,A,2,17.0,last_number,mid_cut,1536
test-0919,A,0,1007.0,final_answer,clean_final,781
test-0919,A,1,1002.0,final_answer,clean_final,1179
test-0919,A,2,55.0,final_answer,clean_final,1473
test-0920,A,0,506.0,final_answer,clean_final,1122
test-0920,A,1,506.0,boxed,sentence_end,778
test-0920,A,2,1012.0,boxed,mid_cut,883
test-0921,A,0,100.0,final_answer,clean_final,184
test-0921,A,1,100.0,final_answer,clean_final,202
test-0921,A,2,100.0,final_answer,clean_final,199
test-0922,A,0,6.0,final_answer,clean_final,220
test-0922,A,1,6.0,final_answer,clean_final,257
test-0922,A,2,6.0,final_answer,clean_final,405
test-0923,A,0,3.0,final_answer,clean_final,409
test-0923,A,1,4.0,final_answer,clean_final,420
test-0923,A,2,,fail,clean_final,343
test-0924,A,0,2002.0,final_answer,clean_final,1059
test-0924,A,1,2002.0,final_answer,clean_final,620
test-0924,A,2,2003.0,final_answer,clean_final,774
test-0925,A,0,135.0,final_answer,clean_final,654
test-0925,A,1,189.0,final_answer,clean_final,841
test-0925,A,2,189.0,final_answer,clean_final,1240
test-0926,A,0,8.0,final_answer,clean_final,558
test-0926,A,1,16.0,final_answer,clean_final,228
test-0926,A,2,49.0,final_answer,clean_final,262
test-0927,A,0,90.0,final_answer,clean_final,520
test-0927,A,1,45.0,final_answer,clean_final,527
test-0927,A,2,120.0,final_answer,clean_final,567
test-0928,A,0,1024.0,final_answer,clean_final,1295
test-0928,A,1,52.0,final_answer,clean_final,1095
test-0928,A,2,52.0,final_answer,clean_final,949
test-0929,A,0,12.0,final_answer,clean_final,265
test-0929,A,1,12.0,final_answer,clean_final,227
test-0929,A,2,12.0,final_answer,clean_final,267
test-0930,A,0,1.0,final_answer,clean_final,479
test-0930,A,1,1.0,final_answer,clean_final,481
test-0930,A,2,5.0,final_answer,clean_final,637
test-0931,A,0,-8.0,last_number,ends_digit,1536
test-0931,A,1,8.0,last_number,mid_cut,1536
test-0931,A,2,16.0,boxed,mid_cut,1341
test-0932,A,0,12.0,final_answer,clean_final,151
test-0932,A,1,12.0,final_answer,clean_final,188
test-0932,A,2,12.0,final_answer,clean_final,172
test-0933,A,0,12.0,final_answer,clean_final,191
test-0933,A,1,12.0,final_answer,clean_final,155
test-0933,A,2,12.0,final_answer,clean_final,147
test-0934,A,0,6.0,final_answer,clean_final,874
test-0934,A,1,6.0,final_answer,clean_final,879
test-0934,A,2,12.0,final_answer,clean_final,624
test-0935,A,0,8000.0,final_answer,clean_final,184
test-0935,A,1,8000.0,final_answer,clean_final,214
test-0935,A,2,8000.0,final_answer,clean_final,201
test-0936,A,0,52.0,final_answer,clean_final,219
test-0936,A,1,52.0,final_answer,clean_final,222
test-0936,A,2,52.0,final_answer,clean_final,150
test-0937,A,0,1305.0,boxed,mid_cut,1068
test-0937,A,1,53.0,final_answer,clean_final,679
test-0937,A,2,2219.0,final_answer,clean_final,726
test-0938,A,0,12.0,final_answer,clean_final,243
test-0938,A,1,12.0,final_answer,clean_final,221
test-0938,A,2,18.0,final_answer,clean_final,383
test-0939,A,0,240.0,final_answer,clean_final,202
test-0939,A,1,240.0,final_answer,clean_final,175
test-0939,A,2,240.0,final_answer,clean_final,204
test-0940,A,0,14.0,final_answer,clean_final,146
test-0940,A,1,14.0,final_answer,clean_final,187
test-0940,A,2,14.0,final_answer,clean_final,214
test-0941,A,0,3.0,final_answer,clean_final,354
test-0941,A,1,3.0,final_answer,clean_final,685
test-0941,A,2,3.0,final_answer,clean_final,344
test-0942,A,0,35184372088831.0,final_answer,clean_final,446
test-0942,A,1,1023.0,final_answer,clean_final,443
test-0942,A,2,1024.0,final_answer,clean_final,269
test-0943,A,0,17.0,final_answer,clean_final,336
test-0943,A,1,17.0,final_answer,clean_final,453
test-0943,A,2,17.0,final_answer,clean_final,123
test-0944,A,0,22.0,final_answer,clean_final,688
test-0944,A,1,45.0,final_answer,clean_final,850
test-0944,A,2,231.0,final_answer,clean_final,925
test-0945,A,0,10.0,final_answer,clean_final,308
test-0945,A,1,10.0,final_answer,clean_final,283
test-0945,A,2,10.0,final_answer,clean_final,319
test-0946,A,0,5.0,final_answer,clean_final,410
test-0946,A,1,3.0,final_answer,clean_final,537
test-0946,A,2,0.0,final_answer,clean_final,325
test-0947,A,0,9.0,last_number,ends_digit,1536
test-0947,A,1,1.0,final_answer,clean_final,701
test-0947,A,2,26.0,answer_is,mid_cut,899
test-0948,A,0,12.0,final_answer,clean_final,202
test-0948,A,1,12.0,final_answer,clean_final,190
test-0948,A,2,12.0,final_answer,clean_final,204
test-0949,A,0,0.0,last_number,mid_cut,1536
test-0949,A,1,80.0,boxed,mid_cut,867
test-0949,A,2,80.0,answer_is,mid_cut,780
test-0950,A,0,2.0,final_answer,clean_final,661
test-0950,A,1,3.0,final_answer,clean_final,629
test-0950,A,2,9972.0,last_number,mid_cut,1536
test-0951,A,0,39.0,final_answer,clean_final,225
test-0951,A,1,63.0,final_answer,clean_final,320
test-0951,A,2,63.0,final_answer,clean_final,273
test-0952,A,0,2009.0,final_answer,clean_final,560
test-0952,A,1,2010.0,boxed,sentence_end,438
test-0952,A,2,2010.0,final_answer,clean_final,580
test-0953,A,0,2001510.0,answer_is,mid_cut,641
test-0953,A,1,2019045.0,boxed,mid_cut,686
test-0953,A,2,4017.0,final_answer,clean_final,632
test-0954,A,0,8.0,final_answer,clean_final,341
test-0954,A,1,96.0,final_answer,clean_final,421
test-0954,A,2,0.0,final_answer,clean_final,149
test-0955,A,0,2.0,final_answer,clean_final,862
test-0955,A,1,3.0,final_answer,clean_final,1046
test-0955,A,2,2.0,final_answer,clean_final,821
test-0956,A,0,4.0,final_answer,clean_final,237
test-0956,A,1,1.0,final_answer,clean_final,192
test-0956,A,2,1.0,final_answer,clean_final,212
test-0957,A,0,48.0,final_answer,clean_final,242
test-0957,A,1,48.0,final_answer,clean_final,254
test-0957,A,2,48.0,final_answer,clean_final,229
test-0958,A,0,0.0,final_answer,clean_final,305
test-0958,A,1,6.0,final_answer,clean_final,187
test-0958,A,2,23.0,final_answer,clean_final,457
test-0959,A,0,859.0,answer_is,mid_cut,937
test-0959,A,1,859.0,answer_is,mid_cut,940
test-0959,A,2,859.0,boxed,mid_cut,857
test-0960,A,0,162.0,final_answer,clean_final,908
test-0960,A,1,30.0,final_answer,clean_final,1034
test-0960,A,2,48.0,final_answer,clean_final,574
test-0961,A,0,4.0,final_answer,clean_final,687
test-0961,A,1,3.0,boxed,mid_cut,718
test-0961,A,2,1.0,final_answer,clean_final,774
test-0962,A,0,26.0,final_answer,clean_final,230
test-0962,A,1,26.0,final_answer,clean_final,272
test-0962,A,2,26.0,final_answer,clean_final,338
test-0963,A,0,660.0,final_answer,clean_final,196
test-0963,A,1,660.0,final_answer,clean_final,216
test-0963,A,2,660.0,final_answer,clean_final,203
test-0964,A,0,41.0,final_answer,clean_final,214
test-0964,A,1,41.0,final_answer,clean_final,226
test-0964,A,2,41.0,final_answer,clean_final,309
test-0965,A,0,264.0,final_answer,clean_final,317
test-0965,A,1,264.0,final_answer,clean_final,327
test-0965,A,2,264.0,final_answer,clean_final,319
test-0966,A,0,908.0,final_answer,clean_final,643
test-0966,A,1,1816.0,final_answer,clean_final,476
test-0966,A,2,1816.0,boxed,mid_cut,647
test-0967,A,0,6.0,final_answer,clean_final,117
test-0967,A,1,6.0,final_answer,clean_final,150
test-0967,A,2,6.0,final_answer,clean_final,183
test-0968,A,0,462.0,final_answer,clean_final,856
test-0968,A,1,3550.0,final_answer,clean_final,899
test-0968,A,2,6163.0,final_answer,clean_final,1195
test-0969,A,0,2003.0,boxed,mid_cut,746
test-0969,A,1,668.0,boxed,mid_cut,1165
test-0969,A,2,667.0,final_answer,clean_final,932
test-0970,A,0,1.0,final_answer,clean_final,1103
test-0970,A,1,1.0,final_answer,clean_final,874
test-0970,A,2,2.0,boxed,mid_cut,809
test-0971,A,0,96.0,final_answer,clean_final,186
test-0971,A,1,96.0,final_answer,clean_final,205
test-0971,A,2,96.0,final_answer,clean_final,216
test-0972,A,0,1.0,final_answer,clean_final,85
test-0972,A,1,1.0,final_answer,clean_final,113
test-0972,A,2,1.0,final_answer,clean_final,67
test-0973,A,0,1980.0,final_answer,clean_final,1073
test-0973,A,1,2737.0,final_answer,clean_final,1167
test-0973,A,2,1147.0,final_answer,clean_final,720
test-0974,A,0,17.0,final_answer,clean_final,679
test-0974,A,1,63.0,final_answer,clean_final,511
test-0974,A,2,58.0,final_answer,clean_final,688
test-0975,A,0,252.0,final_answer,clean_final,417
test-0975,A,1,7844.0,final_answer,clean_final,881
test-0975,A,2,7864.0,final_answer,clean_final,1119
test-0976,A,0,9.0,final_answer,clean_final,427
test-0976,A,1,54.0,final_answer,clean_final,397
test-0976,A,2,,fail,clean_final,484
test-0977,A,0,5.0,final_answer,clean_final,281
test-0977,A,1,5.0,final_answer,clean_final,662
test-0977,A,2,5.0,final_answer,clean_final,224
test-0978,A,0,15.0,final_answer,clean_final,208
test-0978,A,1,15.0,final_answer,clean_final,251
test-0978,A,2,15.0,final_answer,clean_final,254
test-0979,A,0,1001.0,final_answer,clean_final,890
test-0979,A,1,2998.0,final_answer,clean_final,774
test-0979,A,2,988999.0,boxed,sentence_end,1059
test-0980,A,0,4.0,final_answer,clean_final,275
test-0980,A,1,4.0,final_answer,clean_final,313
test-0980,A,2,4.0,final_answer,clean_final,293
test-0981,A,0,44.0,final_answer,clean_final,698
test-0981,A,1,265.0,final_answer,clean_final,672
test-0981,A,2,4.0,final_answer,clean_final,655
test-0982,A,0,17.0,final_answer,clean_final,222
test-0982,A,1,256.0,final_answer,clean_final,656
test-0982,A,2,16.0,final_answer,clean_final,425
test-0983,A,0,3.0,final_answer,clean_final,175
test-0983,A,1,3.0,final_answer,clean_final,207
test-0983,A,2,3.0,final_answer,clean_final,172
test-0984,A,0,15.0,final_answer,clean_final,140
test-0984,A,1,15.0,final_answer,clean_final,205
test-0984,A,2,15.0,final_answer,clean_final,137
test-0985,A,0,6.0,final_answer,clean_final,296
test-0985,A,1,6.0,final_answer,clean_final,380
test-0985,A,2,6.0,final_answer,clean_final,468
test-0986,A,0,48.0,final_answer,clean_final,358
test-0986,A,1,12.0,final_answer,clean_final,797
test-0986,A,2,8.0,final_answer,clean_final,422
test-0987,A,0,4.0,final_answer,clean_final,272
test-0987,A,1,4.0,final_answer,clean_final,389
test-0987,A,2,4.0,final_answer,clean_final,259
test-0988,A,0,24.0,final_answer,clean_final,173
test-0988,A,1,24.0,final_answer,clean_final,290
test-0988,A,2,24.0,final_answer,clean_final,261
test-0989,A,0,5.0,final_answer,clean_final,874
test-0989,A,1,0.0,final_answer,clean_final,968
test-0989,A,2,7598668290.0,last_number,ends_digit,1536
test-0990,A,0,115.0,final_answer,clean_final,236
test-0990,A,1,115.0,final_answer,clean_final,177
test-0990,A,2,115.0,final_answer,clean_final,228
test-0991,A,0,57.0,final_answer,clean_final,188
test-0991,A,1,57.0,final_answer,clean_final,285
test-0991,A,2,57.0,final_answer,clean_final,172
test-0992,A,0,103.0,boxed,mid_cut,492
test-0992,A,1,103.0,boxed,mid_cut,602
test-0992,A,2,103.0,final_answer,clean_final,552
test-0993,A,0,20.0,final_answer,clean_final,294
test-0993,A,1,20.0,final_answer,clean_final,183
test-0993,A,2,20.0,final_answer,clean_final,247
test-0994,A,0,35.0,final_answer,clean_final,224
test-0994,A,1,35.0,final_answer,clean_final,118
test-0994,A,2,35.0,final_answer,clean_final,151
test-0995,A,0,37.0,final_answer,clean_final,154
test-0995,A,1,37.0,final_answer,clean_final,143
test-0995,A,2,37.0,final_answer,clean_final,184
test-0996,A,0,30.0,final_answer,clean_final,204
test-0996,A,1,30.0,final_answer,clean_final,184
test-0996,A,2,30.0,final_answer,clean_final,298
test-0997,A,0,1.0,final_answer,clean_final,167
test-0997,A,1,1.0,final_answer,clean_final,171
test-0997,A,2,1.0,final_answer,clean_final,195
test-0998,A,0,4.0,final_answer,clean_final,459
test-0998,A,1,4.0,final_answer,clean_final,477
test-0998,A,2,4.0,final_answer,clean_final,389
test-0999,A,0,4.0,boxed,mid_cut,1216
test-0999,A,1,1.0,final_answer,clean_final,1228
test-0999,A,2,99.0,boxed,mid_cut,1005
test-1000,A,0,1540,final_answer,clean_final,508
test-1000,A,1,1540,final_answer,clean_final,499
test-1000,A,2,1540,final_answer,clean_final,494
test-1001,A,0,250,final_answer,clean_final,341
test-1001,A,1,250,final_answer,clean_final,264
test-1001,A,2,250,final_answer,clean_final,230
test-1002,A,0,81,final_answer,clean_final,762
test-1002,A,1,85,final_answer,clean_final,469
test-1002,A,2,91,final_answer,clean_final,793
test-1003,A,0,45,final_answer,clean_final,202
test-1003,A,1,45,final_answer,clean_final,235
test-1003,A,2,45,final_answer,clean_final,197
test-1004,A,0,14,final_answer,clean_final,100
test-1004,A,1,14,final_answer,clean_final,108
test-1004,A,2,14,final_answer,clean_final,122
test-1005,A,0,9,final_answer,clean_final,658
test-1005,A,1,110,final_answer,clean_final,633
test-1005,A,2,10,final_answer,clean_final,553
test-1006,A,0,6,boxed,mid_cut,773
test-1006,A,1,6,boxed,mid_cut,988
test-1006,A,2,6,boxed,sentence_end,955
test-1007,A,0,1024,final_answer,clean_final,261
test-1007,A,1,1024,final_answer,clean_final,309
test-1007,A,2,1024,final_answer,clean_final,126
test-1008,A,0,15,final_answer,clean_final,482
test-1008,A,1,8,final_answer,clean_final,806
test-1008,A,2,15,final_answer,clean_final,606
test-1009,A,0,103,final_answer,clean_final,1474
test-1009,A,1,2,last_number,mid_cut,1536
test-1009,A,2,2,last_number,mid_cut,1536
test-1010,A,0,5,final_answer,clean_final,236
test-1010,A,1,5,final_answer,clean_final,212
test-1010,A,2,5,final_answer,clean_final,371
test-1011,A,0,5,final_answer,clean_final,301
test-1011,A,1,5,final_answer,clean_final,437
test-1011,A,2,5,final_answer,clean_final,452
test-1012,A,0,90,final_answer,clean_final,729
test-1012,A,1,90,final_answer,clean_final,485
test-1012,A,2,90,final_answer,clean_final,414
test-1013,A,0,1,final_answer,clean_final,683
test-1013,A,1,40,final_answer,clean_final,650
test-1013,A,2,118,boxed,mid_cut,700
test-1014,A,0,1,final_answer,clean_final,543
test-1014,A,1,1,answer_is,mid_cut,979
test-1014,A,2,1,final_answer,clean_final,520
test-1015,A,0,180,final_answer,clean_final,613
test-1015,A,1,180,answer_is,mid_cut,539
test-1015,A,2,180,final_answer,clean_final,534
test-1016,A,0,48,final_answer,clean_final,307
test-1016,A,1,48,final_answer,clean_final,273
test-1016,A,2,48,final_answer,clean_final,445
test-1017,A,0,2340,final_answer,clean_final,214
test-1017,A,1,2340,final_answer,clean_final,296
test-1017,A,2,2340,final_answer,clean_final,253
test-1018,A,0,0,final_answer,clean_final,196
test-1018,A,1,0,final_answer,clean_final,238
test-1018,A,2,19,final_answer,clean_final,248
test-1019,A,0,35,final_answer,clean_final,259
test-1019,A,1,35,final_answer,clean_final,381
test-1019,A,2,35,final_answer,clean_final,193
test-1020,A,0,3100,final_answer,clean_final,258
test-1020,A,1,3100,final_answer,clean_final,257
test-1020,A,2,3100,final_answer,clean_final,360
test-1021,A,0,7,final_answer,clean_final,458
test-1021,A,1,7,final_answer,clean_final,323
test-1021,A,2,7,final_answer,clean_final,493
test-1022,A,0,5,final_answer,clean_final,142
test-1022,A,1,5,final_answer,clean_final,254
test-1022,A,2,5,final_answer,clean_final,212
test-1023,A,0,35,final_answer,clean_final,332
test-1023,A,1,35,final_answer,clean_final,344
test-1023,A,2,35,final_answer,clean_final,306
test-1024,A,0,39,final_answer,clean_final,126
test-1024,A,1,39,final_answer,clean_final,152
test-1024,A,2,39,final_answer,clean_final,83
test-1025,A,0,79,final_answer,clean_final,300
test-1025,A,1,79,final_answer,clean_final,279
test-1025,A,2,79,final_answer,clean_final,439
test-1026,A,0,1250,final_answer,clean_final,254
test-1026,A,1,1250,final_answer,clean_final,247
test-1026,A,2,1250,final_answer,clean_final,190
test-1027,A,0,380,final_answer,clean_final,377
test-1027,A,1,380,final_answer,clean_final,309
test-1027,A,2,300,final_answer,clean_final,450
test-1028,A,0,3,final_answer,clean_final,1012
test-1028,A,1,2,answer_is,mid_cut,1019
test-1028,A,2,44,final_answer,clean_final,1264
test-1029,A,0,8,final_answer,clean_final,178
test-1029,A,1,4,final_answer,clean_final,205
test-1029,A,2,8,final_answer,clean_final,165
test-1030,A,0,3,final_answer,clean_final,753
test-1030,A,1,6,final_answer,clean_final,805
test-1030,A,2,4,final_answer,clean_final,734
test-1031,A,0,500,final_answer,clean_final,387
test-1031,A,1,500,final_answer,clean_final,423
test-1031,A,2,500,final_answer,clean_final,364
test-1032,A,0,210,final_answer,clean_final,479
test-1032,A,1,30,final_answer,clean_final,465
test-1032,A,2,210,final_answer,clean_final,567
test-1033,A,0,8,last_number,clean_final,874
test-1033,A,1,8,last_number,clean_final,821
test-1033,A,2,8,last_number,clean_final,730
test-1034,A,0,9,final_answer,clean_final,990
test-1034,A,1,2,final_answer,clean_final,959
test-1034,A,2,4,final_answer,clean_final,593
test-1035,A,0,42,final_answer,clean_final,288
test-1035,A,1,42,final_answer,clean_final,277
test-1035,A,2,42,final_answer,clean_final,323
test-1036,A,0,475,final_answer,clean_final,843
test-1036,A,1,169,final_answer,clean_final,738
test-1036,A,2,322,final_answer,clean_final,713
test-1037,A,0,8,final_answer,clean_final,504
test-1037,A,1,8,final_answer,clean_final,458
test-1037,A,2,16,final_answer,clean_final,514
test-1038,A,0,2315,boxed,mid_cut,756
test-1038,A,1,3200,final_answer,clean_final,772
test-1038,A,2,2315,final_answer,clean_final,857
test-1039,A,0,770,final_answer,clean_final,559
test-1039,A,1,210,final_answer,clean_final,532
test-1039,A,2,90,final_answer,clean_final,700
test-1040,A,0,155,final_answer,clean_final,294
test-1040,A,1,155,final_answer,clean_final,314
test-1040,A,2,155,final_answer,clean_final,312
test-1041,A,0,4,final_answer,clean_final,338
test-1041,A,1,4,final_answer,clean_final,342
test-1041,A,2,4,final_answer,clean_final,267
test-1042,A,0,6,last_number,mid_cut,1536
test-1042,A,1,-5,final_answer,clean_final,546
test-1042,A,2,-3,final_answer,clean_final,828
test-1043,A,0,32,final_answer,clean_final,683
test-1043,A,1,112,final_answer,clean_final,440
test-1043,A,2,112,final_answer,clean_final,455
test-1044,A,0,88,final_answer,clean_final,408
test-1044,A,1,88,final_answer,clean_final,201
test-1044,A,2,7648,final_answer,clean_final,234
test-1045,A,0,31,final_answer,clean_final,511
test-1045,A,1,31,final_answer,clean_final,516
test-1045,A,2,31,final_answer,clean_final,482
test-1046,A,0,1600,final_answer,clean_final,200
test-1046,A,1,1600,final_answer,clean_final,218
test-1046,A,2,1600,final_answer,clean_final,178
test-1047,A,0,1200,final_answer,clean_final,407
test-1047,A,1,800,final_answer,clean_final,677
test-1047,A,2,1320,final_answer,clean_final,473
test-1048,A,0,6,final_answer,clean_final,396
test-1048,A,1,6,final_answer,clean_final,352
test-1048,A,2,90,final_answer,clean_final,205
test-1049,A,0,5,final_answer,clean_final,194
test-1049,A,1,5,final_answer,clean_final,246
test-1049,A,2,5,final_answer,clean_final,248
test-1050,A,0,7,final_answer,clean_final,232
test-1050,A,1,7,final_answer,clean_final,218
test-1050,A,2,7,final_answer,clean_final,210
test-1051,A,0,55,final_answer,clean_final,183
test-1051,A,1,55,final_answer,clean_final,419
test-1051,A,2,55,final_answer,clean_final,299
test-1052,A,0,5,final_answer,clean_final,384
test-1052,A,1,5,final_answer,clean_final,309
test-1052,A,2,4,final_answer,clean_final,492
test-1053,A,0,8960,final_answer,clean_final,293
test-1053,A,1,8960,final_answer,clean_final,320
test-1053,A,2,8960,final_answer,clean_final,301
test-1054,A,0,65,final_answer,clean_final,188
test-1054,A,1,65,final_answer,clean_final,170
test-1054,A,2,65,final_answer,clean_final,181
test-1055,A,0,11,final_answer,clean_final,939
test-1055,A,1,4,final_answer,clean_final,942
test-1055,A,2,2,final_answer,clean_final,951
test-1056,A,0,5,final_answer,clean_final,315
test-1056,A,1,5,final_answer,clean_final,219
test-1056,A,2,1079,final_answer,clean_final,640
test-1057,A,0,3,final_answer,clean_final,176
test-1057,A,1,3,final_answer,clean_final,180
test-1057,A,2,3,final_answer,clean_final,186
test-1058,A,0,4,final_answer,clean_final,496
test-1058,A,1,4,final_answer,clean_final,921
test-1058,A,2,3,final_answer,clean_final,733
test-1059,A,0,-1506,boxed,mid_cut,999
test-1059,A,1,753,boxed,mid_cut,648
test-1059,A,2,0,final_answer,clean_final,708
test-1060,A,0,5,boxed,mid_cut,687
test-1060,A,1,4,final_answer,clean_final,606
test-1060,A,2,3,final_answer,clean_final,847
test-1061,A,0,15840,answer_is,ends_digit,1040
test-1061,A,1,28223,final_answer,clean_final,1247
test-1061,A,2,33036,answer_is,mid_cut,1145
test-1062,A,0,618,final_answer,clean_final,469
test-1062,A,1,153,final_answer,clean_final,353
test-1062,A,2,153,final_answer,clean_final,657
test-1063,A,0,57,last_number,mid_cut,1536
test-1063,A,1,850,final_answer,clean_final,1371
test-1063,A,2,25,boxed,sentence_end,1115
test-1064,A,0,40,final_answer,clean_final,288
test-1064,A,1,40,final_answer,clean_final,230
test-1064,A,2,40,final_answer,clean_final,332
test-1065,A,0,10,last_number,ends_digit,1536
test-1065,A,1,5,last_number,mid_cut,1536
test-1065,A,2,531,last_number,ends_digit,1536
test-1066,A,0,720,final_answer,clean_final,265
test-1066,A,1,720,final_answer,clean_final,337
test-1066,A,2,720,final_answer,clean_final,271
test-1067,A,0,56,final_answer,clean_final,883
test-1067,A,1,22,boxed,mid_cut,769
test-1067,A,2,28,final_answer,clean_final,809
test-1068,A,0,1750,final_answer,clean_final,417
test-1068,A,1,1750,final_answer,clean_final,345
test-1068,A,2,1750,final_answer,clean_final,466
test-1069,A,0,7,final_answer,clean_final,619
test-1069,A,1,12,final_answer,clean_final,551
test-1069,A,2,8,final_answer,clean_final,437
test-1070,A,0,15,final_answer,clean_final,385
test-1070,A,1,15,final_answer,clean_final,280
test-1070,A,2,15,final_answer,clean_final,454
test-1071,A,0,52,final_answer,clean_final,233
test-1071,A,1,52,final_answer,clean_final,200
test-1071,A,2,52,final_answer,clean_final,293
test-1072,A,0,39,final_answer,clean_final,219
test-1072,A,1,39,final_answer,clean_final,236
test-1072,A,2,39,final_answer,clean_final,204
test-1073,A,0,2015,final_answer,clean_final,485
test-1073,A,1,2015,final_answer,clean_final,568
test-1073,A,2,2015,final_answer,clean_final,598
test-1074,A,0,2,final_answer,clean_final,544
test-1074,A,1,21,final_answer,clean_final,381
test-1074,A,2,21,final_answer,clean_final,271
test-1075,A,0,10,final_answer,clean_final,732
test-1075,A,1,5,final_answer,clean_final,829
test-1075,A,2,10,final_answer,clean_final,1040
test-1076,A,0,4,final_answer,clean_final,580
test-1076,A,1,5,final_answer,clean_final,501
test-1076,A,2,4,final_answer,clean_final,369
test-1077,A,0,14,final_answer,clean_final,722
test-1077,A,1,190,final_answer,clean_final,927
test-1077,A,2,18,answer_is,mid_cut,844
test-1078,A,0,612,final_answer,clean_final,1011
test-1078,A,1,61,final_answer,clean_final,1421
test-1078,A,2,200,boxed,mid_cut,1008
test-1079,A,0,45,boxed,mid_cut,793
test-1079,A,1,90,answer_is,mid_cut,701
test-1079,A,2,120,final_answer,clean_final,595
test-1080,A,0,8,final_answer,clean_final,110
test-1080,A,1,8,final_answer,clean_final,106
test-1080,A,2,8,final_answer,clean_final,123
test-1081,A,0,57,final_answer,clean_final,266
test-1081,A,1,57,final_answer,clean_final,423
test-1081,A,2,57,final_answer,clean_final,233
test-1082,A,0,768000,final_answer,clean_final,315
test-1082,A,1,768000,final_answer,clean_final,352
test-1082,A,2,768000,final_answer,clean_final,311
test-1083,A,0,6,final_answer,clean_final,392
test-1083,A,1,6,final_answer,clean_final,427
test-1083,A,2,6,final_answer,clean_final,289
test-1084,A,0,24,final_answer,clean_final,192
test-1084,A,1,24,final_answer,clean_final,261
test-1084,A,2,24,final_answer,clean_final,231
test-1085,A,0,1010,final_answer,clean_final,574
test-1085,A,1,388,boxed,sentence_end,778
test-1085,A,2,616,final_answer,clean_final,943
test-1086,A,0,4,final_answer,clean_final,345
test-1086,A,1,4,final_answer,clean_final,384
test-1086,A,2,400,final_answer,clean_final,376
test-1087,A,0,20,answer_is,mid_cut,493
test-1087,A,1,20,answer_is,ends_digit,833
test-1087,A,2,20,final_answer,clean_final,503
test-1088,A,0,32,final_answer,clean_final,355
test-1088,A,1,32,final_answer,clean_final,265
test-1088,A,2,32,final_answer,clean_final,452
test-1089,A,0,160,final_answer,clean_final,297
test-1089,A,1,160,final_answer,clean_final,348
test-1089,A,2,160,final_answer,clean_final,199
test-1090,A,0,84,final_answer,clean_final,732
test-1090,A,1,122,final_answer,clean_final,916
test-1090,A,2,128,boxed,sentence_end,818
test-1091,A,0,54,final_answer,clean_final,152
test-1091,A,1,54,final_answer,clean_final,211
test-1091,A,2,54,final_answer,clean_final,211
test-1092,A,0,2021,final_answer,clean_final,527
test-1092,A,1,2,boxed,mid_cut,1123
test-1092,A,2,28,final_answer,clean_final,947
test-1093,A,0,18,final_answer,clean_final,529
test-1093,A,1,13,final_answer,clean_final,1125
test-1093,A,2,28,final_answer,clean_final,1088
test-1094,A,0,2,boxed,mid_cut,927
test-1094,A,1,2,boxed,mid_cut,665
test-1094,A,2,2,boxed,mid_cut,1162
test-1095,A,0,25,final_answer,clean_final,124
test-1095,A,1,25,final_answer,clean_final,169
test-1095,A,2,25,final_answer,clean_final,171
test-1096,A,0,18,final_answer,clean_final,138
test-1096,A,1,20,final_answer,clean_final,240
test-1096,A,2,20,final_answer,clean_final,179
test-1097,A,0,4,final_answer,clean_final,411
test-1097,A,1,2,final_answer,clean_final,434
test-1097,A,2,1,final_answer,clean_final,408
test-1098,A,0,100,final_answer,clean_final,399
test-1098,A,1,25,final_answer,clean_final,267
test-1098,A,2,0,final_answer,clean_final,341
test-1099,A,0,25,final_answer,clean_final,187
test-1099,A,1,25,final_answer,clean_final,302
test-1099,A,2,24,final_answer,clean_final,417
test-1100,A,0,2601.0,final_answer,clean_final,278
test-1100,A,1,2601.0,final_answer,clean_final,543
test-1100,A,2,1600.0,final_answer,clean_final,353
test-1101,A,0,241.0,boxed,mid_cut,1182
test-1101,A,1,26.0,boxed,mid_cut,1121
test-1101,A,2,76.0,boxed,mid_cut,694
test-1102,A,0,3600.0,final_answer,clean_final,301
test-1102,A,1,3600.0,final_answer,clean_final,282
test-1102,A,2,3600.0,final_answer,clean_final,366
test-1103,A,0,80.0,final_answer,clean_final,266
test-1103,A,1,80.0,final_answer,clean_final,317
test-1103,A,2,32.0,final_answer,clean_final,400
test-1104,A,0,45.0,final_answer,clean_final,447
test-1104,A,1,45.0,final_answer,clean_final,481
test-1104,A,2,45.0,final_answer,clean_final,592
test-1105,A,0,3.0,last_number,mid_cut,1536
test-1105,A,1,5.0,final_answer,clean_final,861
test-1105,A,2,25.0,last_number,ends_digit,1536
test-1106,A,0,1.0,boxed,mid_cut,659
test-1106,A,1,3.0,final_answer,clean_final,881
test-1106,A,2,2.0,final_answer,clean_final,724
test-1107,A,0,1.0,final_answer,clean_final,314
test-1107,A,1,1.0,final_answer,clean_final,369
test-1107,A,2,1.0,final_answer,clean_final,384
test-1108,A,0,4.0,final_answer,clean_final,984
test-1108,A,1,4.0,final_answer,clean_final,865
test-1108,A,2,6.0,final_answer,clean_final,753
test-1109,A,0,15.0,final_answer,clean_final,721
test-1109,A,1,17.0,final_answer,clean_final,686
test-1109,A,2,15.0,final_answer,clean_final,830
test-1110,A,0,350.0,final_answer,ends_digit,1105
test-1110,A,1,310.0,final_answer,clean_final,1174
test-1110,A,2,3344.0,boxed,sentence_end,1195
test-1111,A,0,2.0,final_answer,clean_final,761
test-1111,A,1,1.0,final_answer,clean_final,834
test-1111,A,2,2.0,boxed,mid_cut,1006
test-1112,A,0,3000.0,final_answer,clean_final,454
test-1112,A,1,3000.0,final_answer,clean_final,450
test-1112,A,2,3000.0,final_answer,clean_final,386
test-1113,A,0,200.0,boxed,mid_cut,688
test-1113,A,1,400.0,final_answer,clean_final,477
test-1113,A,2,196.0,final_answer,clean_final,356
test-1114,A,0,4.0,final_answer,clean_final,929
test-1114,A,1,4.0,final_answer,clean_final,1510
test-1114,A,2,4.0,final_answer,clean_final,1435
test-1115,A,0,96.0,final_answer,clean_final,227
test-1115,A,1,96.0,final_answer,clean_final,207
test-1115,A,2,96.0,final_answer,clean_final,125
test-1116,A,0,401.0,final_answer,clean_final,471
test-1116,A,1,401.0,final_answer,clean_final,527
test-1116,A,2,641.0,final_answer,clean_final,477
test-1117,A,0,10.0,final_answer,clean_final,438
test-1117,A,1,10.0,final_answer,clean_final,550
test-1117,A,2,10.0,final_answer,clean_final,373
test-1118,A,0,36.0,final_answer,clean_final,1048
test-1118,A,1,30.0,final_answer,clean_final,679
test-1118,A,2,29.0,final_answer,clean_final,1095
test-1119,A,0,30.0,final_answer,clean_final,253
test-1119,A,1,30.0,final_answer,clean_final,247
test-1119,A,2,30.0,final_answer,clean_final,207
test-1120,A,0,10.0,final_answer,clean_final,333
test-1120,A,1,9.0,final_answer,clean_final,372
test-1120,A,2,10.0,final_answer,clean_final,241
test-1121,A,0,160.0,final_answer,clean_final,552
test-1121,A,1,160.0,final_answer,clean_final,521
test-1121,A,2,160.0,final_answer,clean_final,348
test-1122,A,0,595.0,final_answer,clean_final,891
test-1122,A,1,595.0,final_answer,clean_final,616
test-1122,A,2,595.0,final_answer,clean_final,833
test-1123,A,0,114.0,final_answer,clean_final,1030
test-1123,A,1,21.0,boxed,sentence_end,715
test-1123,A,2,3.0,final_answer,clean_final,851
test-1124,A,0,8.0,final_answer,clean_final,491
test-1124,A,1,8.0,final_answer,clean_final,485
test-1124,A,2,8.0,final_answer,clean_final,424
test-1125,A,0,220.0,final_answer,clean_final,234
test-1125,A,1,220.0,final_answer,clean_final,327
test-1125,A,2,220.0,final_answer,clean_final,251
test-1126,A,0,20.0,final_answer,clean_final,310
test-1126,A,1,20.0,final_answer,clean_final,268
test-1126,A,2,20.0,final_answer,clean_final,197
test-1127,A,0,935.0,final_answer,clean_final,530
test-1127,A,1,935.0,final_answer,clean_final,421
test-1127,A,2,935.0,final_answer,clean_final,422
test-1128,A,0,31.0,final_answer,clean_final,298
test-1128,A,1,30.0,final_answer,clean_final,380
test-1128,A,2,31.0,final_answer,clean_final,576
test-1129,A,0,220.0,boxed,sentence_end,1435
test-1129,A,1,15.0,final_answer,clean_final,1068
test-1129,A,2,0.0,boxed,mid_cut,1110
test-1130,A,0,36.0,final_answer,clean_final,719
test-1130,A,1,24.0,final_answer,clean_final,641
test-1130,A,2,24.0,final_answer,clean_final,566
test-1131,A,0,4.0,final_answer,clean_final,226
test-1131,A,1,4.0,final_answer,clean_final,202
test-1131,A,2,4.0,final_answer,clean_final,203
test-1132,A,0,6.0,final_answer,clean_final,454
test-1132,A,1,146.0,final_answer,clean_final,1117
test-1132,A,2,56.0,final_answer,clean_final,578
test-1133,A,0,32.0,final_answer,clean_final,572
test-1133,A,1,32.0,final_answer,clean_final,450
test-1133,A,2,32.0,final_answer,clean_final,572
test-1134,A,0,2.0,final_answer,clean_final,250
test-1134,A,1,2.0,final_answer,clean_final,245
test-1134,A,2,2.0,final_answer,clean_final,238
test-1135,A,0,,fail,mid_cut,304
test-1135,A,1,5.0,final_answer,clean_final,346
test-1135,A,2,6.0,final_answer,clean_final,234
test-1136,A,0,1080.0,final_answer,clean_final,631
test-1136,A,1,7200.0,final_answer,clean_final,925
test-1136,A,2,720.0,final_answer,clean_final,774
test-1137,A,0,470.0,final_answer,clean_final,201
test-1137,A,1,470.0,final_answer,clean_final,259
test-1137,A,2,470.0,final_answer,clean_final,243
test-1138,A,0,23546.0,final_answer,clean_final,732
test-1138,A,1,54321.0,final_answer,clean_final,999
test-1138,A,2,312456.0,final_answer,clean_final,782
test-1139,A,0,19.0,final_answer,clean_final,121
test-1139,A,1,19.0,final_answer,clean_final,181
test-1139,A,2,19.0,final_answer,clean_final,126
test-1140,A,0,195.0,final_answer,clean_final,231
test-1140,A,1,195.0,final_answer,clean_final,214
test-1140,A,2,195.0,final_answer,clean_final,208
test-1141,A,0,160.0,final_answer,clean_final,260
test-1141,A,1,160.0,final_answer,clean_final,267
test-1141,A,2,160.0,final_answer,clean_final,299
test-1142,A,0,12.0,final_answer,clean_final,296
test-1142,A,1,12.0,final_answer,clean_final,291
test-1142,A,2,12.0,final_answer,clean_final,317
test-1143,A,0,2.0,last_number,mid_cut,1536
test-1143,A,1,12.0,final_answer,clean_final,1397
test-1143,A,2,14.0,final_answer,clean_final,1185
test-1144,A,0,13.0,final_answer,clean_final,258
test-1144,A,1,13.0,final_answer,clean_final,330
test-1144,A,2,13.0,final_answer,clean_final,293
test-1145,A,0,180.0,final_answer,clean_final,474
test-1145,A,1,4320.0,final_answer,clean_final,643
test-1145,A,2,4320.0,final_answer,clean_final,632
test-1146,A,0,10.0,final_answer,clean_final,752
test-1146,A,1,11.0,final_answer,clean_final,974
test-1146,A,2,11.0,final_answer,clean_final,740
test-1147,A,0,2506.0,final_answer,clean_final,758
test-1147,A,1,101.0,final_answer,clean_final,592
test-1147,A,2,109.0,final_answer,clean_final,684
test-1148,A,0,91.0,final_answer,clean_final,734
test-1148,A,1,60.0,final_answer,clean_final,290
test-1148,A,2,200.0,final_answer,clean_final,575
test-1149,A,0,135.0,boxed,mid_cut,994
test-1149,A,1,1.0,last_number,ends_digit,1536
test-1149,A,2,24.0,boxed,mid_cut,798
test-1150,A,0,19.0,final_answer,clean_final,137
test-1150,A,1,19.0,final_answer,clean_final,170
test-1150,A,2,19.0,final_answer,clean_final,143
test-1151,A,0,264.0,final_answer,clean_final,221
test-1151,A,1,264.0,final_answer,clean_final,163
test-1151,A,2,264.0,final_answer,clean_final,216
test-1152,A,0,23.0,final_answer,clean_final,195
test-1152,A,1,23.0,final_answer,clean_final,211
test-1152,A,2,23.0,final_answer,clean_final,225
test-1153,A,0,64.0,final_answer,clean_final,377
test-1153,A,1,72.0,final_answer,clean_final,784
test-1153,A,2,72.0,final_answer,clean_final,455
test-1154,A,0,10.0,final_answer,clean_final,756
test-1154,A,1,10.0,final_answer,clean_final,973
test-1154,A,2,10.0,final_answer,clean_final,863
test-1155,A,0,12.0,final_answer,clean_final,361
test-1155,A,1,12.0,final_answer,clean_final,269
test-1155,A,2,12.0,final_answer,clean_final,184
test-1156,A,0,760.0,final_answer,clean_final,407
test-1156,A,1,760.0,final_answer,clean_final,447
test-1156,A,2,760.0,final_answer,clean_final,415
test-1157,A,0,,fail,clean_final,314
test-1157,A,1,18.0,final_answer,clean_final,422
test-1157,A,2,,fail,clean_final,321
test-1158,A,0,18.0,final_answer,clean_final,447
test-1158,A,1,18.0,final_answer,clean_final,236
test-1158,A,2,18.0,final_answer,clean_final,414
test-1159,A,0,7.0,final_answer,clean_final,210
test-1159,A,1,7.0,final_answer,clean_final,237
test-1159,A,2,7.0,final_answer,clean_final,278
test-1160,A,0,42.0,final_answer,clean_final,255
test-1160,A,1,42.0,final_answer,clean_final,316
test-1160,A,2,42.0,final_answer,clean_final,231
test-1161,A,0,296.0,final_answer,clean_final,1008
test-1161,A,1,870378.0,final_answer,clean_final,658
test-1161,A,2,1713.0,final_answer,clean_final,770
test-1162,A,0,864.0,final_answer,clean_final,794
test-1162,A,1,1920.0,final_answer,clean_final,581
test-1162,A,2,660.0,boxed,mid_cut,882
test-1163,A,0,30.0,final_answer,clean_final,345
test-1163,A,1,30.0,final_answer,clean_final,240
test-1163,A,2,30.0,final_answer,clean_final,285
test-1164,A,0,23.0,final_answer,clean_final,319
test-1164,A,1,23.0,final_answer,clean_final,465
test-1164,A,2,33.0,final_answer,clean_final,360
test-1165,A,0,15.0,final_answer,clean_final,235
test-1165,A,1,15.0,final_answer,clean_final,266
test-1165,A,2,15.0,final_answer,clean_final,293
test-1166,A,0,12.0,final_answer,clean_final,255
test-1166,A,1,12.0,final_answer,clean_final,302
test-1166,A,2,12.0,final_answer,clean_final,350
test-1167,A,0,32.0,boxed,mid_cut,1400
test-1167,A,1,3.0,final_answer,clean_final,1016
test-1167,A,2,3.0,boxed,mid_cut,1162
test-1168,A,0,1340.0,final_answer,clean_final,358
test-1168,A,1,1340.0,final_answer,clean_final,201
test-1168,A,2,1340.0,final_answer,clean_final,347
test-1169,A,0,43.0,final_answer,clean_final,687
test-1169,A,1,160.0,final_answer,clean_final,623
test-1169,A,2,0.0,last_number,sentence_end,1536
test-1170,A,0,1872.0,final_answer,clean_final,899
test-1170,A,1,1240.0,final_answer,clean_final,535
test-1170,A,2,1120.0,final_answer,clean_final,749
test-1171,A,0,35.0,final_answer,clean_final,852
test-1171,A,1,23.0,answer_is,mid_cut,771
test-1171,A,2,10.0,boxed,sentence_end,1192
test-1172,A,0,7.0,final_answer,clean_final,229
test-1172,A,1,7.0,final_answer,clean_final,165
test-1172,A,2,7.0,final_answer,clean_final,250
test-1173,A,0,20.0,final_answer,clean_final,465
test-1173,A,1,18.0,final_answer,clean_final,321
test-1173,A,2,5.0,final_answer,clean_final,277
test-1174,A,0,11.0,final_answer,clean_final,458
test-1174,A,1,11.0,final_answer,clean_final,693
test-1174,A,2,110.0,final_answer,clean_final,388
test-1175,A,0,64.0,final_answer,clean_final,179
test-1175,A,1,64.0,final_answer,clean_final,207
test-1175,A,2,64.0,final_answer,clean_final,191
test-1176,A,0,119.0,final_answer,clean_final,1263
test-1176,A,1,49.0,answer_is,sentence_end,680
test-1176,A,2,17.0,final_answer,clean_final,698
test-1177,A,0,180.0,final_answer,clean_final,739
test-1177,A,1,270.0,final_answer,clean_final,935
test-1177,A,2,270.0,final_answer,clean_final,752
test-1178,A,0,-1.0,final_answer,clean_final,1202
test-1178,A,1,6.0,final_answer,clean_final,885
test-1178,A,2,6.0,final_answer,clean_final,911
test-1179,A,0,4.0,final_answer,clean_final,590
test-1179,A,1,4.0,final_answer,clean_final,634
test-1179,A,2,4.0,final_answer,clean_final,509
test-1180,A,0,8.0,final_answer,clean_final,307
test-1180,A,1,8.0,final_answer,clean_final,297
test-1180,A,2,8.0,final_answer,clean_final,345
test-1181,A,0,127.0,final_answer,clean_final,832
test-1181,A,1,87.0,answer_is,mid_cut,897
test-1181,A,2,33.0,final_answer,clean_final,740
test-1182,A,0,19.0,final_answer,clean_final,208
test-1182,A,1,19.0,final_answer,clean_final,207
test-1182,A,2,19.0,final_answer,clean_final,210
test-1183,A,0,123.0,final_answer,clean_final,965
test-1183,A,1,330.0,final_answer,clean_final,1352
test-1183,A,2,425.0,boxed,mid_cut,985
test-1184,A,0,17.0,final_answer,clean_final,284
test-1184,A,1,17.0,final_answer,clean_final,233
test-1184,A,2,17.0,final_answer,clean_final,232
test-1185,A,0,300.0,final_answer,clean_final,189
test-1185,A,1,300.0,final_answer,clean_final,178
test-1185,A,2,300.0,final_answer,clean_final,236
test-1186,A,0,1368.0,final_answer,clean_final,602
test-1186,A,1,1368.0,final_answer,clean_final,433
test-1186,A,2,360.0,final_answer,clean_final,650
test-1187,A,0,75.0,final_answer,clean_final,539
test-1187,A,1,75.0,final_answer,clean_final,541
test-1187,A,2,74.0,final_answer,clean_final,472
test-1188,A,0,90.0,final_answer,clean_final,677
test-1188,A,1,45.0,final_answer,clean_final,736
test-1188,A,2,91.0,final_answer,clean_final,700
test-1189,A,0,5.0,final_answer,clean_final,751
test-1189,A,1,2.0,answer_is,ends_digit,1034
test-1189,A,2,6.0,final_answer,clean_final,799
test-1190,A,0,70.0,final_answer,clean_final,588
test-1190,A,1,50.0,final_answer,clean_final,501
test-1190,A,2,85.0,final_answer,clean_final,588
test-1191,A,0,20.0,answer_is,mid_cut,254
test-1191,A,1,20.0,final_answer,clean_final,215
test-1191,A,2,20.0,final_answer,clean_final,349
test-1192,A,0,20.0,final_answer,clean_final,154
test-1192,A,1,20.0,final_answer,clean_final,190
test-1192,A,2,20.0,final_answer,clean_final,160
test-1193,A,0,56.0,final_answer,clean_final,266
test-1193,A,1,56.0,final_answer,clean_final,413
test-1193,A,2,56.0,final_answer,clean_final,287
test-1194,A,0,204.0,last_number,ends_digit,1536
test-1194,A,1,496.0,boxed,sentence_end,386
test-1194,A,2,998.0,boxed,mid_cut,445
test-1195,A,0,210.0,answer_is,mid_cut,343
test-1195,A,1,210.0,final_answer,clean_final,200
test-1195,A,2,210.0,final_answer,clean_final,292
test-1196,A,0,9.0,final_answer,clean_final,477
test-1196,A,1,4.0,final_answer,clean_final,592
test-1196,A,2,4.0,final_answer,clean_final,480
test-1197,A,0,72.0,final_answer,clean_final,215
test-1197,A,1,72.0,final_answer,clean_final,352
test-1197,A,2,72.0,final_answer,clean_final,228
test-1198,A,0,-3.0,final_answer,clean_final,444
test-1198,A,1,-3.0,final_answer,clean_final,366
test-1198,A,2,-3.0,final_answer,clean_final,386
test-1199,A,0,750.0,final_answer,clean_final,874
test-1199,A,1,40.0,final_answer,clean_final,1043
test-1199,A,2,50.0,answer_is,sentence_end,902
test-1200,A,0,101.0,final_answer,clean_final,790
test-1200,A,1,501.0,final_answer,clean_final,796
test-1200,A,2,101.0,final_answer,clean_final,866
test-1201,A,0,484.0,final_answer,clean_final,946
test-1201,A,1,,fail,mid_cut,906
test-1201,A,2,1116.0,boxed,mid_cut,543
test-1202,A,0,1.0,final_answer,clean_final,658
test-1202,A,1,1152.0,final_answer,clean_final,426
test-1202,A,2,1152.0,final_answer,clean_final,440
test-1203,A,0,2.0,last_number,mid_cut,1536
test-1203,A,1,11640.0,final_answer,clean_final,1055
test-1203,A,2,136.0,last_number,mid_cut,1536
test-1204,A,0,81.0,final_answer,clean_final,1009
test-1204,A,1,86.0,final_answer,clean_final,834
test-1204,A,2,628.0,final_answer,clean_final,1279
test-1205,A,0,42.0,final_answer,clean_final,551
test-1205,A,1,83.0,answer_is,mid_cut,354
test-1205,A,2,480.0,boxed,mid_cut,483
test-1206,A,0,706.0,final_answer,clean_final,1239
test-1206,A,1,697.0,final_answer,clean_final,1209
test-1206,A,2,593.0,final_answer,clean_final,1185
test-1207,A,0,70.0,final_answer,clean_final,154
test-1207,A,1,70.0,final_answer,clean_final,218
test-1207,A,2,70.0,final_answer,clean_final,196
test-1208,A,0,8.0,final_answer,clean_final,579
test-1208,A,1,8.0,final_answer,clean_final,624
test-1208,A,2,8.0,final_answer,clean_final,743
test-1209,A,0,720.0,final_answer,clean_final,597
test-1209,A,1,484.0,final_answer,clean_final,699
test-1209,A,2,12.0,final_answer,clean_final,542
test-1210,A,0,4.0,final_answer,clean_final,246
test-1210,A,1,4.0,final_answer,clean_final,256
test-1210,A,2,4.0,final_answer,clean_final,245
test-1211,A,0,1000.0,final_answer,clean_final,155
test-1211,A,1,1000.0,final_answer,clean_final,202
test-1211,A,2,1000.0,final_answer,clean_final,213
test-1212,A,0,172.0,boxed,mid_cut,984
test-1212,A,1,1003.0,final_answer,clean_final,604
test-1212,A,2,337.0,boxed,mid_cut,660
test-1213,A,0,124.0,final_answer,clean_final,177
test-1213,A,1,124.0,final_answer,clean_final,201
test-1213,A,2,124.0,final_answer,clean_final,182
test-1214,A,0,12.0,boxed,sentence_end,701
test-1214,A,1,9.0,final_answer,clean_final,418
test-1214,A,2,9.0,final_answer,clean_final,569
test-1215,A,0,400.0,final_answer,clean_final,420
test-1215,A,1,400.0,final_answer,clean_final,342
test-1215,A,2,400.0,final_answer,clean_final,349
test-1216,A,0,1103.0,final_answer,clean_final,1220
test-1216,A,1,47.0,final_answer,clean_final,1176
test-1216,A,2,10.0,final_answer,clean_final,431
test-1217,A,0,50.0,final_answer,clean_final,205
test-1217,A,1,50.0,final_answer,clean_final,338
test-1217,A,2,50.0,final_answer,clean_final,232
test-1218,A,0,12000.0,final_answer,clean_final,134
test-1218,A,1,12000.0,final_answer,clean_final,190
test-1218,A,2,12000.0,final_answer,clean_final,198
test-1219,A,0,13.0,final_answer,clean_final,150
test-1219,A,1,13.0,final_answer,clean_final,249
test-1219,A,2,13.0,final_answer,clean_final,254
test-1220,A,0,10.0,final_answer,clean_final,408
test-1220,A,1,10.0,final_answer,clean_final,474
test-1220,A,2,10.0,final_answer,clean_final,379
test-1221,A,0,1.0,final_answer,clean_final,537
test-1221,A,1,0.0,final_answer,clean_final,494
test-1221,A,2,0.0,final_answer,clean_final,685
test-1222,A,0,14.0,final_answer,clean_final,714
test-1222,A,1,52.0,final_answer,clean_final,1199
test-1222,A,2,63.0,final_answer,clean_final,507
test-1223,A,0,41.0,final_answer,clean_final,208
test-1223,A,1,41.0,final_answer,clean_final,286
test-1223,A,2,41.0,final_answer,clean_final,206
test-1224,A,0,20.0,final_answer,clean_final,218
test-1224,A,1,20.0,final_answer,clean_final,231
test-1224,A,2,20.0,final_answer,clean_final,165
test-1225,A,0,-1.0,final_answer,clean_final,960
test-1225,A,1,-1.0,final_answer,clean_final,643
test-1225,A,2,-1.0,final_answer,clean_final,586
test-1226,A,0,80.0,final_answer,clean_final,330
test-1226,A,1,80.0,final_answer,clean_final,307
test-1226,A,2,100.0,final_answer,clean_final,363
test-1227,A,0,4.0,final_answer,clean_final,458
test-1227,A,1,4.0,final_answer,clean_final,260
test-1227,A,2,4.0,answer_is,mid_cut,336
test-1228,A,0,2376.0,final_answer,clean_final,817
test-1228,A,1,23026.0,final_answer,clean_final,933
test-1228,A,2,16796.0,final_answer,clean_final,1057
test-1229,A,0,3.0,final_answer,clean_final,825
test-1229,A,1,1000.0,final_answer,clean_final,852
test-1229,A,2,2013.0,boxed,mid_cut,905
test-1230,A,0,228.0,final_answer,clean_final,1321
test-1230,A,1,-35.0,final_answer,clean_final,1479
test-1230,A,2,418.0,final_answer,clean_final,968
test-1231,A,0,4.0,final_answer,clean_final,594
test-1231,A,1,4.0,final_answer,clean_final,458
test-1231,A,2,4.0,final_answer,clean_final,465
test-1232,A,0,1369.0,final_answer,clean_final,809
test-1232,A,1,0.0,final_answer,clean_final,1186
test-1232,A,2,0.0,final_answer,clean_final,947
test-1233,A,0,25.0,final_answer,clean_final,164
test-1233,A,1,25.0,final_answer,clean_final,186
test-1233,A,2,25.0,final_answer,clean_final,170
test-1234,A,0,160.0,final_answer,clean_final,165
test-1234,A,1,160.0,final_answer,clean_final,134
test-1234,A,2,160.0,final_answer,clean_final,146
test-1235,A,0,-12.0,final_answer,clean_final,1156
test-1235,A,1,3.0,final_answer,clean_final,1081
test-1235,A,2,-8.0,final_answer,clean_final,775
test-1236,A,0,16.0,final_answer,clean_final,166
test-1236,A,1,16.0,final_answer,clean_final,192
test-1236,A,2,16.0,final_answer,clean_final,257
test-1237,A,0,3.0,final_answer,clean_final,1058
test-1237,A,1,4.0,final_answer,clean_final,753
test-1237,A,2,5.0,final_answer,clean_final,824
test-1238,A,0,135.0,final_answer,clean_final,335
test-1238,A,1,135.0,final_answer,clean_final,272
test-1238,A,2,135.0,final_answer,clean_final,371
test-1239,A,0,4785.0,final_answer,clean_final,435
test-1239,A,1,4785.0,final_answer,clean_final,381
test-1239,A,2,4785.0,final_answer,clean_final,502
test-1240,A,0,705.0,final_answer,clean_final,815
test-1240,A,1,1807.0,final_answer,clean_final,740
test-1240,A,2,1411.0,final_answer,clean_final,723
test-1241,A,0,4.0,final_answer,clean_final,252
test-1241,A,1,4.0,final_answer,clean_final,195
test-1241,A,2,4.0,final_answer,clean_final,210
test-1242,A,0,194.0,answer_is,mid_cut,868
test-1242,A,1,2.0,final_answer,mid_cut,1107
test-1242,A,2,63.0,final_answer,clean_final,1477
test-1243,A,0,26.0,final_answer,clean_final,146
test-1243,A,1,26.0,final_answer,clean_final,192
test-1243,A,2,26.0,final_answer,clean_final,158
test-1244,A,0,41.0,final_answer,clean_final,1020
test-1244,A,1,20.0,final_answer,clean_final,636
test-1244,A,2,21.0,final_answer,clean_final,725
test-1245,A,0,2.0,final_answer,clean_final,431
test-1245,A,1,2.0,final_answer,clean_final,687
test-1245,A,2,2.0,final_answer,clean_final,583
test-1246,A,0,84.0,final_answer,clean_final,277
test-1246,A,1,84.0,final_answer,clean_final,210
test-1246,A,2,84.0,final_answer,clean_final,230
test-1247,A,0,15.0,final_answer,clean_final,179
test-1247,A,1,12.0,final_answer,clean_final,176
test-1247,A,2,12.0,final_answer,clean_final,126
test-1248,A,0,17.0,final_answer,clean_final,157
test-1248,A,1,17.0,final_answer,clean_final,139
test-1248,A,2,17.0,final_answer,clean_final,149
test-1249,A,0,26.0,final_answer,clean_final,191
test-1249,A,1,26.0,final_answer,clean_final,126
test-1249,A,2,26.0,final_answer,clean_final,124
test-1250,A,0,9,final_answer,clean_final,514
test-1250,A,1,8,final_answer,clean_final,226
test-1250,A,2,2,final_answer,clean_final,642
test-1251,A,0,7200,final_answer,clean_final,222
test-1251,A,1,7200,final_answer,clean_final,194
test-1251,A,2,7200,final_answer,clean_final,248
test-1252,A,0,41,boxed,mid_cut,808
test-1252,A,1,41,final_answer,clean_final,404
test-1252,A,2,174,final_answer,clean_final,644
test-1253,A,0,5,final_answer,clean_final,397
test-1253,A,1,5,final_answer,clean_final,414
test-1253,A,2,5,final_answer,clean_final,615
test-1254,A,0,350,final_answer,clean_final,338
test-1254,A,1,350,final_answer,clean_final,351
test-1254,A,2,0,final_answer,clean_final,341
test-1255,A,0,1010,boxed,mid_cut,787
test-1255,A,1,1,final_answer,clean_final,822
test-1255,A,2,0,boxed,mid_cut,922
test-1256,A,0,1008,final_answer,clean_final,544
test-1256,A,1,1008,final_answer,clean_final,485
test-1256,A,2,1008,final_answer,clean_final,342
test-1257,A,0,1,final_answer,clean_final,1014
test-1257,A,1,2,final_answer,clean_final,700
test-1257,A,2,2,answer_is,mid_cut,841
test-1258,A,0,1,final_answer,clean_final,1024
test-1258,A,1,0,final_answer,clean_final,617
test-1258,A,2,23,final_answer,clean_final,1039
test-1259,A,0,30,final_answer,clean_final,157
test-1259,A,1,30,final_answer,clean_final,169
test-1259,A,2,30,final_answer,clean_final,200
test-1260,A,0,20280,final_answer,clean_final,1046
test-1260,A,1,408,final_answer,clean_final,924
test-1260,A,2,30,last_number,mid_cut,1536
test-1261,A,0,11,final_answer,clean_final,747
test-1261,A,1,13,final_answer,clean_final,913
test-1261,A,2,11,boxed,mid_cut,1200
test-1262,A,0,9,final_answer,clean_final,181
test-1262,A,1,9,final_answer,clean_final,135
test-1262,A,2,9,final_answer,clean_final,147
test-1263,A,0,179,final_answer,clean_final,421
test-1263,A,1,179,final_answer,clean_final,668
test-1263,A,2,17,final_answer,clean_final,916
test-1264,A,0,2047,final_answer,clean_final,1524
test-1264,A,1,4340,final_answer,clean_final,1407
test-1264,A,2,512,final_answer,clean_final,1133
test-1265,A,0,120,final_answer,clean_final,459
test-1265,A,1,120,answer_is,ends_digit,332
test-1265,A,2,120,final_answer,clean_final,549
test-1266,A,0,14,final_answer,clean_final,684
test-1266,A,1,14,final_answer,clean_final,680
test-1266,A,2,14,final_answer,clean_final,1009
test-1267,A,0,0,final_answer,clean_final,1081
test-1267,A,1,6,final_answer,clean_final,1241
test-1267,A,2,11,final_answer,clean_final,1307
test-1268,A,0,1,answer_is,mid_cut,1063
test-1268,A,1,22,final_answer,clean_final,783
test-1268,A,2,15,boxed,mid_cut,850
test-1269,A,0,14,final_answer,clean_final,63
test-1269,A,1,14,final_answer,clean_final,144
test-1269,A,2,14,final_answer,clean_final,135
test-1270,A,0,800,final_answer,clean_final,429
test-1270,A,1,1600,final_answer,clean_final,739
test-1270,A,2,1600,final_answer,clean_final,386
test-1271,A,0,12,final_answer,clean_final,314
test-1271,A,1,12,final_answer,clean_final,355
test-1271,A,2,12,final_answer,clean_final,378
test-1272,A,0,-2,last_number,mid_cut,1536
test-1272,A,1,1,last_number,ends_digit,1536
test-1272,A,2,0,final_answer,clean_final,1337
test-1273,A,0,6085143,boxed,mid_cut,968
test-1273,A,1,210901,answer_is,ends_digit,749
test-1273,A,2,1728130,boxed,mid_cut,775
test-1274,A,0,8,final_answer,clean_final,188
test-1274,A,1,8,final_answer,clean_final,133
test-1274,A,2,8,final_answer,clean_final,208
test-1275,A,0,2,last_number,mid_cut,1536
test-1275,A,1,1,final_answer,clean_final,1311
test-1275,A,2,0,final_answer,clean_final,808
test-1276,A,0,2600,final_answer,clean_final,368
test-1276,A,1,2600,final_answer,clean_final,480
test-1276,A,2,2600,final_answer,clean_final,400
test-1277,A,0,125,final_answer,clean_final,334
test-1277,A,1,125,final_answer,clean_final,292
test-1277,A,2,125,final_answer,clean_final,291
test-1278,A,0,15,final_answer,clean_final,764
test-1278,A,1,402,final_answer,clean_final,925
test-1278,A,2,4026,last_number,mid_cut,732
test-1279,A,0,14,final_answer,clean_final,232
test-1279,A,1,14,final_answer,clean_final,228
test-1279,A,2,14,final_answer,clean_final,269
test-1280,A,0,19,boxed,mid_cut,805
test-1280,A,1,265,final_answer,clean_final,655
test-1280,A,2,23,final_answer,clean_final,797
test-1281,A,0,256,final_answer,clean_final,120
test-1281,A,1,256,final_answer,clean_final,95
test-1281,A,2,256,final_answer,clean_final,95
test-1282,A,0,1,final_answer,clean_final,809
test-1282,A,1,720,boxed,mid_cut,783
test-1282,A,2,0,final_answer,clean_final,791
test-1283,A,0,83,final_answer,clean_final,777
test-1283,A,1,689,final_answer,clean_final,588
test-1283,A,2,33,final_answer,clean_final,885
test-1284,A,0,50,final_answer,clean_final,835
test-1284,A,1,672,final_answer,clean_final,929
test-1284,A,2,16,boxed,mid_cut,1042
test-1285,A,0,998001,final_answer,clean_final,1498
test-1285,A,1,77,answer_is,mid_cut,923
test-1285,A,2,105,last_number,mid_cut,704
test-1286,A,0,1007,final_answer,clean_final,403
test-1286,A,1,1007,final_answer,clean_final,668
test-1286,A,2,672,final_answer,clean_final,897
test-1287,A,0,114,final_answer,clean_final,300
test-1287,A,1,114,final_answer,clean_final,289
test-1287,A,2,114,final_answer,clean_final,329
test-1288,A,0,9,final_answer,clean_final,246
test-1288,A,1,8,final_answer,clean_final,652
test-1288,A,2,10,final_answer,clean_final,519
test-1289,A,0,80,final_answer,clean_final,467
test-1289,A,1,80,final_answer,clean_final,367
test-1289,A,2,80,final_answer,clean_final,411
test-1290,A,0,42,final_answer,clean_final,183
test-1290,A,1,42,final_answer,clean_final,165
test-1290,A,2,42,final_answer,clean_final,142
test-1291,A,0,1333,final_answer,clean_final,718
test-1291,A,1,578,final_answer,clean_final,611
test-1291,A,2,1189,final_answer,clean_final,550
test-1292,A,0,3,final_answer,clean_final,299
test-1292,A,1,3,final_answer,clean_final,329
test-1292,A,2,3,final_answer,clean_final,217
test-1293,A,0,54,final_answer,clean_final,155
test-1293,A,1,54,final_answer,clean_final,129
test-1293,A,2,54,final_answer,clean_final,173
test-1294,A,0,15,final_answer,clean_final,223
test-1294,A,1,15,final_answer,clean_final,207
test-1294,A,2,15,final_answer,clean_final,192
test-1295,A,0,7,final_answer,clean_final,203
test-1295,A,1,7,final_answer,clean_final,209
test-1295,A,2,7,final_answer,clean_final,200
test-1296,A,0,50,final_answer,clean_final,252
test-1296,A,1,29,final_answer,clean_final,207
test-1296,A,2,50,final_answer,clean_final,171
test-1297,A,0,14,final_answer,clean_final,296
test-1297,A,1,14,final_answer,clean_final,237
test-1297,A,2,14,final_answer,clean_final,244
test-1298,A,0,306,final_answer,clean_final,276
test-1298,A,1,306,final_answer,clean_final,250
test-1298,A,2,286,final_answer,clean_final,311
test-1299,A,0,20,final_answer,clean_final,186
test-1299,A,1,20,final_answer,clean_final,164
test-1299,A,2,20,final_answer,clean_final,179
test-1300,A,0,5,final_answer,clean_final,423
test-1300,A,1,5,final_answer,clean_final,347
test-1300,A,2,5,final_answer,clean_final,319
test-1301,A,0,450,final_answer,clean_final,384
test-1301,A,1,450,final_answer,clean_final,268
test-1301,A,2,450,final_answer,clean_final,306
test-1302,A,0,65,boxed,mid_cut,770
test-1302,A,1,10000,final_answer,clean_final,556
test-1302,A,2,122,final_answer,clean_final,700
test-1303,A,0,22,final_answer,clean_final,671
test-1303,A,1,986,answer_is,mid_cut,619
test-1303,A,2,23,answer_is,mid_cut,769
test-1304,A,0,32,final_answer,clean_final,130
test-1304,A,1,32,final_answer,clean_final,171
test-1304,A,2,32,final_answer,clean_final,94
test-1305,A,0,300,final_answer,clean_final,219
test-1305,A,1,300,final_answer,clean_final,161
test-1305,A,2,300,final_answer,clean_final,210
test-1306,A,0,1,final_answer,clean_final,656
test-1306,A,1,2,final_answer,clean_final,755
test-1306,A,2,2,last_number,ends_digit,658
test-1307,A,0,12,final_answer,clean_final,1212
test-1307,A,1,9,answer_is,mid_cut,724
test-1307,A,2,3,final_answer,clean_final,747
test-1308,A,0,360,final_answer,clean_final,286
test-1308,A,1,360,final_answer,clean_final,310
test-1308,A,2,360,final_answer,clean_final,323
test-1309,A,0,1,final_answer,clean_final,594
test-1309,A,1,18,final_answer,ends_digit,479
test-1309,A,2,26,final_answer,clean_final,505
test-1310,A,0,5049,boxed,mid_cut,1515
test-1310,A,1,2448,boxed,mid_cut,1169
test-1310,A,2,5764,final_answer,clean_final,1051
test-1311,A,0,4,final_answer,clean_final,930
test-1311,A,1,6,final_answer,clean_final,1282
test-1311,A,2,8,final_answer,clean_final,908
test-1312,A,0,10,final_answer,clean_final,483
test-1312,A,1,74,final_answer,clean_final,512
test-1312,A,2,79,final_answer,clean_final,586
test-1313,A,0,2,final_answer,clean_final,251
test-1313,A,1,2,final_answer,clean_final,244
test-1313,A,2,2,final_answer,clean_final,187
test-1314,A,0,82,final_answer,clean_final,291
test-1314,A,1,82,final_answer,clean_final,353
test-1314,A,2,82,final_answer,clean_final,186
test-1315,A,0,2016,final_answer,clean_final,454
test-1315,A,1,2033256,final_answer,clean_final,623
test-1315,A,2,11,final_answer,clean_final,556
test-1316,A,0,12,boxed,sentence_end,449
test-1316,A,1,16,final_answer,clean_final,289
test-1316,A,2,12,boxed,sentence_end,335
test-1317,A,0,120,final_answer,clean_final,391
test-1317,A,1,145,final_answer,clean_final,502
test-1317,A,2,170,final_answer,clean_final,456
test-1318,A,0,-2,final_answer,clean_final,556
test-1318,A,1,4,final_answer,clean_final,612
test-1318,A,2,-1,final_answer,clean_final,659
test-1319,A,0,150,final_answer,clean_final,99
test-1319,A,1,150,final_answer,clean_final,153
test-1319,A,2,150,final_answer,clean_final,160
test-1320,A,0,9,final_answer,clean_final,924
test-1320,A,1,10001,final_answer,clean_final,889
test-1320,A,2,10001,final_answer,clean_final,676
test-1321,A,0,4,final_answer,clean_final,278
test-1321,A,1,4,final_answer,clean_final,291
test-1321,A,2,4,final_answer,clean_final,248
test-1322,A,0,136,final_answer,clean_final,384
test-1322,A,1,136,final_answer,clean_final,432
test-1322,A,2,136,final_answer,clean_final,366
test-1323,A,0,42,final_answer,clean_final,609
test-1323,A,1,42,final_answer,clean_final,655
test-1323,A,2,42,final_answer,clean_final,584
test-1324,A,0,3,final_answer,clean_final,303
test-1324,A,1,3,final_answer,clean_final,475
test-1324,A,2,3,final_answer,clean_final,471
test-1325,A,0,28000,final_answer,clean_final,261
test-1325,A,1,28000,final_answer,clean_final,281
test-1325,A,2,28000,final_answer,clean_final,295
test-1326,A,0,125,final_answer,clean_final,488
test-1326,A,1,625,final_answer,clean_final,691
test-1326,A,2,65,final_answer,clean_final,338
test-1327,A,0,60,final_answer,clean_final,317
test-1327,A,1,60,final_answer,clean_final,356
test-1327,A,2,60,final_answer,clean_final,302
test-1328,A,0,40,final_answer,clean_final,1158
test-1328,A,1,720,boxed,mid_cut,1054
test-1328,A,2,2592,final_answer,clean_final,773
test-1329,A,0,36,final_answer,clean_final,254
test-1329,A,1,36,final_answer,clean_final,204
test-1329,A,2,36,final_answer,clean_final,218
test-1330,A,0,405486,answer_is,mid_cut,918
test-1330,A,1,399256,final_answer,clean_final,667
test-1330,A,2,417176,final_answer,clean_final,1331
test-1331,A,0,100,final_answer,clean_final,218
test-1331,A,1,100,final_answer,clean_final,274
test-1331,A,2,100,final_answer,clean_final,208
test-1332,A,0,44,final_answer,clean_final,854
test-1332,A,1,23924,boxed,mid_cut,874
test-1332,A,2,231,boxed,mid_cut,791
test-1333,A,0,69,final_answer,clean_final,120
test-1333,A,1,78,final_answer,clean_final,185
test-1333,A,2,88,final_answer,clean_final,163
test-1334,A,0,336,answer_is,ends_digit,655
test-1334,A,1,336,final_answer,clean_final,791
test-1334,A,2,336,final_answer,clean_final,582
test-1335,A,0,5,final_answer,clean_final,272
test-1335,A,1,5,final_answer,clean_final,306
test-1335,A,2,5,final_answer,clean_final,272
test-1336,A,0,762,final_answer,clean_final,569
test-1336,A,1,536,boxed,sentence_end,315
test-1336,A,2,536,final_answer,clean_final,393
test-1337,A,0,1024,answer_is,mid_cut,749
test-1337,A,1,9442,final_answer,clean_final,1024
test-1337,A,2,1489,final_answer,clean_final,848
test-1338,A,0,1008,final_answer,clean_final,664
test-1338,A,1,504,final_answer,clean_final,756
test-1338,A,2,505,final_answer,clean_final,757
test-1339,A,0,0,final_answer,clean_final,642
test-1339,A,1,0,final_answer,clean_final,583
test-1339,A,2,0,final_answer,clean_final,545
test-1340,A,0,3432,final_answer,clean_final,580
test-1340,A,1,60,final_answer,clean_final,1265
test-1340,A,2,15,final_answer,clean_final,923
test-1341,A,0,7,final_answer,clean_final,416
test-1341,A,1,0,final_answer,clean_final,461
test-1341,A,2,20,final_answer,clean_final,412
test-1342,A,0,24,final_answer,clean_final,439
test-1342,A,1,24,final_answer,clean_final,435
test-1342,A,2,24,final_answer,clean_final,455
test-1343,A,0,6,final_answer,clean_final,189
test-1343,A,1,6,final_answer,clean_final,197
test-1343,A,2,12,final_answer,clean_final,287
test-1344,A,0,7,final_answer,clean_final,199
test-1344,A,1,7,final_answer,clean_final,206
test-1344,A,2,7,final_answer,clean_final,206
test-1345,A,0,13,final_answer,clean_final,390
test-1345,A,1,13,final_answer,clean_final,312
test-1345,A,2,13,final_answer,clean_final,261
test-1346,A,0,2,final_answer,clean_final,498
test-1346,A,1,32,final_answer,clean_final,616
test-1346,A,2,1,final_answer,clean_final,781
test-1347,A,0,14,final_answer,clean_final,565
test-1347,A,1,14,final_answer,clean_final,478
test-1347,A,2,14,final_answer,clean_final,441
test-1348,A,0,50,final_answer,clean_final,333
test-1348,A,1,100,last_number,clean_final,336
test-1348,A,2,50,final_answer,clean_final,303
test-1349,A,0,10,final_answer,clean_final,271
test-1349,A,1,10,final_answer,clean_final,367
test-1349,A,2,10,final_answer,clean_final,233
test-1350,A,0,8,final_answer,clean_final,609
test-1350,A,1,54,final_answer,clean_final,409
test-1350,A,2,35,last_number,clean_final,955
test-1351,A,0,5,final_answer,clean_final,260
test-1351,A,1,5,final_answer,clean_final,276
test-1351,A,2,5,final_answer,clean_final,271
test-1352,A,0,126,final_answer,clean_final,175
test-1352,A,1,126,final_answer,clean_final,135
test-1352,A,2,126,final_answer,clean_final,163
test-1353,A,0,9,final_answer,clean_final,304
test-1353,A,1,9,final_answer,clean_final,316
test-1353,A,2,9,final_answer,clean_final,272
test-1354,A,0,1284,final_answer,clean_final,353
test-1354,A,1,1172,final_answer,clean_final,344
test-1354,A,2,1172,final_answer,clean_final,382
test-1355,A,0,77,final_answer,clean_final,707
test-1355,A,1,40,final_answer,clean_final,695
test-1355,A,2,100,final_answer,clean_final,618
test-1356,A,0,6,final_answer,clean_final,856
test-1356,A,1,20,boxed,mid_cut,864
test-1356,A,2,6,boxed,mid_cut,803
test-1357,A,0,2,final_answer,clean_final,348
test-1357,A,1,6,final_answer,clean_final,317
test-1357,A,2,6,final_answer,clean_final,345
test-1358,A,0,57,final_answer,clean_final,904
test-1358,A,1,20,final_answer,clean_final,536
test-1358,A,2,20,final_answer,clean_final,640
test-1359,A,0,72,boxed,mid_cut,1015
test-1359,A,1,12,final_answer,clean_final,450
test-1359,A,2,66,final_answer,clean_final,341
test-1360,A,0,100,final_answer,clean_final,211
test-1360,A,1,100,final_answer,clean_final,223
test-1360,A,2,100,final_answer,clean_final,255
test-1361,A,0,16,final_answer,clean_final,761
test-1361,A,1,12,final_answer,clean_final,672
test-1361,A,2,12,boxed,mid_cut,701
test-1362,A,0,2,answer_is,mid_cut,1194
test-1362,A,1,2,final_answer,clean_final,1227
test-1362,A,2,2,answer_is,ends_digit,1093
test-1363,A,0,0,boxed,mid_cut,749
test-1363,A,1,1003,final_answer,clean_final,1090
test-1363,A,2,0,answer_is,mid_cut,1129
test-1364,A,0,2,final_answer,clean_final,262
test-1364,A,1,2,final_answer,clean_final,286
test-1364,A,2,2,final_answer,clean_final,283
test-1365,A,0,200,final_answer,clean_final,136
test-1365,A,1,200,final_answer,clean_final,202
test-1365,A,2,200,final_answer,clean_final,133
test-1366,A,0,60,final_answer,clean_final,162
test-1366,A,1,60,final_answer,clean_final,132
test-1366,A,2,60,final_answer,clean_final,183
test-1367,A,0,75,final_answer,clean_final,434
test-1367,A,1,37,final_answer,clean_final,688
test-1367,A,2,60,final_answer,clean_final,584
test-1368,A,0,6,final_answer,clean_final,224
test-1368,A,1,6,final_answer,clean_final,257
test-1368,A,2,5,final_answer,clean_final,489
test-1369,A,0,26353,boxed,mid_cut,1086
test-1369,A,1,26353,answer_is,mid_cut,995
test-1369,A,2,26353,final_answer,clean_final,1123
test-1370,A,0,1800,final_answer,clean_final,231
test-1370,A,1,1800,final_answer,clean_final,232
test-1370,A,2,1800,final_answer,clean_final,330
test-1371,A,0,64,final_answer,clean_final,740
test-1371,A,1,67,final_answer,clean_final,938
test-1371,A,2,68,final_answer,clean_final,708
test-1372,A,0,12,final_answer,clean_final,629
test-1372,A,1,144,final_answer,clean_final,685
test-1372,A,2,1260,final_answer,clean_final,559
test-1373,A,0,15,final_answer,clean_final,586
test-1373,A,1,15,final_answer,clean_final,442
test-1373,A,2,15,final_answer,clean_final,675
test-1374,A,0,4,final_answer,clean_final,608
test-1374,A,1,4,final_answer,clean_final,711
test-1374,A,2,2,final_answer,clean_final,755
test-1375,A,0,33,final_answer,clean_final,202
test-1375,A,1,33,final_answer,clean_final,194
test-1375,A,2,33,final_answer,clean_final,240
test-1376,A,0,360,final_answer,clean_final,1091
test-1376,A,1,175,final_answer,clean_final,1001
test-1376,A,2,30,final_answer,clean_final,1218
test-1377,A,0,4000,final_answer,clean_final,352
test-1377,A,1,4000,final_answer,clean_final,304
test-1377,A,2,4000,final_answer,clean_final,267
test-1378,A,0,6,final_answer,clean_final,202
test-1378,A,1,6,final_answer,clean_final,204
test-1378,A,2,6,final_answer,clean_final,144
test-1379,A,0,11,final_answer,clean_final,360
test-1379,A,1,11,final_answer,clean_final,309
test-1379,A,2,1,final_answer,clean_final,259
test-1380,A,0,3,final_answer,clean_final,1124
test-1380,A,1,7,final_answer,clean_final,461
test-1380,A,2,5,final_answer,clean_final,806
test-1381,A,0,100,final_answer,clean_final,206
test-1381,A,1,80,final_answer,clean_final,293
test-1381,A,2,60,final_answer,clean_final,325
test-1382,A,0,1,final_answer,clean_final,343
test-1382,A,1,3,final_answer,clean_final,989
test-1382,A,2,1,final_answer,clean_final,521
test-1383,A,0,54,final_answer,clean_final,273
test-1383,A,1,54,final_answer,clean_final,253
test-1383,A,2,54,final_answer,clean_final,198
test-1384,A,0,19999,final_answer,clean_final,648
test-1384,A,1,10010,final_answer,clean_final,530
test-1384,A,2,10000,final_answer,clean_final,580
test-1385,A,0,11,last_number,mid_cut,1536
test-1385,A,1,10,final_answer,clean_final,1163
test-1385,A,2,9,last_number,mid_cut,1536
test-1386,A,0,100,final_answer,clean_final,1036
test-1386,A,1,7,final_answer,clean_final,1308
test-1386,A,2,146,final_answer,clean_final,704
test-1387,A,0,2,final_answer,clean_final,223
test-1387,A,1,2,final_answer,clean_final,245
test-1387,A,2,2,final_answer,clean_final,316
test-1388,A,0,30,boxed,mid_cut,818
test-1388,A,1,140,final_answer,clean_final,769
test-1388,A,2,25,boxed,mid_cut,1392
test-1389,A,0,880,final_answer,clean_final,934
test-1389,A,1,933,final_answer,clean_final,691
test-1389,A,2,2183,final_answer,clean_final,589
test-1390,A,0,111,final_answer,clean_final,384
test-1390,A,1,111,final_answer,clean_final,268
test-1390,A,2,111,final_answer,clean_final,367
test-1391,A,0,4500,final_answer,clean_final,272
test-1391,A,1,4500,final_answer,clean_final,317
test-1391,A,2,4500,final_answer,clean_final,221
test-1392,A,0,-22,final_answer,clean_final,853
test-1392,A,1,-12,final_answer,clean_final,897
test-1392,A,2,18,final_answer,clean_final,1078
test-1393,A,0,200,final_answer,clean_final,128
test-1393,A,1,200,final_answer,clean_final,138
test-1393,A,2,200,final_answer,clean_final,143
test-1394,A,0,9,answer_is,mid_cut,434
test-1394,A,1,4,final_answer,clean_final,467
test-1394,A,2,9,final_answer,clean_final,622
test-1395,A,0,3,final_answer,clean_final,454
test-1395,A,1,30,final_answer,clean_final,478
test-1395,A,2,3,final_answer,clean_final,490
test-1396,A,0,198,final_answer,clean_final,244
test-1396,A,1,554,final_answer,clean_final,351
test-1396,A,2,200,final_answer,clean_final,340
test-1397,A,0,6,final_answer,clean_final,161
test-1397,A,1,6,final_answer,clean_final,143
test-1397,A,2,6,final_answer,clean_final,182
test-1398,A,0,881,boxed,mid_cut,757
test-1398,A,1,881,final_answer,clean_final,573
test-1398,A,2,41,boxed,mid_cut,833
test-1399,A,0,1750,final_answer,clean_final,354
test-1399,A,1,2450,final_answer,clean_final,417
test-1399,A,2,1750,final_answer,clean_final,348
test-1400,A,0,65,final_answer,clean_final,113
test-1400,A,1,65,final_answer,clean_final,90
test-1400,A,2,65,final_answer,clean_final,160
test-1401,A,0,274,final_answer,clean_final,244
test-1401,A,1,274,final_answer,clean_final,192
test-1401,A,2,274,final_answer,clean_final,230
test-1402,A,0,6,final_answer,clean_final,776
test-1402,A,1,9,final_answer,clean_final,549
test-1402,A,2,6,final_answer,clean_final,523
test-1403,A,0,12,final_answer,clean_final,209
test-1403,A,1,12,final_answer,clean_final,146
test-1403,A,2,12,final_answer,clean_final,111
test-1404,A,0,9,final_answer,clean_final,236
test-1404,A,1,9,final_answer,clean_final,292
test-1404,A,2,9,final_answer,clean_final,260
test-1405,A,0,162,answer_is,mid_cut,295
test-1405,A,1,162,final_answer,clean_final,212
test-1405,A,2,162,final_answer,clean_final,260
test-1406,A,0,240,final_answer,clean_final,153
test-1406,A,1,240,final_answer,clean_final,163
test-1406,A,2,240,final_answer,clean_final,172
test-1407,A,0,540,final_answer,clean_final,1099
test-1407,A,1,10092,final_answer,clean_final,994
test-1407,A,2,52890,final_answer,clean_final,818
test-1408,A,0,839,answer_is,mid_cut,860
test-1408,A,1,1099999999,answer_is,mid_cut,956
test-1408,A,2,10865,final_answer,clean_final,937
test-1409,A,0,400,final_answer,clean_final,164
test-1409,A,1,400,final_answer,clean_final,190
test-1409,A,2,400,final_answer,clean_final,261
test-1410,A,0,11,final_answer,clean_final,888
test-1410,A,1,60,final_answer,clean_final,1203
test-1410,A,2,40,final_answer,clean_final,1057
test-1411,A,0,9400,final_answer,clean_final,386
test-1411,A,1,6700,final_answer,clean_final,390
test-1411,A,2,9400,final_answer,clean_final,408
test-1412,A,0,30,boxed,mid_cut,940
test-1412,A,1,120,final_answer,clean_final,920
test-1412,A,2,30,boxed,mid_cut,831
test-1413,A,0,29,boxed,mid_cut,957
test-1413,A,1,38,final_answer,clean_final,798
test-1413,A,2,65,final_answer,clean_final,1286
test-1414,A,0,33,final_answer,clean_final,1024
test-1414,A,1,984,final_answer,clean_final,758
test-1414,A,2,200,final_answer,clean_final,860
test-1415,A,0,25550,final_answer,clean_final,232
test-1415,A,1,25550,final_answer,clean_final,370
test-1415,A,2,10770,final_answer,clean_final,324
test-1416,A,0,580,final_answer,clean_final,314
test-1416,A,1,580,final_answer,clean_final,435
test-1416,A,2,580,final_answer,clean_final,362
test-1417,A,0,7,final_answer,clean_final,292
test-1417,A,1,7,final_answer,clean_final,211
test-1417,A,2,12,final_answer,clean_final,372
test-1418,A,0,4,final_answer,clean_final,552
test-1418,A,1,4,final_answer,clean_final,490
test-1418,A,2,4,final_answer,clean_final,457
test-1419,A,0,160,final_answer,clean_final,814
test-1419,A,1,60,final_answer,clean_final,1470
test-1419,A,2,60,final_answer,clean_final,917
test-1420,A,0,10008,final_answer,clean_final,615
test-1420,A,1,10008,final_answer,clean_final,631
test-1420,A,2,10008,final_answer,clean_final,415
test-1421,A,0,560,final_answer,clean_final,994
test-1421,A,1,84,final_answer,clean_final,469
test-1421,A,2,14,final_answer,clean_final,803
test-1422,A,0,2018,boxed,mid_cut,831
test-1422,A,1,4036,final_answer,clean_final,941
test-1422,A,2,2018,boxed,mid_cut,724
test-1423,A,0,54,final_answer,clean_final,135
test-1423,A,1,54,final_answer,clean_final,149
test-1423,A,2,54,final_answer,clean_final,105
test-1424,A,0,60,final_answer,clean_final,173
test-1424,A,1,60,final_answer,clean_final,354
test-1424,A,2,60,final_answer,clean_final,428
test-1425,A,0,9,final_answer,clean_final,200
test-1425,A,1,9,final_answer,clean_final,150
test-1425,A,2,9,final_answer,clean_final,139
test-1426,A,0,102,final_answer,clean_final,145
test-1426,A,1,102,final_answer,clean_final,152
test-1426,A,2,102,final_answer,clean_final,169
test-1427,A,0,999,answer_is,mid_cut,539
test-1427,A,1,1348,final_answer,clean_final,680
test-1427,A,2,500,final_answer,clean_final,719
test-1428,A,0,8,final_answer,clean_final,410
test-1428,A,1,8,final_answer,clean_final,260
test-1428,A,2,10,final_answer,clean_final,481
test-1429,A,0,321,boxed,mid_cut,951
test-1429,A,1,682,boxed,mid_cut,957
test-1429,A,2,97,boxed,mid_cut,1078
test-1430,A,0,0,final_answer,clean_final,815
test-1430,A,1,4,final_answer,clean_final,888
test-1430,A,2,1,final_answer,clean_final,1410
test-1431,A,0,5,final_answer,clean_final,236
test-1431,A,1,5,final_answer,clean_final,277
test-1431,A,2,5,final_answer,clean_final,314
test-1432,A,0,28,final_answer,clean_final,880
test-1432,A,1,150,final_answer,clean_final,456
test-1432,A,2,75,final_answer,clean_final,1072
test-1433,A,0,400,final_answer,clean_final,271
test-1433,A,1,400,final_answer,clean_final,211
test-1433,A,2,400,final_answer,clean_final,282
test-1434,A,0,5,final_answer,clean_final,539
test-1434,A,1,50,final_answer,clean_final,644
test-1434,A,2,50,final_answer,clean_final,724
test-1435,A,0,6,final_answer,clean_final,684
test-1435,A,1,6,final_answer,clean_final,527
test-1435,A,2,8,final_answer,clean_final,404
test-1436,A,0,6,final_answer,clean_final,443
test-1436,A,1,8,final_answer,clean_final,659
test-1436,A,2,104,final_answer,clean_final,736
test-1437,A,0,1,final_answer,clean_final,362
test-1437,A,1,1,final_answer,clean_final,235
test-1437,A,2,1,final_answer,clean_final,232
test-1438,A,0,71,final_answer,clean_final,765
test-1438,A,1,6,final_answer,clean_final,679
test-1438,A,2,11,final_answer,clean_final,1253
test-1439,A,0,19,final_answer,clean_final,956
test-1439,A,1,34,final_answer,clean_final,750
test-1439,A,2,2713,final_answer,clean_final,1124
test-1440,A,0,63,final_answer,clean_final,316
test-1440,A,1,63,final_answer,clean_final,188
test-1440,A,2,63,final_answer,clean_final,289
test-1441,A,0,78,final_answer,clean_final,168
test-1441,A,1,78,final_answer,clean_final,202
test-1441,A,2,78,final_answer,clean_final,121
test-1442,A,0,16,final_answer,clean_final,910
test-1442,A,1,15,final_answer,clean_final,1002
test-1442,A,2,24,final_answer,clean_final,839
test-1443,A,0,49,final_answer,clean_final,210
test-1443,A,1,49,final_answer,clean_final,208
test-1443,A,2,49,final_answer,clean_final,304
test-1444,A,0,25,final_answer,clean_final,294
test-1444,A,1,25,final_answer,clean_final,270
test-1444,A,2,25,final_answer,clean_final,282
test-1445,A,0,4,final_answer,clean_final,394
test-1445,A,1,3,final_answer,clean_final,396
test-1445,A,2,2,final_answer,clean_final,352
test-1446,A,0,52,final_answer,clean_final,876
test-1446,A,1,46,final_answer,clean_final,851
test-1446,A,2,52,final_answer,clean_final,947
test-1447,A,0,12,final_answer,clean_final,301
test-1447,A,1,12,final_answer,clean_final,213
test-1447,A,2,12,final_answer,clean_final,241
test-1448,A,0,900,final_answer,clean_final,339
test-1448,A,1,900,final_answer,clean_final,278
test-1448,A,2,900,final_answer,clean_final,369
test-1449,A,0,-2003,final_answer,clean_final,693
test-1449,A,1,-2003,final_answer,clean_final,434
test-1449,A,2,-2003,final_answer,clean_final,641
test-1450,A,0,2,final_answer,clean_final,1095
test-1450,A,1,1,final_answer,clean_final,970
test-1450,A,2,1,final_answer,clean_final,869
test-1451,A,0,56,final_answer,clean_final,364
test-1451,A,1,24,final_answer,clean_final,323
test-1451,A,2,56,final_answer,clean_final,186
test-1452,A,0,7,final_answer,clean_final,1004
test-1452,A,1,50,final_answer,clean_final,1089
test-1452,A,2,9,final_answer,clean_final,1349
test-1453,A,0,2450,boxed,mid_cut,1044
test-1453,A,1,2450,final_answer,clean_final,1087
test-1453,A,2,2450,final_answer,sentence_end,1052
test-1454,A,0,25,final_answer,clean_final,290
test-1454,A,1,25,final_answer,clean_final,370
test-1454,A,2,25,final_answer,clean_final,423
test-1455,A,0,84,final_answer,clean_final,597
test-1455,A,1,60,final_answer,clean_final,320
test-1455,A,2,12,final_answer,clean_final,235
test-1456,A,0,300,final_answer,clean_final,498
test-1456,A,1,100,final_answer,clean_final,689
test-1456,A,2,300,final_answer,clean_final,774
test-1457,A,0,16,final_answer,clean_final,131
test-1457,A,1,16,final_answer,clean_final,202
test-1457,A,2,14,final_answer,clean_final,233
test-1458,A,0,3,final_answer,clean_final,124
test-1458,A,1,3,final_answer,clean_final,112
test-1458,A,2,3,final_answer,clean_final,96
test-1459,A,0,30,final_answer,clean_final,292
test-1459,A,1,30,final_answer,clean_final,174
test-1459,A,2,30,final_answer,clean_final,273
test-1460,A,0,25,final_answer,clean_final,305
test-1460,A,1,25,final_answer,clean_final,298
test-1460,A,2,25,final_answer,clean_final,229
test-1461,A,0,15,final_answer,clean_final,198
test-1461,A,1,15,final_answer,clean_final,185
test-1461,A,2,15,final_answer,clean_final,155
test-1462,A,0,0,boxed,mid_cut,289
test-1462,A,1,800,final_answer,clean_final,534
test-1462,A,2,0,final_answer,clean_final,302
test-1463,A,0,12,boxed,mid_cut,766
test-1463,A,1,4,final_answer,clean_final,643
test-1463,A,2,4,final_answer,clean_final,766
test-1464,A,0,12,final_answer,clean_final,294
test-1464,A,1,12,final_answer,clean_final,214
test-1464,A,2,12,final_answer,clean_final,290
test-1465,A,0,6,final_answer,clean_final,995
test-1465,A,1,2,final_answer,clean_final,678
test-1465,A,2,3,final_answer,clean_final,746
test-1466,A,0,2,answer_is,mid_cut,639
test-1466,A,1,2,final_answer,clean_final,788
test-1466,A,2,2,answer_is,mid_cut,387
test-1467,A,0,38,final_answer,clean_final,168
test-1467,A,1,38,final_answer,clean_final,168
test-1467,A,2,38,final_answer,clean_final,189
test-1468,A,0,247,final_answer,clean_final,828
test-1468,A,1,1196,final_answer,clean_final,522
test-1468,A,2,1196,final_answer,clean_final,521
test-1469,A,0,72,boxed,mid_cut,1152
test-1469,A,1,3080,final_answer,clean_final,951
test-1469,A,2,3,boxed,mid_cut,926
test-1470,A,0,10,final_answer,clean_final,215
test-1470,A,1,10,final_answer,clean_final,244
test-1470,A,2,10,final_answer,clean_final,234
test-1471,A,0,144,final_answer,clean_final,688
test-1471,A,1,216,final_answer,clean_final,523
test-1471,A,2,480,boxed,sentence_end,664
test-1472,A,0,9,final_answer,clean_final,140
test-1472,A,1,9,final_answer,clean_final,163
test-1472,A,2,9,final_answer,clean_final,170
test-1473,A,0,50,final_answer,clean_final,158
test-1473,A,1,50,final_answer,clean_final,215
test-1473,A,2,50,final_answer,clean_final,214
test-1474,A,0,15,final_answer,clean_final,479
test-1474,A,1,5,final_answer,clean_final,515
test-1474,A,2,16,final_answer,clean_final,456
test-1475,A,0,8,final_answer,clean_final,158
test-1475,A,1,8,final_answer,clean_final,176
test-1475,A,2,8,final_answer,clean_final,168
test-1476,A,0,1,final_answer,clean_final,709
test-1476,A,1,1,final_answer,clean_final,641
test-1476,A,2,1,final_answer,clean_final,660
test-1477,A,0,25,final_answer,clean_final,543
test-1477,A,1,26,final_answer,clean_final,664
test-1477,A,2,13,answer_is,mid_cut,1108
test-1478,A,0,40,final_answer,clean_final,1371
test-1478,A,1,0,final_answer,clean_final,1295
test-1478,A,2,1,final_answer,clean_final,933
test-1479,A,0,-54,final_answer,clean_final,985
test-1479,A,1,162,final_answer,clean_final,755
test-1479,A,2,-54,final_answer,clean_final,663
test-1480,A,0,3,final_answer,clean_final,1261
test-1480,A,1,1,final_answer,clean_final,975
test-1480,A,2,4,boxed,mid_cut,920
test-1481,A,0,9,final_answer,clean_final,195
test-1481,A,1,9,final_answer,clean_final,153
test-1481,A,2,9,final_answer,clean_final,227
test-1482,A,0,6,final_answer,clean_final,160
test-1482,A,1,6,final_answer,clean_final,140
test-1482,A,2,6,final_answer,clean_final,163
test-1483,A,0,480,final_answer,clean_final,151
test-1483,A,1,480,final_answer,clean_final,200
test-1483,A,2,480,final_answer,clean_final,182
test-1484,A,0,8,final_answer,clean_final,820
test-1484,A,1,2026,boxed,mid_cut,882
test-1484,A,2,4042,final_answer,clean_final,587
test-1485,A,0,15,final_answer,clean_final,306
test-1485,A,1,15,final_answer,clean_final,273
test-1485,A,2,15,final_answer,clean_final,303
test-1486,A,0,5,final_answer,clean_final,254
test-1486,A,1,5,final_answer,clean_final,285
test-1486,A,2,5,final_answer,clean_final,286
test-1487,A,0,100,final_answer,clean_final,362
test-1487,A,1,100,final_answer,clean_final,421
test-1487,A,2,100,final_answer,clean_final,341
test-1488,A,0,2,final_answer,clean_final,299
test-1488,A,1,2,final_answer,clean_final,347
test-1488,A,2,2,answer_is,mid_cut,469
test-1489,A,0,49,final_answer,clean_final,1040
test-1489,A,1,16,final_answer,clean_final,1032
test-1489,A,2,8,final_answer,clean_final,1178
test-1490,A,0,152,final_answer,clean_final,461
test-1490,A,1,152,final_answer,clean_final,348
test-1490,A,2,152,final_answer,clean_final,325
test-1491,A,0,3,final_answer,clean_final,207
test-1491,A,1,3,final_answer,clean_final,177
test-1491,A,2,3,final_answer,clean_final,227
test-1492,A,0,2,final_answer,clean_final,192
test-1492,A,1,2,final_answer,clean_final,142
test-1492,A,2,2,final_answer,clean_final,161
test-1493,A,0,9,final_answer,clean_final,144
test-1493,A,1,3,final_answer,clean_final,156
test-1493,A,2,9,final_answer,clean_final,172
test-1494,A,0,3360,final_answer,clean_final,225
test-1494,A,1,3360,final_answer,clean_final,396
test-1494,A,2,3360,final_answer,clean_final,379
test-1495,A,0,135,final_answer,clean_final,199
test-1495,A,1,135,final_answer,clean_final,216
test-1495,A,2,135,final_answer,clean_final,187
test-1496,A,0,17,final_answer,clean_final,160
test-1496,A,1,17,final_answer,clean_final,213
test-1496,A,2,17,final_answer,clean_final,174
test-1497,A,0,231,final_answer,clean_final,532
test-1497,A,1,197,final_answer,clean_final,551
test-1497,A,2,219,final_answer,clean_final,659
test-1498,A,0,2,final_answer,clean_final,164
test-1498,A,1,2,final_answer,clean_final,182
test-1498,A,2,2,final_answer,clean_final,263
test-1499,A,0,46,final_answer,clean_final,371
test-1499,A,1,46,final_answer,clean_final,297
test-1499,A,2,46,final_answer,clean_final,292
test-1500,A,0,1110,final_answer,clean_final,229
test-1500,A,1,1110,final_answer,clean_final,202
test-1500,A,2,1110,final_answer,clean_final,216
test-1501,A,0,1,last_number,mid_cut,1536
test-1501,A,1,255,final_answer,clean_final,1027
test-1501,A,2,100,final_answer,clean_final,819
test-1502,A,0,8,final_answer,clean_final,205
test-1502,A,1,8,final_answer,clean_final,179
test-1502,A,2,8,final_answer,clean_final,200
test-1503,A,0,84,final_answer,clean_final,278
test-1503,A,1,84,final_answer,clean_final,316
test-1503,A,2,84,final_answer,clean_final,302
test-1504,A,0,33,final_answer,clean_final,168
test-1504,A,1,33,final_answer,clean_final,211
test-1504,A,2,33,final_answer,clean_final,319
test-1505,A,0,22,final_answer,clean_final,297
test-1505,A,1,-1,final_answer,clean_final,98
test-1505,A,2,10000,final_answer,clean_final,437
test-1506,A,0,500000,final_answer,clean_final,562
test-1506,A,1,100000,final_answer,clean_final,562
test-1506,A,2,40000,final_answer,clean_final,1038
test-1507,A,0,38,final_answer,clean_final,255
test-1507,A,1,38,final_answer,clean_final,238
test-1507,A,2,38,final_answer,clean_final,225
test-1508,A,0,50,final_answer,clean_final,202
test-1508,A,1,50,final_answer,clean_final,206
test-1508,A,2,50,final_answer,clean_final,201
test-1509,A,0,24,final_answer,clean_final,207
test-1509,A,1,24,final_answer,clean_final,185
test-1509,A,2,24,final_answer,clean_final,222
test-1510,A,0,9,boxed,mid_cut,992
test-1510,A,1,9,final_answer,clean_final,718
test-1510,A,2,1111,final_answer,clean_final,688
test-1511,A,0,35,final_answer,clean_final,307
test-1511,A,1,35,final_answer,clean_final,254
test-1511,A,2,35,final_answer,clean_final,266
test-1512,A,0,2016,final_answer,clean_final,635
test-1512,A,1,2023,answer_is,mid_cut,1134
test-1512,A,2,2023,final_answer,clean_final,801
test-1513,A,0,2,final_answer,clean_final,617
test-1513,A,1,57,final_answer,clean_final,429
test-1513,A,2,18,final_answer,clean_final,391
test-1514,A,0,50,boxed,mid_cut,889
test-1514,A,1,16,final_answer,clean_final,580
test-1514,A,2,29,final_answer,clean_final,739
test-1515,A,0,26,final_answer,clean_final,252
test-1515,A,1,26,final_answer,clean_final,211
test-1515,A,2,26,final_answer,clean_final,198
test-1516,A,0,33,final_answer,clean_final,384
test-1516,A,1,33,final_answer,clean_final,375
test-1516,A,2,33,final_answer,clean_final,353
test-1517,A,0,88,final_answer,clean_final,702
test-1517,A,1,224,final_answer,clean_final,528
test-1517,A,2,176,final_answer,clean_final,360
test-1518,A,0,16,final_answer,clean_final,264
test-1518,A,1,16,final_answer,clean_final,276
test-1518,A,2,16,final_answer,clean_final,261
test-1519,A,0,5040,final_answer,clean_final,310
test-1519,A,1,5040,final_answer,clean_final,394
test-1519,A,2,5040,final_answer,clean_final,346
test-1520,A,0,23,final_answer,clean_final,271
test-1520,A,1,23,final_answer,clean_final,298
test-1520,A,2,23,final_answer,clean_final,268
test-1521,A,0,64,final_answer,clean_final,298
test-1521,A,1,64,final_answer,clean_final,323
test-1521,A,2,64,final_answer,clean_final,333
test-1522,A,0,315,final_answer,clean_final,704
test-1522,A,1,513,final_answer,clean_final,518
test-1522,A,2,8092,final_answer,clean_final,617
test-1523,A,0,21,final_answer,clean_final,836
test-1523,A,1,46,final_answer,clean_final,1249
test-1523,A,2,75,final_answer,clean_final,453
test-1524,A,0,9,final_answer,clean_final,339
test-1524,A,1,5,final_answer,clean_final,413
test-1524,A,2,11,final_answer,clean_final,461
test-1525,A,0,22,final_answer,clean_final,82
test-1525,A,1,22,final_answer,clean_final,57
test-1525,A,2,22,final_answer,clean_final,107
test-1526,A,0,10,final_answer,clean_final,195
test-1526,A,1,10,final_answer,clean_final,220
test-1526,A,2,10,final_answer,clean_final,204
test-1527,A,0,22,final_answer,clean_final,344
test-1527,A,1,22,final_answer,clean_final,357
test-1527,A,2,22,final_answer,clean_final,289
test-1528,A,0,4,final_answer,clean_final,226
test-1528,A,1,4,answer_is,mid_cut,376
test-1528,A,2,4,final_answer,clean_final,397
test-1529,A,0,3,final_answer,clean_final,1323
test-1529,A,1,2,final_answer,clean_final,781
test-1529,A,2,2,final_answer,clean_final,965
test-1530,A,0,3,final_answer,clean_final,1261
test-1530,A,1,1,final_answer,clean_final,820
test-1530,A,2,1998,final_answer,mid_cut,899
test-1531,A,0,20,final_answer,clean_final,185
test-1531,A,1,20,final_answer,clean_final,182
test-1531,A,2,20,final_answer,clean_final,194
test-1532,A,0,6,final_answer,clean_final,362
test-1532,A,1,6,final_answer,clean_final,398
test-1532,A,2,6,final_answer,clean_final,354
test-1533,A,0,6,final_answer,clean_final,435
test-1533,A,1,6,final_answer,clean_final,559
test-1533,A,2,11,final_answer,clean_final,836
test-1534,A,0,1,final_answer,clean_final,662
test-1534,A,1,1,final_answer,clean_final,685
test-1534,A,2,1,final_answer,clean_final,614
test-1535,A,0,1000,final_answer,clean_final,702
test-1535,A,1,1000,final_answer,clean_final,462
test-1535,A,2,14,boxed,mid_cut,727
test-1536,A,0,1,last_number,mid_cut,1536
test-1536,A,1,25,last_number,mid_cut,1536
test-1536,A,2,4,last_number,mid_cut,1536
test-1537,A,0,36000,final_answer,clean_final,291
test-1537,A,1,36000,final_answer,clean_final,212
test-1537,A,2,36000,final_answer,clean_final,268
test-1538,A,0,18,final_answer,clean_final,559
test-1538,A,1,18,boxed,mid_cut,505
test-1538,A,2,20,final_answer,clean_final,517
test-1539,A,0,8,final_answer,clean_final,122
test-1539,A,1,8,final_answer,clean_final,124
test-1539,A,2,8,final_answer,clean_final,118
test-1540,A,0,15,final_answer,clean_final,333
test-1540,A,1,15,final_answer,clean_final,414
test-1540,A,2,15,final_answer,clean_final,267
test-1541,A,0,41,final_answer,clean_final,288
test-1541,A,1,41,final_answer,clean_final,256
test-1541,A,2,41,final_answer,clean_final,307
test-1542,A,0,9,final_answer,clean_final,1209
test-1542,A,1,3,final_answer,clean_final,1135
test-1542,A,2,5,final_answer,clean_final,1492
test-1543,A,0,50,final_answer,clean_final,179
test-1543,A,1,50,final_answer,clean_final,235
test-1543,A,2,50,final_answer,clean_final,179
test-1544,A,0,3,final_answer,clean_final,448
test-1544,A,1,3,final_answer,clean_final,543
test-1544,A,2,3,boxed,sentence_end,765
test-1545,A,0,808,final_answer,clean_final,730
test-1545,A,1,804,final_answer,clean_final,690
test-1545,A,2,1,final_answer,clean_final,865
test-1546,A,0,2,boxed,mid_cut,676
test-1546,A,1,13,final_answer,clean_final,671
test-1546,A,2,2,final_answer,clean_final,1071
test-1547,A,0,982,final_answer,clean_final,715
test-1547,A,1,2304,final_answer,clean_final,455
test-1547,A,2,81,final_answer,clean_final,687
test-1548,A,0,64,final_answer,clean_final,218
test-1548,A,1,64,final_answer,clean_final,550
test-1548,A,2,64,final_answer,mid_cut,383
test-1549,A,0,24,final_answer,clean_final,539
test-1549,A,1,1333,final_answer,clean_final,814
test-1549,A,2,1000000,final_answer,clean_final,772
test-1550,A,0,0.0,last_number,ends_digit,1536
test-1550,A,1,0.0,final_answer,clean_final,363
test-1550,A,2,2.0,final_answer,clean_final,593
test-1551,A,0,1330.0,final_answer,clean_final,307
test-1551,A,1,1330.0,final_answer,clean_final,206
test-1551,A,2,1330.0,final_answer,clean_final,325
test-1552,A,0,7831.0,final_answer,clean_final,908
test-1552,A,1,28877.0,boxed,mid_cut,719
test-1552,A,2,8509.0,boxed,mid_cut,992
test-1553,A,0,39.0,final_answer,clean_final,274
test-1553,A,1,39.0,final_answer,clean_final,199
test-1553,A,2,39.0,final_answer,clean_final,213
test-1554,A,0,1001.0,final_answer,clean_final,1211
test-1554,A,1,995.0,final_answer,clean_final,750
test-1554,A,2,846.0,final_answer,clean_final,580
test-1555,A,0,2.0,answer_is,mid_cut,901
test-1555,A,1,1.0,final_answer,clean_final,877
test-1555,A,2,1.0,final_answer,clean_final,655
test-1556,A,0,24.0,final_answer,clean_final,318
test-1556,A,1,24.0,final_answer,clean_final,364
test-1556,A,2,24.0,final_answer,clean_final,405
test-1557,A,0,8.0,final_answer,clean_final,512
test-1557,A,1,88.0,final_answer,clean_final,646
test-1557,A,2,88.0,final_answer,clean_final,419
test-1558,A,0,90.0,final_answer,clean_final,207
test-1558,A,1,90.0,final_answer,clean_final,260
test-1558,A,2,90.0,final_answer,clean_final,223
test-1559,A,0,10400.0,final_answer,clean_final,267
test-1559,A,1,14670.0,final_answer,clean_final,353
test-1559,A,2,18000.0,final_answer,clean_final,346
test-1560,A,0,16.0,final_answer,clean_final,156
test-1560,A,1,16.0,final_answer,clean_final,155
test-1560,A,2,16.0,final_answer,clean_final,143
test-1561,A,0,10.0,final_answer,clean_final,146
test-1561,A,1,10.0,final_answer,clean_final,178
test-1561,A,2,10.0,final_answer,clean_final,191
test-1562,A,0,504.0,final_answer,clean_final,608
test-1562,A,1,504.0,final_answer,clean_final,625
test-1562,A,2,504.0,final_answer,clean_final,684
test-1563,A,0,1.0,final_answer,clean_final,715
test-1563,A,1,,fail,clean_final,556
test-1563,A,2,1.0,final_answer,clean_final,457
test-1564,A,0,3.0,final_answer,clean_final,258
test-1564,A,1,3.0,final_answer,clean_final,286
test-1564,A,2,3.0,final_answer,clean_final,258
test-1565,A,0,2160.0,final_answer,clean_final,344
test-1565,A,1,2192.0,final_answer,clean_final,411
test-1565,A,2,16120.0,final_answer,clean_final,391
test-1566,A,0,31.0,final_answer,clean_final,211
test-1566,A,1,31.0,final_answer,clean_final,267
test-1566,A,2,31.0,final_answer,clean_final,285
test-1567,A,0,202120212021.0,final_answer,clean_final,1167
test-1567,A,1,2.0,last_number,ends_digit,1536
test-1567,A,2,1.0,final_answer,clean_final,799
test-1568,A,0,61.0,boxed,sentence_end,710
test-1568,A,1,45.0,boxed,sentence_end,670
test-1568,A,2,44.0,boxed,sentence_end,522
test-1569,A,0,332.0,boxed,mid_cut,523
test-1569,A,1,586.0,boxed,mid_cut,470
test-1569,A,2,2692.0,boxed,mid_cut,590
test-1570,A,0,200.0,final_answer,clean_final,393
test-1570,A,1,200.0,final_answer,clean_final,387
test-1570,A,2,200.0,final_answer,clean_final,488
test-1571,A,0,130.0,final_answer,clean_final,252
test-1571,A,1,130.0,final_answer,clean_final,268
test-1571,A,2,130.0,final_answer,clean_final,257
test-1572,A,0,325.0,final_answer,clean_final,123
test-1572,A,1,325.0,final_answer,clean_final,193
test-1572,A,2,325.0,final_answer,clean_final,163
test-1573,A,0,990.0,boxed,sentence_end,1179
test-1573,A,1,25.0,final_answer,clean_final,901
test-1573,A,2,501.0,final_answer,clean_final,1295
test-1574,A,0,11.0,final_answer,clean_final,243
test-1574,A,1,11.0,final_answer,clean_final,257
test-1574,A,2,11.0,final_answer,clean_final,158
test-1575,A,0,12.0,final_answer,clean_final,438
test-1575,A,1,24.0,final_answer,clean_final,308
test-1575,A,2,24.0,final_answer,sentence_end,446
test-1576,A,0,95.0,final_answer,clean_final,200
test-1576,A,1,95.0,final_answer,clean_final,163
test-1576,A,2,95.0,answer_is,mid_cut,258
test-1577,A,0,9.0,final_answer,clean_final,680
test-1577,A,1,136.0,final_answer,clean_final,841
test-1577,A,2,7925.0,final_answer,clean_final,1100
test-1578,A,0,1.0,final_answer,clean_final,982
test-1578,A,1,1.0,final_answer,clean_final,1038
test-1578,A,2,0.0,final_answer,clean_final,725
test-1579,A,0,4.0,final_answer,clean_final,139
test-1579,A,1,4.0,final_answer,clean_final,169
test-1579,A,2,4.0,final_answer,clean_final,187
test-1580,A,0,961.0,final_answer,clean_final,1143
test-1580,A,1,186.0,final_answer,clean_final,997
test-1580,A,2,531.0,final_answer,clean_final,1039
test-1581,A,0,2016.0,final_answer,clean_final,1147
test-1581,A,1,1.0,final_answer,clean_final,919
test-1581,A,2,1.0,final_answer,clean_final,824
test-1582,A,0,16.0,final_answer,clean_final,616
test-1582,A,1,4.0,final_answer,clean_final,697
test-1582,A,2,1.0,final_answer,clean_final,631
test-1583,A,0,1009.0,final_answer,clean_final,596
test-1583,A,1,1010.0,boxed,mid_cut,703
test-1583,A,2,1009.0,final_answer,clean_final,718
test-1584,A,0,375.0,final_answer,clean_final,1137
test-1584,A,1,1.0,boxed,mid_cut,1383
test-1584,A,2,999.0,final_answer,clean_final,748
test-1585,A,0,6.0,final_answer,clean_final,259
test-1585,A,1,12.0,final_answer,clean_final,262
test-1585,A,2,12.0,final_answer,clean_final,258
test-1586,A,0,15.0,boxed,mid_cut,1277
test-1586,A,1,5.0,boxed,mid_cut,927
test-1586,A,2,5.0,final_answer,clean_final,1021
test-1587,A,0,20.0,final_answer,clean_final,96
test-1587,A,1,20.0,final_answer,clean_final,60
test-1587,A,2,20.0,final_answer,clean_final,101
test-1588,A,0,280.0,final_answer,clean_final,529
test-1588,A,1,199.0,final_answer,clean_final,935
test-1588,A,2,810.0,boxed,mid_cut,726
test-1589,A,0,6.0,last_number,mid_cut,1536
test-1589,A,1,27.0,final_answer,clean_final,1181
test-1589,A,2,6.0,last_number,mid_cut,1536
test-1590,A,0,100.0,final_answer,clean_final,509
test-1590,A,1,991.0,final_answer,clean_final,587
test-1590,A,2,1883.0,final_answer,clean_final,449
test-1591,A,0,13.0,final_answer,clean_final,945
test-1591,A,1,63.0,final_answer,clean_final,712
test-1591,A,2,141.0,boxed,mid_cut,1503
test-1592,A,0,110.0,final_answer,clean_final,191
test-1592,A,1,110.0,final_answer,clean_final,340
test-1592,A,2,110.0,final_answer,clean_final,250
test-1593,A,0,124.0,final_answer,clean_final,192
test-1593,A,1,124.0,final_answer,clean_final,285
test-1593,A,2,124.0,final_answer,clean_final,153
test-1594,A,0,226.0,final_answer,clean_final,303
test-1594,A,1,216.0,final_answer,clean_final,301
test-1594,A,2,226.0,final_answer,clean_final,284
test-1595,A,0,20.0,final_answer,clean_final,182
test-1595,A,1,20.0,final_answer,clean_final,160
test-1595,A,2,20.0,final_answer,clean_final,258
test-1596,A,0,120.0,final_answer,clean_final,280
test-1596,A,1,120.0,final_answer,clean_final,268
test-1596,A,2,144.0,final_answer,clean_final,329
test-1597,A,0,0.0,final_answer,clean_final,1217
test-1597,A,1,0.0,final_answer,clean_final,808
test-1597,A,2,121.0,final_answer,clean_final,1083
test-1598,A,0,40.0,final_answer,clean_final,984
test-1598,A,1,450.0,final_answer,clean_final,802
test-1598,A,2,200.0,final_answer,clean_final,728
test-1599,A,0,5.0,final_answer,clean_final,309
test-1599,A,1,5.0,final_answer,clean_final,312
test-1599,A,2,5.0,final_answer,clean_final,250
test-1600,A,0,3,boxed,sentence_end,969
test-1600,A,1,3,answer_is,ends_digit,922
test-1600,A,2,0,boxed,mid_cut,1379
test-1601,A,0,480,final_answer,clean_final,153
test-1601,A,1,480,final_answer,clean_final,228
test-1601,A,2,480,final_answer,clean_final,160
test-1602,A,0,3,final_answer,clean_final,927
test-1602,A,1,5,final_answer,clean_final,1272
test-1602,A,2,10,final_answer,clean_final,1415
test-1603,A,0,5,final_answer,clean_final,158
test-1603,A,1,5,final_answer,clean_final,202
test-1603,A,2,5,final_answer,clean_final,157
test-1604,A,0,4,final_answer,clean_final,181
test-1604,A,1,4,final_answer,clean_final,154
test-1604,A,2,4,final_answer,clean_final,237
test-1605,A,0,300,final_answer,clean_final,511
test-1605,A,1,300,final_answer,clean_final,357
test-1605,A,2,300,final_answer,clean_final,405
test-1606,A,0,11,final_answer,clean_final,467
test-1606,A,1,202,final_answer,clean_final,380
test-1606,A,2,202,final_answer,clean_final,350
test-1607,A,0,43,final_answer,clean_final,261
test-1607,A,1,43,final_answer,clean_final,277
test-1607,A,2,43,final_answer,clean_final,273
test-1608,A,0,7,final_answer,clean_final,177
test-1608,A,1,7,final_answer,clean_final,245
test-1608,A,2,7,final_answer,clean_final,269
test-1609,A,0,36,final_answer,clean_final,702
test-1609,A,1,48,final_answer,clean_final,358
test-1609,A,2,48,final_answer,clean_final,401
test-1610,A,0,1,final_answer,clean_final,200
test-1610,A,1,1,final_answer,clean_final,205
test-1610,A,2,1,final_answer,clean_final,192
test-1611,A,0,210,final_answer,clean_final,775
test-1611,A,1,179,final_answer,clean_final,802
test-1611,A,2,214,final_answer,clean_final,888
test-1612,A,0,600,final_answer,clean_final,217
test-1612,A,1,600,final_answer,clean_final,239
test-1612,A,2,600,final_answer,clean_final,349
test-1613,A,0,2600,final_answer,clean_final,379
test-1613,A,1,2600,final_answer,clean_final,235
test-1613,A,2,2600,final_answer,clean_final,250
test-1614,A,0,3220,final_answer,clean_final,66
test-1614,A,1,3220,final_answer,clean_final,96
test-1614,A,2,3220,final_answer,clean_final,91
test-1615,A,0,65,final_answer,clean_final,179
test-1615,A,1,65,final_answer,clean_final,201
test-1615,A,2,65,final_answer,clean_final,232
test-1616,A,0,1,final_answer,clean_final,881
test-1616,A,1,1,final_answer,clean_final,680
test-1616,A,2,1,final_answer,clean_final,490
test-1617,A,0,16,final_answer,clean_final,205
test-1617,A,1,16,final_answer,clean_final,327
test-1617,A,2,16,final_answer,clean_final,178
test-1618,A,0,2,final_answer,clean_final,463
test-1618,A,1,2,final_answer,clean_final,481
test-1618,A,2,4,final_answer,clean_final,351
test-1619,A,0,1010,final_answer,clean_final,1126
test-1619,A,1,46,final_answer,clean_final,1287
test-1619,A,2,2018,final_answer,clean_final,1187
test-1620,A,0,6716,final_answer,clean_final,185
test-1620,A,1,6716,final_answer,clean_final,185
test-1620,A,2,6716,final_answer,clean_final,137
test-1621,A,0,68,final_answer,clean_final,319
test-1621,A,1,68,final_answer,clean_final,326
test-1621,A,2,68,final_answer,clean_final,464
test-1622,A,0,16,final_answer,clean_final,249
test-1622,A,1,16,final_answer,clean_final,207
test-1622,A,2,2,final_answer,clean_final,294
test-1623,A,0,25,final_answer,clean_final,386
test-1623,A,1,25,final_answer,clean_final,273
test-1623,A,2,25,last_number,mid_cut,332
test-1624,A,0,980,final_answer,clean_final,302
test-1624,A,1,980,final_answer,clean_final,338
test-1624,A,2,980,final_answer,clean_final,365
test-1625,A,0,10,final_answer,clean_final,433
test-1625,A,1,10,final_answer,clean_final,1058
test-1625,A,2,15,final_answer,clean_final,717
test-1626,A,0,20,final_answer,clean_final,227
test-1626,A,1,20,final_answer,clean_final,208
test-1626,A,2,20,final_answer,clean_final,188
test-1627,A,0,60,final_answer,clean_final,407
test-1627,A,1,60,final_answer,clean_final,416
test-1627,A,2,60,final_answer,clean_final,307
test-1628,A,0,4096,final_answer,clean_final,335
test-1628,A,1,25,final_answer,clean_final,397
test-1628,A,2,4096,final_answer,clean_final,367
test-1629,A,0,14,final_answer,clean_final,356
test-1629,A,1,42,final_answer,clean_final,656
test-1629,A,2,30,final_answer,clean_final,381
test-1630,A,0,6,final_answer,clean_final,555
test-1630,A,1,6,final_answer,clean_final,640
test-1630,A,2,6,final_answer,clean_final,592
test-1631,A,0,14,final_answer,clean_final,261
test-1631,A,1,14,final_answer,clean_final,261
test-1631,A,2,14,final_answer,clean_final,273
test-1632,A,0,30,final_answer,clean_final,152
test-1632,A,1,30,final_answer,clean_final,177
test-1632,A,2,30,final_answer,clean_final,169
test-1633,A,0,15,final_answer,clean_final,234
test-1633,A,1,15,final_answer,clean_final,281
test-1633,A,2,15,final_answer,clean_final,249
test-1634,A,0,60,final_answer,clean_final,417
test-1634,A,1,63,final_answer,clean_final,221
test-1634,A,2,60,final_answer,clean_final,200
test-1635,A,0,138,final_answer,clean_final,364
test-1635,A,1,138,final_answer,clean_final,201
test-1635,A,2,138,final_answer,clean_final,293
test-1636,A,0,10,final_answer,clean_final,182
test-1636,A,1,40,final_answer,clean_final,214
test-1636,A,2,40,final_answer,clean_final,199
test-1637,A,0,5,final_answer,clean_final,770
test-1637,A,1,9,final_answer,clean_final,735
test-1637,A,2,16,answer_is,mid_cut,849
test-1638,A,0,6,final_answer,clean_final,205
test-1638,A,1,6,final_answer,clean_final,173
test-1638,A,2,6,final_answer,clean_final,237
test-1639,A,0,1,final_answer,clean_final,562
test-1639,A,1,4,final_answer,sentence_end,1136
test-1639,A,2,3,final_answer,clean_final,1039
test-1640,A,0,4,final_answer,clean_final,1077
test-1640,A,1,4,final_answer,clean_final,1025
test-1640,A,2,4,final_answer,clean_final,1077
test-1641,A,0,1,final_answer,clean_final,1042
test-1641,A,1,1024,answer_is,mid_cut,1078
test-1641,A,2,0,final_answer,clean_final,1459
test-1642,A,0,6,final_answer,clean_final,53
test-1642,A,1,6,final_answer,clean_final,54
test-1642,A,2,6,final_answer,clean_final,56
test-1643,A,0,38,boxed,mid_cut,1167
test-1643,A,1,68,boxed,mid_cut,1213
test-1643,A,2,10,boxed,sentence_end,992
test-1644,A,0,20,answer_is,mid_cut,1501
test-1644,A,1,42,boxed,mid_cut,1077
test-1644,A,2,2,boxed,mid_cut,1268
test-1645,A,0,20,final_answer,clean_final,798
test-1645,A,1,20,final_answer,clean_final,770
test-1645,A,2,20,final_answer,clean_final,763
test-1646,A,0,138,final_answer,clean_final,1117
test-1646,A,1,95,final_answer,clean_final,989
test-1646,A,2,94,final_answer,clean_final,1073
test-1647,A,0,8,final_answer,clean_final,1421
test-1647,A,1,11,final_answer,clean_final,1043
test-1647,A,2,11,boxed,mid_cut,683
test-1648,A,0,13,final_answer,clean_final,159
test-1648,A,1,13,final_answer,clean_final,155
test-1648,A,2,13,final_answer,clean_final,227
test-1649,A,0,2014,final_answer,clean_final,689
test-1649,A,1,2049,final_answer,clean_final,632
test-1649,A,2,2014,answer_is,mid_cut,513
test-1650,A,0,390,final_answer,clean_final,207
test-1650,A,1,390,final_answer,clean_final,302
test-1650,A,2,390,final_answer,clean_final,265
test-1651,A,0,126,boxed,mid_cut,723
test-1651,A,1,75,boxed,mid_cut,1053
test-1651,A,2,351,final_answer,clean_final,588
test-1652,A,0,23,final_answer,clean_final,86
test-1652,A,1,23,final_answer,clean_final,70
test-1652,A,2,23,final_answer,clean_final,167
test-1653,A,0,84,final_answer,clean_final,636
test-1653,A,1,300,final_answer,clean_final,1494
test-1653,A,2,120,final_answer,clean_final,676
test-1654,A,0,7,final_answer,clean_final,294
test-1654,A,1,6,final_answer,clean_final,825
test-1654,A,2,5,final_answer,clean_final,613
test-1655,A,0,1024,final_answer,clean_final,502
test-1655,A,1,1023,final_answer,clean_final,560
test-1655,A,2,1023,final_answer,clean_final,547
test-1656,A,0,370,final_answer,clean_final,612
test-1656,A,1,75,final_answer,clean_final,537
test-1656,A,2,51,final_answer,clean_final,331
test-1657,A,0,1009,boxed,mid_cut,741
test-1657,A,1,2017,final_answer,clean_final,1058
test-1657,A,2,67,boxed,mid_cut,816
test-1658,A,0,21,final_answer,clean_final,314
test-1658,A,1,21,final_answer,clean_final,310
test-1658,A,2,26,final_answer,clean_final,942
test-1659,A,0,3,final_answer,clean_final,220
test-1659,A,1,3,final_answer,clean_final,175
test-1659,A,2,3,final_answer,clean_final,213
test-1660,A,0,18,final_answer,clean_final,913
test-1660,A,1,60,final_answer,clean_final,415
test-1660,A,2,12,final_answer,clean_final,681
test-1661,A,0,1,final_answer,clean_final,559
test-1661,A,1,1,boxed,mid_cut,797
test-1661,A,2,1,final_answer,clean_final,954
test-1662,A,0,3685,final_answer,clean_final,752
test-1662,A,1,2010,final_answer,clean_final,748
test-1662,A,2,1980120,final_answer,clean_final,546
test-1663,A,0,30,answer_is,mid_cut,235
test-1663,A,1,30,final_answer,clean_final,197
test-1663,A,2,30,final_answer,clean_final,192
test-1664,A,0,8,final_answer,clean_final,211
test-1664,A,1,8,final_answer,clean_final,334
test-1664,A,2,8,final_answer,clean_final,287
test-1665,A,0,210,final_answer,clean_final,274
test-1665,A,1,210,final_answer,clean_final,199
test-1665,A,2,210,final_answer,clean_final,153
test-1666,A,0,1671,final_answer,clean_final,788
test-1666,A,1,13,answer_is,sentence_end,1362
test-1666,A,2,67,final_answer,clean_final,616
test-1667,A,0,7,final_answer,clean_final,219
test-1667,A,1,7,final_answer,clean_final,181
test-1667,A,2,7,final_answer,clean_final,162
test-1668,A,0,400,boxed,mid_cut,963
test-1668,A,1,250,final_answer,clean_final,994
test-1668,A,2,200,final_answer,clean_final,798
test-1669,A,0,5,final_answer,clean_final,1380
test-1669,A,1,6,final_answer,clean_final,1038
test-1669,A,2,8,final_answer,clean_final,804
test-1670,A,0,210,final_answer,clean_final,213
test-1670,A,1,210,final_answer,clean_final,238
test-1670,A,2,210,final_answer,clean_final,442
test-1671,A,0,22,final_answer,clean_final,1021
test-1671,A,1,17,final_answer,clean_final,1189
test-1671,A,2,15,final_answer,clean_final,1356
test-1672,A,0,20,final_answer,clean_final,201
test-1672,A,1,20,final_answer,clean_final,167
test-1672,A,2,20,final_answer,clean_final,223
test-1673,A,0,24,final_answer,clean_final,296
test-1673,A,1,24,final_answer,clean_final,279
test-1673,A,2,24,final_answer,clean_final,264
test-1674,A,0,51,final_answer,clean_final,177
test-1674,A,1,51,final_answer,clean_final,213
test-1674,A,2,51,final_answer,clean_final,165
test-1675,A,0,6,final_answer,clean_final,339
test-1675,A,1,6,final_answer,clean_final,271
test-1675,A,2,6,final_answer,clean_final,355
test-1676,A,0,15,final_answer,clean_final,174
test-1676,A,1,15,final_answer,clean_final,160
test-1676,A,2,15,final_answer,clean_final,95
test-1677,A,0,30,final_answer,clean_final,235
test-1677,A,1,60,final_answer,clean_final,332
test-1677,A,2,30,final_answer,clean_final,352
test-1678,A,0,18000,final_answer,clean_final,352
test-1678,A,1,18000,final_answer,clean_final,281
test-1678,A,2,18000,final_answer,clean_final,241
test-1679,A,0,105,final_answer,clean_final,332
test-1679,A,1,105,final_answer,clean_final,239
test-1679,A,2,105,final_answer,clean_final,314
test-1680,A,0,35,final_answer,clean_final,311
test-1680,A,1,35,final_answer,clean_final,336
test-1680,A,2,35,final_answer,clean_final,233
test-1681,A,0,8,final_answer,clean_final,537
test-1681,A,1,8,final_answer,clean_final,436
test-1681,A,2,8,final_answer,clean_final,322
test-1682,A,0,2002,final_answer,clean_final,880
test-1682,A,1,2002,final_answer,clean_final,607
test-1682,A,2,2002,final_answer,clean_final,666
test-1683,A,0,63,final_answer,clean_final,277
test-1683,A,1,63,final_answer,clean_final,284
test-1683,A,2,63,final_answer,clean_final,247
test-1684,A,0,38,final_answer,clean_final,223
test-1684,A,1,38,final_answer,clean_final,207
test-1684,A,2,38,final_answer,clean_final,228
test-1685,A,0,32,final_answer,clean_final,119
test-1685,A,1,32,final_answer,clean_final,187
test-1685,A,2,32,final_answer,clean_final,168
test-1686,A,0,1,final_answer,clean_final,701
test-1686,A,1,1,final_answer,clean_final,498
test-1686,A,2,3,final_answer,clean_final,1048
test-1687,A,0,100,final_answer,clean_final,1362
test-1687,A,1,180,final_answer,clean_final,1443
test-1687,A,2,50,final_answer,clean_final,1090
test-1688,A,0,400,final_answer,clean_final,782
test-1688,A,1,200,final_answer,clean_final,605
test-1688,A,2,150,final_answer,clean_final,1038
test-1689,A,0,499,final_answer,clean_final,712
test-1689,A,1,500,final_answer,clean_final,679
test-1689,A,2,748,final_answer,clean_final,773
test-1690,A,0,-10,final_answer,clean_final,333
test-1690,A,1,-10,final_answer,clean_final,292
test-1690,A,2,-10,final_answer,clean_final,345
test-1691,A,0,8,final_answer,clean_final,292
test-1691,A,1,8,final_answer,clean_final,199
test-1691,A,2,8,final_answer,clean_final,222
test-1692,A,0,14,final_answer,clean_final,107
test-1692,A,1,14,final_answer,clean_final,124
test-1692,A,2,14,final_answer,clean_final,208
test-1693,A,0,122,final_answer,clean_final,744
test-1693,A,1,63,final_answer,clean_final,1006
test-1693,A,2,66,final_answer,clean_final,1117
test-1694,A,0,25745,final_answer,clean_final,497
test-1694,A,1,12275,final_answer,clean_final,1074
test-1694,A,2,13376,final_answer,clean_final,690
test-1695,A,0,8,final_answer,clean_final,751
test-1695,A,1,8,final_answer,clean_final,632
test-1695,A,2,8,final_answer,clean_final,620
test-1696,A,0,3,last_number,ends_digit,1536
test-1696,A,1,122,last_number,mid_cut,1536
test-1696,A,2,41,final_answer,clean_final,1036
test-1697,A,0,240,final_answer,clean_final,1097
test-1697,A,1,20,final_answer,clean_final,1173
test-1697,A,2,25,final_answer,clean_final,616
test-1698,A,0,150,final_answer,clean_final,508
test-1698,A,1,150,final_answer,clean_final,577
test-1698,A,2,150,final_answer,clean_final,542
test-1699,A,0,377050,final_answer,clean_final,200
test-1699,A,1,377050,final_answer,clean_final,217
test-1699,A,2,377050,final_answer,clean_final,228
test-1700,A,0,100.0,final_answer,clean_final,624
test-1700,A,1,275.0,final_answer,clean_final,447
test-1700,A,2,275.0,final_answer,clean_final,413
test-1701,A,0,5.0,final_answer,clean_final,176
test-1701,A,1,5.0,final_answer,clean_final,143
test-1701,A,2,5.0,final_answer,clean_final,205
test-1702,A,0,81.0,final_answer,clean_final,423
test-1702,A,1,81.0,final_answer,clean_final,337
test-1702,A,2,81.0,final_answer,clean_final,263
test-1703,A,0,4.0,final_answer,clean_final,315
test-1703,A,1,2.0,final_answer,clean_final,246
test-1703,A,2,2.0,final_answer,clean_final,344
test-1704,A,0,72.0,final_answer,clean_final,473
test-1704,A,1,72.0,final_answer,clean_final,335
test-1704,A,2,72.0,final_answer,clean_final,371
test-1705,A,0,4.0,final_answer,clean_final,598
test-1705,A,1,21.0,final_answer,clean_final,780
test-1705,A,2,19.0,last_number,sentence_end,1536
test-1706,A,0,2010.0,final_answer,clean_final,686
test-1706,A,1,1005.0,boxed,mid_cut,1513
test-1706,A,2,2010.0,boxed,mid_cut,1332
test-1707,A,0,8.0,final_answer,clean_final,980
test-1707,A,1,4.0,final_answer,clean_final,1028
test-1707,A,2,18.0,final_answer,clean_final,776
test-1708,A,0,2017.0,final_answer,clean_final,1061
test-1708,A,1,4036.0,final_answer,clean_final,442
test-1708,A,2,2018.0,final_answer,clean_final,798
test-1709,A,0,960.0,final_answer,clean_final,259
test-1709,A,1,960.0,final_answer,clean_final,236
test-1709,A,2,960.0,final_answer,clean_final,210
test-1710,A,0,110.0,final_answer,clean_final,256
test-1710,A,1,110.0,final_answer,clean_final,240
test-1710,A,2,110.0,final_answer,clean_final,231
test-1711,A,0,2015.0,final_answer,clean_final,605
test-1711,A,1,1015056.0,final_answer,clean_final,368
test-1711,A,2,2030155.0,final_answer,clean_final,353
test-1712,A,0,-5.0,final_answer,clean_final,177
test-1712,A,1,-5.0,final_answer,clean_final,142
test-1712,A,2,-5.0,final_answer,clean_final,146
test-1713,A,0,6.0,final_answer,clean_final,192
test-1713,A,1,6.0,final_answer,clean_final,407
test-1713,A,2,6.0,final_answer,clean_final,177
test-1714,A,0,10.0,final_answer,clean_final,734
test-1714,A,1,89.0,final_answer,clean_final,692
test-1714,A,2,2019.0,boxed,mid_cut,376
test-1715,A,0,7.0,final_answer,clean_final,153
test-1715,A,1,7.0,final_answer,clean_final,194
test-1715,A,2,7.0,final_answer,clean_final,155
test-1716,A,0,300.0,final_answer,clean_final,185
test-1716,A,1,300.0,final_answer,clean_final,266
test-1716,A,2,300.0,final_answer,clean_final,285
test-1717,A,0,15.0,boxed,mid_cut,714
test-1717,A,1,2.0,last_number,clean_final,689
test-1717,A,2,12.0,boxed,mid_cut,791
test-1718,A,0,91.0,final_answer,clean_final,120
test-1718,A,1,91.0,final_answer,clean_final,246
test-1718,A,2,91.0,final_answer,clean_final,206
test-1719,A,0,180.0,final_answer,clean_final,251
test-1719,A,1,180.0,final_answer,clean_final,204
test-1719,A,2,180.0,final_answer,clean_final,318
test-1720,A,0,37.0,final_answer,clean_final,1125
test-1720,A,1,61.0,final_answer,clean_final,1111
test-1720,A,2,63.0,final_answer,clean_final,1343
test-1721,A,0,2.0,final_answer,clean_final,258
test-1721,A,1,2.0,final_answer,clean_final,217
test-1721,A,2,2.0,final_answer,clean_final,383
test-1722,A,0,0.0,final_answer,clean_final,679
test-1722,A,1,24.0,final_answer,clean_final,679
test-1722,A,2,25.0,final_answer,clean_final,507
test-1723,A,0,42.0,final_answer,clean_final,255
test-1723,A,1,42.0,final_answer,clean_final,197
test-1723,A,2,42.0,final_answer,clean_final,220
test-1724,A,0,294.0,final_answer,clean_final,307
test-1724,A,1,294.0,final_answer,clean_final,491
test-1724,A,2,294.0,final_answer,clean_final,381
test-1725,A,0,42.0,final_answer,clean_final,229
test-1725,A,1,42.0,final_answer,clean_final,213
test-1725,A,2,42.0,final_answer,clean_final,268
test-1726,A,0,84.0,final_answer,clean_final,203
test-1726,A,1,84.0,final_answer,clean_final,192
test-1726,A,2,84.0,final_answer,clean_final,102
test-1727,A,0,12.0,final_answer,clean_final,323
test-1727,A,1,12.0,final_answer,clean_final,203
test-1727,A,2,12.0,final_answer,clean_final,291
test-1728,A,0,0.0,final_answer,clean_final,355
test-1728,A,1,-672773.0,final_answer,clean_final,681
test-1728,A,2,173.0,final_answer,clean_final,648
test-1729,A,0,16.0,final_answer,clean_final,788
test-1729,A,1,1.0,final_answer,clean_final,966
test-1729,A,2,1.0,final_answer,clean_final,904
test-1730,A,0,5.0,final_answer,clean_final,123
test-1730,A,1,5.0,final_answer,clean_final,113
test-1730,A,2,5.0,final_answer,clean_final,144
test-1731,A,0,32.0,final_answer,clean_final,241
test-1731,A,1,32.0,final_answer,clean_final,288
test-1731,A,2,32.0,final_answer,clean_final,182
test-1732,A,0,9.0,final_answer,clean_final,566
test-1732,A,1,9.0,final_answer,clean_final,386
test-1732,A,2,9.0,final_answer,clean_final,710
test-1733,A,0,50.0,final_answer,clean_final,132
test-1733,A,1,50.0,final_answer,clean_final,137
test-1733,A,2,50.0,final_answer,clean_final,159
test-1734,A,0,6400.0,final_answer,clean_final,232
test-1734,A,1,6400.0,final_answer,clean_final,251
test-1734,A,2,6400.0,final_answer,clean_final,249
test-1735,A,0,74.0,final_answer,clean_final,135
test-1735,A,1,74.0,final_answer,clean_final,164
test-1735,A,2,74.0,final_answer,clean_final,106
test-1736,A,0,16.0,final_answer,clean_final,336
test-1736,A,1,16.0,final_answer,clean_final,324
test-1736,A,2,16.0,final_answer,clean_final,108
test-1737,A,0,42.0,final_answer,clean_final,275
test-1737,A,1,42.0,final_answer,clean_final,296
test-1737,A,2,42.0,final_answer,clean_final,247
test-1738,A,0,500.0,final_answer,clean_final,203
test-1738,A,1,1100.0,final_answer,clean_final,253
test-1738,A,2,500.0,final_answer,clean_final,118
test-1739,A,0,40.0,final_answer,clean_final,331
test-1739,A,1,40.0,final_answer,clean_final,198
test-1739,A,2,40.0,final_answer,clean_final,222
test-1740,A,0,40.0,last_number,mid_cut,41
test-1740,A,1,,fail,sentence_end,31
test-1740,A,2,,fail,sentence_end,41
test-1741,A,0,29.0,final_answer,clean_final,162
test-1741,A,1,29.0,final_answer,clean_final,125
test-1741,A,2,29.0,final_answer,clean_final,158
test-1742,A,0,9.0,boxed,mid_cut,871
test-1742,A,1,4.0,boxed,sentence_end,963
test-1742,A,2,5.0,final_answer,clean_final,903
test-1743,A,0,24500.0,final_answer,clean_final,355
test-1743,A,1,24500.0,final_answer,clean_final,247
test-1743,A,2,24500.0,final_answer,clean_final,410
test-1744,A,0,14.0,final_answer,clean_final,762
test-1744,A,1,43.0,final_answer,clean_final,553
test-1744,A,2,69.0,final_answer,clean_final,475
test-1745,A,0,285.0,final_answer,clean_final,429
test-1745,A,1,285.0,final_answer,clean_final,466
test-1745,A,2,285.0,final_answer,clean_final,467
test-1746,A,0,7.0,boxed,mid_cut,565
test-1746,A,1,2.0,final_answer,clean_final,1066
test-1746,A,2,8.0,final_answer,clean_final,575
test-1747,A,0,6.0,final_answer,clean_final,407
test-1747,A,1,6.0,final_answer,clean_final,381
test-1747,A,2,6.0,final_answer,clean_final,411
test-1748,A,0,2.0,final_answer,clean_final,375
test-1748,A,1,2.0,final_answer,clean_final,344
test-1748,A,2,4.0,final_answer,clean_final,330
test-1749,A,0,32.0,final_answer,clean_final,490
test-1749,A,1,32.0,final_answer,clean_final,613
test-1749,A,2,32.0,final_answer,clean_final,534
test-1750,A,0,5844,final_answer,clean_final,264
test-1750,A,1,5844,final_answer,clean_final,310
test-1750,A,2,5844,final_answer,clean_final,319
test-1751,A,0,19200,final_answer,clean_final,223
test-1751,A,1,19200,final_answer,clean_final,279
test-1751,A,2,19200,final_answer,clean_final,303
test-1752,A,0,150,final_answer,clean_final,254
test-1752,A,1,150,final_answer,clean_final,257
test-1752,A,2,150,final_answer,clean_final,313
test-1753,A,0,202,last_number,ends_digit,1536
test-1753,A,1,20,last_number,clean_final,1094
test-1753,A,2,1,final_answer,clean_final,1029
test-1754,A,0,4,boxed,sentence_end,659
test-1754,A,1,8,final_answer,clean_final,743
test-1754,A,2,8,final_answer,clean_final,579
test-1755,A,0,42,final_answer,clean_final,409
test-1755,A,1,42,final_answer,clean_final,396
test-1755,A,2,14,boxed,mid_cut,293
test-1756,A,0,536,final_answer,clean_final,639
test-1756,A,1,72,final_answer,clean_final,596
test-1756,A,2,6,final_answer,clean_final,266
test-1757,A,0,2845,final_answer,clean_final,1283
test-1757,A,1,2012,final_answer,clean_final,828
test-1757,A,2,2013,final_answer,clean_final,808
test-1758,A,0,32,final_answer,clean_final,206
test-1758,A,1,32,answer_is,mid_cut,273
test-1758,A,2,32,final_answer,clean_final,247
test-1759,A,0,260,final_answer,clean_final,1126
test-1759,A,1,88,final_answer,clean_final,1235
test-1759,A,2,224,boxed,sentence_end,1372
test-1760,A,0,65,final_answer,clean_final,154
test-1760,A,1,65,final_answer,clean_final,235
test-1760,A,2,65,final_answer,clean_final,194
test-1761,A,0,23,final_answer,clean_final,313
test-1761,A,1,23,final_answer,clean_final,276
test-1761,A,2,23,final_answer,clean_final,264
test-1762,A,0,4,final_answer,clean_final,676
test-1762,A,1,3,final_answer,clean_final,744
test-1762,A,2,7,final_answer,clean_final,462
test-1763,A,0,0,final_answer,clean_final,1466
test-1763,A,1,0,final_answer,clean_final,1220
test-1763,A,2,2,last_number,mid_cut,1536
test-1764,A,0,5,final_answer,clean_final,490
test-1764,A,1,5,final_answer,clean_final,302
test-1764,A,2,5,final_answer,clean_final,295
test-1765,A,0,48,final_answer,clean_final,608
test-1765,A,1,48,final_answer,clean_final,788
test-1765,A,2,630,final_answer,clean_final,599
test-1766,A,0,11,final_answer,clean_final,186
test-1766,A,1,17,final_answer,clean_final,527
test-1766,A,2,11,final_answer,clean_final,223
test-1767,A,0,42,final_answer,clean_final,150
test-1767,A,1,42,final_answer,clean_final,116
test-1767,A,2,42,final_answer,clean_final,85
test-1768,A,0,15,final_answer,clean_final,326
test-1768,A,1,15,final_answer,clean_final,287
test-1768,A,2,15,final_answer,clean_final,243
test-1769,A,0,10,final_answer,clean_final,309
test-1769,A,1,10,final_answer,clean_final,347
test-1769,A,2,10,final_answer,clean_final,241
test-1770,A,0,29,final_answer,clean_final,189
test-1770,A,1,29,final_answer,clean_final,148
test-1770,A,2,29,final_answer,clean_final,145
test-1771,A,0,46,answer_is,sentence_end,301
test-1771,A,1,42,final_answer,clean_final,285
test-1771,A,2,42,final_answer,clean_final,281
test-1772,A,0,1,final_answer,clean_final,662
test-1772,A,1,12,final_answer,clean_final,1138
test-1772,A,2,24,final_answer,clean_final,539
test-1773,A,0,6,final_answer,clean_final,138
test-1773,A,1,6,final_answer,clean_final,176
test-1773,A,2,6,final_answer,clean_final,166
test-1774,A,0,800,final_answer,clean_final,197
test-1774,A,1,800,final_answer,clean_final,175
test-1774,A,2,800,final_answer,clean_final,211
test-1775,A,0,26,final_answer,clean_final,289
test-1775,A,1,26,final_answer,clean_final,365
test-1775,A,2,26,final_answer,clean_final,310
test-1776,A,0,6,last_number,mid_cut,1536
test-1776,A,1,1,last_number,ends_digit,1536
test-1776,A,2,292,last_number,mid_cut,1536
test-1777,A,0,4,final_answer,clean_final,935
test-1777,A,1,6,boxed,mid_cut,1013
test-1777,A,2,6,final_answer,clean_final,907
test-1778,A,0,79,final_answer,clean_final,106
test-1778,A,1,79,last_number,mid_cut,241
test-1778,A,2,79,final_answer,clean_final,178
test-1779,A,0,20,final_answer,clean_final,325
test-1779,A,1,20,final_answer,clean_final,306
test-1779,A,2,20,final_answer,clean_final,293
test-1780,A,0,2,final_answer,clean_final,264
test-1780,A,1,2,final_answer,clean_final,416
test-1780,A,2,2,final_answer,clean_final,331
test-1781,A,0,6498,final_answer,clean_final,1056
test-1781,A,1,17717,final_answer,clean_final,1054
test-1781,A,2,10592,final_answer,clean_final,1446
test-1782,A,0,45,boxed,mid_cut,833
test-1782,A,1,143,boxed,sentence_end,760
test-1782,A,2,14,final_answer,clean_final,590
test-1783,A,0,225,final_answer,clean_final,369
test-1783,A,1,222,final_answer,clean_final,291
test-1783,A,2,222,final_answer,clean_final,501
test-1784,A,0,30,final_answer,clean_final,232
test-1784,A,1,30,final_answer,clean_final,285
test-1784,A,2,30,final_answer,clean_final,297
test-1785,A,0,185,final_answer,clean_final,355
test-1785,A,1,185,final_answer,clean_final,310
test-1785,A,2,185,final_answer,clean_final,338
test-1786,A,0,780,final_answer,clean_final,291
test-1786,A,1,780,final_answer,clean_final,256
test-1786,A,2,780,final_answer,clean_final,228
test-1787,A,0,10,final_answer,clean_final,175
test-1787,A,1,10,final_answer,clean_final,171
test-1787,A,2,10,final_answer,clean_final,178
test-1788,A,0,30,final_answer,clean_final,153
test-1788,A,1,30,final_answer,clean_final,241
test-1788,A,2,30,final_answer,clean_final,177
test-1789,A,0,1259,final_answer,clean_final,1086
test-1789,A,1,1259,final_answer,clean_final,1086
test-1789,A,2,1261,boxed,mid_cut,759
test-1790,A,0,0,boxed,mid_cut,737
test-1790,A,1,0,boxed,mid_cut,729
test-1790,A,2,800,final_answer,clean_final,1058
test-1791,A,0,80,final_answer,clean_final,187
test-1791,A,1,50,final_answer,clean_final,247
test-1791,A,2,30,final_answer,clean_final,369
test-1792,A,0,18,final_answer,clean_final,585
test-1792,A,1,12,final_answer,clean_final,502
test-1792,A,2,23,final_answer,clean_final,492
test-1793,A,0,1,final_answer,clean_final,266
test-1793,A,1,20,last_number,clean_final,311
test-1793,A,2,1,final_answer,clean_final,220
test-1794,A,0,0,final_answer,clean_final,566
test-1794,A,1,1,final_answer,clean_final,704
test-1794,A,2,1,final_answer,clean_final,930
test-1795,A,0,1,boxed,mid_cut,940
test-1795,A,1,4,boxed,mid_cut,616
test-1795,A,2,2556,boxed,mid_cut,829
test-1796,A,0,20,answer_is,mid_cut,247
test-1796,A,1,20,final_answer,clean_final,237
test-1796,A,2,20,final_answer,clean_final,248
test-1797,A,0,65,final_answer,clean_final,1061
test-1797,A,1,65,final_answer,clean_final,717
test-1797,A,2,65,final_answer,clean_final,1311
test-1798,A,0,3,final_answer,clean_final,1080
test-1798,A,1,19,final_answer,clean_final,909
test-1798,A,2,3,boxed,mid_cut,1137
test-1799,A,0,13000,final_answer,clean_final,230
test-1799,A,1,13000,final_answer,clean_final,284
test-1799,A,2,13000,final_answer,clean_final,231
test-1800,A,0,110,final_answer,clean_final,632
test-1800,A,1,110,final_answer,clean_final,416
test-1800,A,2,110,final_answer,clean_final,367
test-1801,A,0,53,final_answer,clean_final,262
test-1801,A,1,53,final_answer,clean_final,269
test-1801,A,2,53,final_answer,clean_final,311
test-1802,A,0,74,final_answer,clean_final,1438
test-1802,A,1,22,boxed,mid_cut,1349
test-1802,A,2,22,answer_is,mid_cut,1097
test-1803,A,0,50,final_answer,clean_final,483
test-1803,A,1,50,final_answer,clean_final,311
test-1803,A,2,52,final_answer,clean_final,347
test-1804,A,0,283,final_answer,clean_final,210
test-1804,A,1,283,final_answer,clean_final,203
test-1804,A,2,283,final_answer,clean_final,301
test-1805,A,0,65,final_answer,clean_final,354
test-1805,A,1,65,final_answer,clean_final,258
test-1805,A,2,65,final_answer,clean_final,441
test-1806,A,0,1013,final_answer,clean_final,809
test-1806,A,1,282,final_answer,clean_final,693
test-1806,A,2,66,final_answer,clean_final,608
test-1807,A,0,43,final_answer,clean_final,435
test-1807,A,1,43,final_answer,clean_final,488
test-1807,A,2,43,final_answer,clean_final,596
test-1808,A,0,40,final_answer,clean_final,172
test-1808,A,1,40,final_answer,clean_final,210
test-1808,A,2,40,final_answer,clean_final,150
test-1809,A,0,12,boxed,mid_cut,1375
test-1809,A,1,5,boxed,mid_cut,1422
test-1809,A,2,3,boxed,mid_cut,1496
test-1810,A,0,-4,final_answer,clean_final,1164
test-1810,A,1,3,final_answer,clean_final,1272
test-1810,A,2,3,answer_is,mid_cut,1044
test-1811,A,0,0,final_answer,clean_final,1124
test-1811,A,1,0,final_answer,clean_final,749
test-1811,A,2,0,final_answer,clean_final,989
test-1812,A,0,190,final_answer,clean_final,179
test-1812,A,1,190,last_number,mid_cut,242
test-1812,A,2,190,final_answer,clean_final,256
test-1813,A,0,4,final_answer,clean_final,590
test-1813,A,1,4,final_answer,clean_final,580
test-1813,A,2,4,final_answer,clean_final,409
test-1814,A,0,54,final_answer,clean_final,251
test-1814,A,1,54,final_answer,clean_final,248
test-1814,A,2,54,final_answer,clean_final,188
test-1815,A,0,150,final_answer,clean_final,575
test-1815,A,1,150,final_answer,clean_final,518
test-1815,A,2,150,final_answer,clean_final,612
test-1816,A,0,13,final_answer,clean_final,429
test-1816,A,1,13,final_answer,clean_final,329
test-1816,A,2,42,final_answer,clean_final,520
test-1817,A,0,14,final_answer,clean_final,133
test-1817,A,1,14,final_answer,clean_final,159
test-1817,A,2,14,final_answer,clean_final,175
test-1818,A,0,11,final_answer,clean_final,106
test-1818,A,1,11,final_answer,clean_final,106
test-1818,A,2,11,final_answer,clean_final,120
test-1819,A,0,1,final_answer,clean_final,227
test-1819,A,1,1,final_answer,clean_final,224
test-1819,A,2,1,final_answer,clean_final,233
test-1820,A,0,230,final_answer,clean_final,213
test-1820,A,1,230,final_answer,clean_final,222
test-1820,A,2,230,final_answer,clean_final,216
test-1821,A,0,42,final_answer,clean_final,105
test-1821,A,1,42,final_answer,clean_final,135
test-1821,A,2,42,final_answer,clean_final,177
test-1822,A,0,80,final_answer,clean_final,195
test-1822,A,1,80,final_answer,clean_final,285
test-1822,A,2,80,final_answer,clean_final,193
test-1823,A,0,45,final_answer,clean_final,275
test-1823,A,1,45,final_answer,clean_final,389
test-1823,A,2,44,final_answer,clean_final,300
test-1824,A,0,50,last_number,clean_final,620
test-1824,A,1,1200,final_answer,clean_final,354
test-1824,A,2,99,last_number,ends_digit,1536
test-1825,A,0,150,answer_is,mid_cut,908
test-1825,A,1,333,final_answer,clean_final,506
test-1825,A,2,333,boxed,sentence_end,926
test-1826,A,0,4,final_answer,clean_final,279
test-1826,A,1,4,final_answer,clean_final,316
test-1826,A,2,4,final_answer,clean_final,176
test-1827,A,0,90,final_answer,clean_final,450
test-1827,A,1,90,final_answer,clean_final,482
test-1827,A,2,68,final_answer,clean_final,644
test-1828,A,0,30,final_answer,clean_final,706
test-1828,A,1,294,final_answer,clean_final,577
test-1828,A,2,95,boxed,sentence_end,947
test-1829,A,0,8,final_answer,clean_final,216
test-1829,A,1,8,final_answer,clean_final,161
test-1829,A,2,8,final_answer,clean_final,173
test-1830,A,0,28,final_answer,clean_final,844
test-1830,A,1,21,final_answer,clean_final,664
test-1830,A,2,10,final_answer,clean_final,676
test-1831,A,0,253,final_answer,clean_final,414
test-1831,A,1,23,final_answer,clean_final,188
test-1831,A,2,23,final_answer,clean_final,317
test-1832,A,0,760,answer_is,mid_cut,562
test-1832,A,1,288,final_answer,clean_final,709
test-1832,A,2,240,answer_is,mid_cut,648
test-1833,A,0,21,boxed,mid_cut,528
test-1833,A,1,3,final_answer,clean_final,300
test-1833,A,2,22,boxed,mid_cut,661
test-1834,A,0,2,final_answer,clean_final,1228
test-1834,A,1,2,boxed,mid_cut,727
test-1834,A,2,2,final_answer,clean_final,913
test-1835,A,0,504,final_answer,clean_final,1078
test-1835,A,1,99,final_answer,clean_final,660
test-1835,A,2,3375,final_answer,clean_final,607
test-1836,A,0,45,final_answer,clean_final,154
test-1836,A,1,45,final_answer,clean_final,126
test-1836,A,2,45,final_answer,clean_final,162
test-1837,A,0,120,final_answer,clean_final,217
test-1837,A,1,120,final_answer,clean_final,138
test-1837,A,2,120,final_answer,clean_final,207
test-1838,A,0,6,boxed,mid_cut,1416
test-1838,A,1,17,final_answer,clean_final,865
test-1838,A,2,20,final_answer,clean_final,975
test-1839,A,0,150,final_answer,clean_final,783
test-1839,A,1,44850,final_answer,clean_final,1012
test-1839,A,2,45000,final_answer,clean_final,870
test-1840,A,0,48,final_answer,clean_final,203
test-1840,A,1,48,final_answer,clean_final,228
test-1840,A,2,48,final_answer,clean_final,241
test-1841,A,0,42,final_answer,clean_final,161
test-1841,A,1,42,final_answer,clean_final,175
test-1841,A,2,42,final_answer,clean_final,93
test-1842,A,0,0,final_answer,clean_final,449
test-1842,A,1,3520,final_answer,clean_final,299
test-1842,A,2,2520,final_answer,clean_final,365
test-1843,A,0,0,boxed,mid_cut,777
test-1843,A,1,0,boxed,mid_cut,751
test-1843,A,2,2030171,boxed,mid_cut,651
test-1844,A,0,2312,final_answer,clean_final,924
test-1844,A,1,2080,final_answer,clean_final,306
test-1844,A,2,2080,final_answer,clean_final,472
test-1845,A,0,90,final_answer,clean_final,236
test-1845,A,1,90,final_answer,clean_final,327
test-1845,A,2,90,final_answer,clean_final,289
test-1846,A,0,100,final_answer,clean_final,894
test-1846,A,1,998,final_answer,clean_final,752
test-1846,A,2,196,final_answer,clean_final,801
test-1847,A,0,-14,answer_is,mid_cut,818
test-1847,A,1,-14,final_answer,clean_final,331
test-1847,A,2,-14,final_answer,clean_final,404
test-1848,A,0,130,final_answer,clean_final,296
test-1848,A,1,130,final_answer,clean_final,259
test-1848,A,2,130,final_answer,clean_final,327
test-1849,A,0,17,final_answer,clean_final,888
test-1849,A,1,9,final_answer,clean_final,736
test-1849,A,2,6,answer_is,mid_cut,807
test-1850,A,0,2542048960,final_answer,clean_final,1180
test-1850,A,1,66823,final_answer,clean_final,1050
test-1850,A,2,-11,last_number,ends_digit,1536
test-1851,A,0,2,final_answer,clean_final,259
test-1851,A,1,2,final_answer,clean_final,220
test-1851,A,2,2,final_answer,clean_final,244
test-1852,A,0,193,final_answer,clean_final,466
test-1852,A,1,129,final_answer,clean_final,554
test-1852,A,2,239,final_answer,clean_final,855
test-1853,A,0,11,final_answer,clean_final,165
test-1853,A,1,11,final_answer,clean_final,214
test-1853,A,2,11,final_answer,clean_final,163
test-1854,A,0,20,final_answer,clean_final,740
test-1854,A,1,88,final_answer,clean_final,996
test-1854,A,2,92,final_answer,clean_final,1136
test-1855,A,0,1000,final_answer,clean_final,728
test-1855,A,1,1000,final_answer,clean_final,611
test-1855,A,2,3000,final_answer,clean_final,897
test-1856,A,0,8,final_answer,clean_final,220
test-1856,A,1,8,final_answer,clean_final,240
test-1856,A,2,8,final_answer,clean_final,163
test-1857,A,0,114,final_answer,clean_final,233
test-1857,A,1,114,final_answer,clean_final,132
test-1857,A,2,114,final_answer,clean_final,218
test-1858,A,0,332,final_answer,clean_final,337
test-1858,A,1,332,final_answer,clean_final,284
test-1858,A,2,332,final_answer,clean_final,381
test-1859,A,0,68,final_answer,clean_final,501
test-1859,A,1,27,final_answer,clean_final,380
test-1859,A,2,113,final_answer,clean_final,698
test-1860,A,0,14411,last_number,ends_digit,1536
test-1860,A,1,16,last_number,ends_digit,1536
test-1860,A,2,21,final_answer,clean_final,1256
test-1861,A,0,7,final_answer,clean_final,259
test-1861,A,1,8,final_answer,clean_final,277
test-1861,A,2,7,final_answer,clean_final,245
test-1862,A,0,6,final_answer,clean_final,244
test-1862,A,1,6,final_answer,clean_final,261
test-1862,A,2,6,final_answer,clean_final,239
test-1863,A,0,1009,final_answer,clean_final,1350
test-1863,A,1,1010,final_answer,clean_final,1384
test-1863,A,2,1010,final_answer,clean_final,1064
test-1864,A,0,31,final_answer,clean_final,224
test-1864,A,1,31,final_answer,clean_final,158
test-1864,A,2,31,final_answer,clean_final,185
test-1865,A,0,13,final_answer,clean_final,144
test-1865,A,1,13,final_answer,clean_final,116
test-1865,A,2,13,final_answer,clean_final,89
test-1866,A,0,9,final_answer,clean_final,269
test-1866,A,1,9,final_answer,clean_final,213
test-1866,A,2,9,final_answer,clean_final,146
test-1867,A,0,169,final_answer,clean_final,1047
test-1867,A,1,169,final_answer,clean_final,631
test-1867,A,2,169,final_answer,clean_final,590
test-1868,A,0,12,last_number,mid_cut,1536
test-1868,A,1,5,final_answer,clean_final,638
test-1868,A,2,19,last_number,mid_cut,1536
test-1869,A,0,12,final_answer,clean_final,232
test-1869,A,1,12,final_answer,clean_final,317
test-1869,A,2,12,final_answer,clean_final,169
test-1870,A,0,165,final_answer,clean_final,473
test-1870,A,1,165,final_answer,clean_final,716
test-1870,A,2,165,final_answer,clean_final,848
test-1871,A,0,180,answer_is,mid_cut,1371
test-1871,A,1,80,final_answer,clean_final,1121
test-1871,A,2,80,final_answer,clean_final,811
test-1872,A,0,2,last_number,ends_digit,1536
test-1872,A,1,10,last_number,ends_digit,1536
test-1872,A,2,79,final_answer,clean_final,1471
test-1873,A,0,36,final_answer,clean_final,1433
test-1873,A,1,45,final_answer,clean_final,584
test-1873,A,2,27,final_answer,clean_final,575
test-1874,A,0,5,final_answer,clean_final,245
test-1874,A,1,4,answer_is,mid_cut,420
test-1874,A,2,5,final_answer,clean_final,316
test-1875,A,0,3,final_answer,clean_final,162
test-1875,A,1,3,final_answer,clean_final,182
test-1875,A,2,3,final_answer,clean_final,139
test-1876,A,0,13,final_answer,clean_final,767
test-1876,A,1,1,boxed,sentence_end,1337
test-1876,A,2,4,final_answer,clean_final,575
test-1877,A,0,7,final_answer,clean_final,93
test-1877,A,1,7,final_answer,clean_final,79
test-1877,A,2,7,final_answer,clean_final,65
test-1878,A,0,460,final_answer,clean_final,202
test-1878,A,1,460,final_answer,clean_final,136
test-1878,A,2,460,final_answer,clean_final,148
test-1879,A,0,40,final_answer,clean_final,141
test-1879,A,1,40,final_answer,clean_final,207
test-1879,A,2,40,final_answer,clean_final,210
test-1880,A,0,200,final_answer,clean_final,199
test-1880,A,1,200,final_answer,clean_final,295
test-1880,A,2,200,final_answer,clean_final,249
test-1881,A,0,8,final_answer,clean_final,307
test-1881,A,1,8,final_answer,clean_final,298
test-1881,A,2,8,final_answer,clean_final,310
test-1882,A,0,3,final_answer,clean_final,368
test-1882,A,1,2,final_answer,clean_final,684
test-1882,A,2,2,boxed,mid_cut,1162
test-1883,A,0,135,final_answer,clean_final,243
test-1883,A,1,135,final_answer,clean_final,240
test-1883,A,2,135,final_answer,clean_final,216
test-1884,A,0,160,final_answer,clean_final,191
test-1884,A,1,160,final_answer,clean_final,264
test-1884,A,2,160,final_answer,clean_final,226
test-1885,A,0,2500,final_answer,clean_final,470
test-1885,A,1,2224,final_answer,clean_final,463
test-1885,A,2,5000,final_answer,clean_final,466
test-1886,A,0,512,final_answer,clean_final,838
test-1886,A,1,512,final_answer,clean_final,703
test-1886,A,2,128,final_answer,clean_final,781
test-1887,A,0,89,last_number,mid_cut,1536
test-1887,A,1,9,final_answer,clean_final,599
test-1887,A,2,19,final_answer,clean_final,603
test-1888,A,0,95,final_answer,clean_final,299
test-1888,A,1,95,final_answer,clean_final,388
test-1888,A,2,95,final_answer,clean_final,336
test-1889,A,0,141,final_answer,clean_final,562
test-1889,A,1,141,final_answer,clean_final,484
test-1889,A,2,141,final_answer,clean_final,649
test-1890,A,0,7425,final_answer,clean_final,297
test-1890,A,1,8325,final_answer,clean_final,527
test-1890,A,2,7425,final_answer,clean_final,223
test-1891,A,0,2500,final_answer,clean_final,482
test-1891,A,1,100,final_answer,clean_final,555
test-1891,A,2,5000,final_answer,clean_final,416
test-1892,A,0,45,boxed,mid_cut,1018
test-1892,A,1,45,final_answer,clean_final,862
test-1892,A,2,45,final_answer,clean_final,718
test-1893,A,0,18,final_answer,clean_final,178
test-1893,A,1,10,boxed,sentence_end,569
test-1893,A,2,18,final_answer,clean_final,191
test-1894,A,0,4,final_answer,clean_final,742
test-1894,A,1,260,final_answer,clean_final,1096
test-1894,A,2,140,final_answer,clean_final,1055
test-1895,A,0,2,boxed,mid_cut,664
test-1895,A,1,8,final_answer,clean_final,525
test-1895,A,2,19,final_answer,clean_final,653
test-1896,A,0,3400,final_answer,clean_final,184
test-1896,A,1,3400,final_answer,clean_final,172
test-1896,A,2,3400,final_answer,clean_final,166
test-1897,A,0,2014,final_answer,clean_final,854
test-1897,A,1,2014,boxed,mid_cut,1022
test-1897,A,2,2014,final_answer,clean_final,1307
test-1898,A,0,7,final_answer,clean_final,1193
test-1898,A,1,0,final_answer,clean_final,829
test-1898,A,2,1,last_number,ends_digit,1536
test-1899,A,0,100,final_answer,clean_final,391
test-1899,A,1,100,final_answer,clean_final,386
test-1899,A,2,100,final_answer,clean_final,388
test-1900,A,0,7,final_answer,clean_final,336
test-1900,A,1,7,final_answer,clean_final,337
test-1900,A,2,7,final_answer,clean_final,263
test-1901,A,0,27,final_answer,clean_final,205
test-1901,A,1,27,final_answer,clean_final,189
test-1901,A,2,27,final_answer,clean_final,169
test-1902,A,0,20,final_answer,clean_final,873
test-1902,A,1,5,final_answer,clean_final,651
test-1902,A,2,16,boxed,sentence_end,747
test-1903,A,0,36,final_answer,clean_final,1370
test-1903,A,1,36,final_answer,clean_final,1474
test-1903,A,2,5,last_number,mid_cut,1536
test-1904,A,0,18,final_answer,clean_final,405
test-1904,A,1,18,final_answer,clean_final,469
test-1904,A,2,18,final_answer,clean_final,750
test-1905,A,0,3,final_answer,clean_final,230
test-1905,A,1,3,final_answer,clean_final,267
test-1905,A,2,3,final_answer,clean_final,287
test-1906,A,0,228,boxed,mid_cut,828
test-1906,A,1,634,boxed,mid_cut,718
test-1906,A,2,665,final_answer,clean_final,757
test-1907,A,0,20152015,final_answer,clean_final,550
test-1907,A,1,20108915,final_answer,clean_final,169
test-1907,A,2,20122015,final_answer,clean_final,647
test-1908,A,0,115,final_answer,clean_final,287
test-1908,A,1,115,final_answer,clean_final,152
test-1908,A,2,115,final_answer,clean_final,291
test-1909,A,0,2625,final_answer,clean_final,894
test-1909,A,1,7875,final_answer,clean_final,1020
test-1909,A,2,525,final_answer,clean_final,1023
test-1910,A,0,6,final_answer,clean_final,826
test-1910,A,1,6,final_answer,clean_final,704
test-1910,A,2,6,final_answer,clean_final,752
test-1911,A,0,5,final_answer,clean_final,163
test-1911,A,1,5,final_answer,clean_final,145
test-1911,A,2,5,final_answer,clean_final,138
test-1912,A,0,67,final_answer,clean_final,115
test-1912,A,1,67,final_answer,clean_final,106
test-1912,A,2,67,final_answer,clean_final,113
test-1913,A,0,78,final_answer,clean_final,106
test-1913,A,1,78,final_answer,clean_final,104
test-1913,A,2,78,final_answer,clean_final,70
test-1914,A,0,45,final_answer,clean_final,293
test-1914,A,1,30,final_answer,clean_final,279
test-1914,A,2,30,final_answer,clean_final,189
test-1915,A,0,2,final_answer,clean_final,832
test-1915,A,1,12,final_answer,clean_final,814
test-1915,A,2,10,final_answer,clean_final,894
test-1916,A,0,4,final_answer,clean_final,280
test-1916,A,1,4,final_answer,clean_final,245
test-1916,A,2,4,final_answer,clean_final,291
test-1917,A,0,10,final_answer,clean_final,212
test-1917,A,1,10,final_answer,clean_final,184
test-1917,A,2,10,final_answer,clean_final,197
test-1918,A,0,200000,final_answer,clean_final,193
test-1918,A,1,200000,final_answer,clean_final,247
test-1918,A,2,200000,final_answer,clean_final,200
test-1919,A,0,36,final_answer,clean_final,233
test-1919,A,1,36,final_answer,clean_final,230
test-1919,A,2,36,final_answer,clean_final,152
test-1920,A,0,20,final_answer,clean_final,228
test-1920,A,1,20,final_answer,clean_final,222
test-1920,A,2,20,final_answer,clean_final,257
test-1921,A,0,65,final_answer,clean_final,283
test-1921,A,1,65,final_answer,clean_final,234
test-1921,A,2,65,final_answer,clean_final,243
test-1922,A,0,84,final_answer,clean_final,476
test-1922,A,1,84,final_answer,clean_final,320
test-1922,A,2,84,final_answer,clean_final,454
test-1923,A,0,2744,final_answer,clean_final,498
test-1923,A,1,2744,final_answer,clean_final,549
test-1923,A,2,2744,final_answer,clean_final,505
test-1924,A,0,10,answer_is,mid_cut,899
test-1924,A,1,105,final_answer,clean_final,783
test-1924,A,2,28,final_answer,clean_final,850
test-1925,A,0,10,final_answer,clean_final,185
test-1925,A,1,10,final_answer,clean_final,250
test-1925,A,2,10,final_answer,clean_final,249
test-1926,A,0,34,final_answer,clean_final,834
test-1926,A,1,34,final_answer,clean_final,854
test-1926,A,2,34,final_answer,clean_final,733
test-1927,A,0,3,boxed,mid_cut,899
test-1927,A,1,3,boxed,mid_cut,580
test-1927,A,2,2,final_answer,clean_final,789
test-1928,A,0,5040,boxed,mid_cut,796
test-1928,A,1,1260,boxed,mid_cut,712
test-1928,A,2,840,final_answer,clean_final,690
test-1929,A,0,100,final_answer,clean_final,261
test-1929,A,1,100,final_answer,clean_final,199
test-1929,A,2,100,final_answer,clean_final,191
test-1930,A,0,2,final_answer,clean_final,400
test-1930,A,1,2,final_answer,clean_final,449
test-1930,A,2,2,final_answer,clean_final,446
test-1931,A,0,220,final_answer,clean_final,371
test-1931,A,1,220,final_answer,clean_final,313
test-1931,A,2,220,final_answer,clean_final,312
test-1932,A,0,150,final_answer,clean_final,152
test-1932,A,1,150,final_answer,clean_final,255
test-1932,A,2,150,final_answer,clean_final,161
test-1933,A,0,1,final_answer,clean_final,739
test-1933,A,1,126,final_answer,clean_final,1446
test-1933,A,2,64,final_answer,clean_final,1284
test-1934,A,0,5,final_answer,clean_final,371
test-1934,A,1,13,boxed,mid_cut,709
test-1934,A,2,5,final_answer,clean_final,405
test-1935,A,0,196,final_answer,clean_final,1308
test-1935,A,1,84,final_answer,clean_final,645
test-1935,A,2,0,last_number,mid_cut,1536
test-1936,A,0,4,final_answer,clean_final,227
test-1936,A,1,4,final_answer,clean_final,184
test-1936,A,2,4,final_answer,clean_final,218
test-1937,A,0,5,final_answer,clean_final,208
test-1937,A,1,5,final_answer,clean_final,222
test-1937,A,2,5,final_answer,clean_final,208
test-1938,A,0,50,final_answer,clean_final,335
test-1938,A,1,30,final_answer,clean_final,249
test-1938,A,2,30,final_answer,clean_final,276
test-1939,A,0,6,final_answer,clean_final,569
test-1939,A,1,0,final_answer,clean_final,510
test-1939,A,2,6,final_answer,clean_final,351
test-1940,A,0,30,final_answer,clean_final,117
test-1940,A,1,30,final_answer,clean_final,139
test-1940,A,2,30,final_answer,clean_final,134
test-1941,A,0,2772,final_answer,clean_final,860
test-1941,A,1,924,boxed,mid_cut,498
test-1941,A,2,924,final_answer,clean_final,425
test-1942,A,0,250,final_answer,clean_final,152
test-1942,A,1,250,final_answer,clean_final,221
test-1942,A,2,250,final_answer,clean_final,208
test-1943,A,0,108,final_answer,clean_final,189
test-1943,A,1,108,final_answer,clean_final,242
test-1943,A,2,108,final_answer,clean_final,321
test-1944,A,0,100,boxed,mid_cut,739
test-1944,A,1,25,answer_is,mid_cut,353
test-1944,A,2,100,final_answer,clean_final,643
test-1945,A,0,88,final_answer,clean_final,1472
test-1945,A,1,86,final_answer,clean_final,966
test-1945,A,2,102,final_answer,clean_final,1481
test-1946,A,0,991,final_answer,clean_final,873
test-1946,A,1,985,final_answer,clean_final,1009
test-1946,A,2,9701,final_answer,clean_final,1495
test-1947,A,0,240,final_answer,clean_final,881
test-1947,A,1,1200,final_answer,clean_final,908
test-1947,A,2,500,final_answer,clean_final,711
test-1948,A,0,12,final_answer,clean_final,1143
test-1948,A,1,18,final_answer,clean_final,1037
test-1948,A,2,8,final_answer,clean_final,634
test-1949,A,0,108,final_answer,clean_final,253
test-1949,A,1,108,final_answer,clean_final,236
test-1949,A,2,108,final_answer,clean_final,295
test-1950,A,0,25,final_answer,clean_final,221
test-1950,A,1,25,final_answer,clean_final,292
test-1950,A,2,25,final_answer,clean_final,255
test-1951,A,0,9,final_answer,clean_final,875
test-1951,A,1,6,final_answer,clean_final,692
test-1951,A,2,6,final_answer,clean_final,599
test-1952,A,0,4,final_answer,clean_final,122
test-1952,A,1,4,final_answer,clean_final,124
test-1952,A,2,4,final_answer,clean_final,175
test-1953,A,0,125,final_answer,clean_final,441
test-1953,A,1,151,final_answer,clean_final,457
test-1953,A,2,161,final_answer,clean_final,412
test-1954,A,0,7,final_answer,clean_final,244
test-1954,A,1,7,final_answer,clean_final,206
test-1954,A,2,7,final_answer,clean_final,190
test-1955,A,0,2,final_answer,clean_final,413
test-1955,A,1,2,final_answer,clean_final,343
test-1955,A,2,2,final_answer,clean_final,278
test-1956,A,0,4,final_answer,clean_final,174
test-1956,A,1,4,final_answer,clean_final,218
test-1956,A,2,4,final_answer,clean_final,278
test-1957,A,0,345,final_answer,clean_final,206
test-1957,A,1,345,final_answer,clean_final,231
test-1957,A,2,345,final_answer,clean_final,231
test-1958,A,0,300,final_answer,clean_final,265
test-1958,A,1,300,final_answer,clean_final,327
test-1958,A,2,300,final_answer,clean_final,237
test-1959,A,0,67,final_answer,clean_final,987
test-1959,A,1,19,final_answer,clean_final,604
test-1959,A,2,0,answer_is,mid_cut,721
test-1960,A,0,100,final_answer,clean_final,271
test-1960,A,1,100,final_answer,clean_final,326
test-1960,A,2,100,final_answer,clean_final,269
test-1961,A,0,16,final_answer,clean_final,239
test-1961,A,1,16,final_answer,clean_final,259
test-1961,A,2,16,final_answer,clean_final,162
test-1962,A,0,12,final_answer,clean_final,244
test-1962,A,1,12,final_answer,clean_final,268
test-1962,A,2,12,final_answer,clean_final,204
test-1963,A,0,5,final_answer,clean_final,188
test-1963,A,1,5,final_answer,clean_final,159
test-1963,A,2,5,final_answer,clean_final,181
test-1964,A,0,176,final_answer,clean_final,1099
test-1964,A,1,23,final_answer,clean_final,862
test-1964,A,2,87,boxed,mid_cut,903
test-1965,A,0,5,final_answer,clean_final,424
test-1965,A,1,40,answer_is,mid_cut,426
test-1965,A,2,5,final_answer,clean_final,355
test-1966,A,0,7,final_answer,clean_final,115
test-1966,A,1,7,final_answer,clean_final,129
test-1966,A,2,7,final_answer,clean_final,109
test-1967,A,0,4,final_answer,clean_final,1076
test-1967,A,1,27,final_answer,clean_final,1303
test-1967,A,2,1,final_answer,clean_final,847
test-1968,A,0,41,final_answer,clean_final,794
test-1968,A,1,41,final_answer,clean_final,556
test-1968,A,2,68,final_answer,clean_final,645
test-1969,A,0,110,final_answer,clean_final,308
test-1969,A,1,110,boxed,mid_cut,553
test-1969,A,2,113,final_answer,clean_final,587
test-1970,A,0,60,final_answer,clean_final,118
test-1970,A,1,60,final_answer,clean_final,163
test-1970,A,2,60,final_answer,clean_final,169
test-1971,A,0,3,final_answer,clean_final,936
test-1971,A,1,3,final_answer,clean_final,627
test-1971,A,2,11,final_answer,clean_final,921
test-1972,A,0,0,final_answer,clean_final,807
test-1972,A,1,-1,final_answer,clean_final,588
test-1972,A,2,0,final_answer,clean_final,870
test-1973,A,0,299,boxed,mid_cut,1065
test-1973,A,1,210,final_answer,clean_final,799
test-1973,A,2,182,final_answer,clean_final,787
test-1974,A,0,6,final_answer,clean_final,601
test-1974,A,1,5,final_answer,clean_final,511
test-1974,A,2,7,final_answer,clean_final,516
test-1975,A,0,3044969999,final_answer,clean_final,906
test-1975,A,1,728,final_answer,clean_final,565
test-1975,A,2,531440,final_answer,clean_final,798
test-1976,A,0,1000,final_answer,clean_final,552
test-1976,A,1,1000,final_answer,clean_final,629
test-1976,A,2,999,final_answer,clean_final,789
test-1977,A,0,1017,final_answer,clean_final,738
test-1977,A,1,44,final_answer,clean_final,758
test-1977,A,2,1010,boxed,mid_cut,781
test-1978,A,0,22,final_answer,clean_final,611
test-1978,A,1,15,final_answer,clean_final,536
test-1978,A,2,15,final_answer,clean_final,551
test-1979,A,0,-1,boxed,mid_cut,1001
test-1979,A,1,-1,boxed,mid_cut,921
test-1979,A,2,0,boxed,mid_cut,841
test-1980,A,0,1,final_answer,clean_final,423
test-1980,A,1,2,final_answer,clean_final,500
test-1980,A,2,1,final_answer,clean_final,533
test-1981,A,0,22,final_answer,clean_final,381
test-1981,A,1,72,final_answer,clean_final,496
test-1981,A,2,34,final_answer,clean_final,435
test-1982,A,0,0,final_answer,clean_final,624
test-1982,A,1,1990,answer_is,mid_cut,651
test-1982,A,2,1893,final_answer,clean_final,945
test-1983,A,0,116,final_answer,clean_final,180
test-1983,A,1,116,final_answer,clean_final,294
test-1983,A,2,116,final_answer,clean_final,265
test-1984,A,0,6,final_answer,clean_final,701
test-1984,A,1,6,final_answer,clean_final,718
test-1984,A,2,5,final_answer,clean_final,530
test-1985,A,0,733,answer_is,mid_cut,654
test-1985,A,1,5,final_answer,clean_final,898
test-1985,A,2,2,answer_is,mid_cut,425
test-1986,A,0,34560,final_answer,clean_final,568
test-1986,A,1,32,final_answer,clean_final,245
test-1986,A,2,252,final_answer,clean_final,453
test-1987,A,0,1,final_answer,clean_final,538
test-1987,A,1,6,final_answer,clean_final,441
test-1987,A,2,11,final_answer,clean_final,837
test-1988,A,0,3,final_answer,clean_final,869
test-1988,A,1,4,final_answer,clean_final,839
test-1988,A,2,3,final_answer,clean_final,838
test-1989,A,0,146,final_answer,clean_final,1096
test-1989,A,1,146,final_answer,clean_final,1235
test-1989,A,2,146,final_answer,clean_final,1068
test-1990,A,0,9,final_answer,clean_final,399
test-1990,A,1,1814400,boxed,mid_cut,398
test-1990,A,2,10,final_answer,clean_final,514
test-1991,A,0,3,final_answer,clean_final,585
test-1991,A,1,3,final_answer,clean_final,474
test-1991,A,2,3,final_answer,clean_final,631
test-1992,A,0,6,final_answer,clean_final,147
test-1992,A,1,6,final_answer,clean_final,172
test-1992,A,2,6,final_answer,clean_final,128
test-1993,A,0,216,final_answer,clean_final,872
test-1993,A,1,216,final_answer,clean_final,487
test-1993,A,2,216,final_answer,clean_final,620
test-1994,A,0,2083,final_answer,clean_final,1064
test-1994,A,1,375,final_answer,clean_final,963
test-1994,A,2,458,boxed,sentence_end,1114
test-1995,A,0,68,final_answer,clean_final,230
test-1995,A,1,68,final_answer,clean_final,144
test-1995,A,2,68,final_answer,clean_final,162
test-1996,A,0,1,final_answer,clean_final,779
test-1996,A,1,4,boxed,mid_cut,1048
test-1996,A,2,1,final_answer,clean_final,735
test-1997,A,0,27,final_answer,clean_final,169
test-1997,A,1,27,final_answer,clean_final,166
test-1997,A,2,27,final_answer,clean_final,191
test-1998,A,0,9502,final_answer,clean_final,1167
test-1998,A,1,5835,answer_is,mid_cut,722
test-1998,A,2,4861,final_answer,clean_final,516
test-1999,A,0,108,boxed,sentence_end,1067
test-1999,A,1,24,final_answer,clean_final,1405
test-1999,A,2,3,boxed,mid_cut,983
test-0000,B,0,60.0,final_answer,clean_final,304
test-0000,B,1,60.0,final_answer,clean_final,617
test-0000,B,2,60.0,final_answer,clean_final,391
test-0003,B,0,25.0,final_answer,clean_final,451
test-0003,B,1,28.0,final_answer,clean_final,395
test-0003,B,2,6.0,final_answer,clean_final,546
test-0005,B,0,1020.0,final_answer,mid_cut,574
test-0005,B,1,5.0,final_answer,clean_final,559
test-0005,B,2,250.0,final_answer,clean_final,549
test-0006,B,0,114.0,final_answer,clean_final,415
test-0006,B,1,99.0,final_answer,clean_final,383
test-0006,B,2,99.0,final_answer,clean_final,340
test-0007,B,0,3.0,final_answer,clean_final,403
test-0007,B,1,3.0,final_answer,clean_final,334
test-0007,B,2,3.0,final_answer,clean_final,751
test-0009,B,0,2.0,final_answer,clean_final,520
test-0009,B,1,6.0,final_answer,clean_final,522
test-0009,B,2,4.0,final_answer,clean_final,832
test-0011,B,0,30720.0,boxed,mid_cut,648
test-0011,B,1,7290.0,final_answer,clean_final,523
test-0011,B,2,7291.0,final_answer,clean_final,591
test-0012,B,0,42.0,final_answer,clean_final,355
test-0012,B,1,42.0,final_answer,clean_final,399
test-0012,B,2,123.0,final_answer,clean_final,392
test-0016,B,0,4.0,final_answer,clean_final,404
test-0016,B,1,4.0,final_answer,clean_final,259
test-0016,B,2,4.0,final_answer,clean_final,244
test-0017,B,0,2.0,final_answer,clean_final,339
test-0017,B,1,3.0,final_answer,clean_final,309
test-0017,B,2,3.0,final_answer,clean_final,352
test-0018,B,0,3.0,final_answer,clean_final,1009
test-0018,B,1,1.0,final_answer,clean_final,989
test-0018,B,2,1.0,final_answer,clean_final,717
test-0019,B,0,500.0,final_answer,clean_final,555
test-0019,B,1,769.0,final_answer,clean_final,784
test-0019,B,2,590.0,final_answer,clean_final,521
test-0020,B,0,18.0,final_answer,clean_final,983
test-0020,B,1,18.0,final_answer,clean_final,740
test-0020,B,2,20.0,final_answer,clean_final,727
test-0021,B,0,36.0,final_answer,clean_final,1131
test-0021,B,1,29.0,final_answer,clean_final,892
test-0021,B,2,7.0,final_answer,clean_final,1154
test-0022,B,0,-1.0,boxed,mid_cut,1012
test-0022,B,1,-1.0,boxed,mid_cut,740
test-0022,B,2,1.0,final_answer,clean_final,1025
test-0023,B,0,1122.0,final_answer,clean_final,676
test-0023,B,1,9009.0,final_answer,clean_final,1072
test-0023,B,2,1515.0,final_answer,clean_final,613
test-0028,B,0,150.0,final_answer,clean_final,679
test-0028,B,1,150.0,final_answer,clean_final,752
test-0028,B,2,294.0,final_answer,clean_final,990
test-0029,B,0,4.0,final_answer,clean_final,795
test-0029,B,1,9.0,final_answer,clean_final,827
test-0029,B,2,8.0,final_answer,clean_final,838
test-0030,B,0,6.0,final_answer,clean_final,392
test-0030,B,1,6.0,final_answer,clean_final,236
test-0030,B,2,6.0,final_answer,clean_final,477
test-0033,B,0,243.0,final_answer,clean_final,819
test-0033,B,1,1.0,boxed,sentence_end,1172
test-0033,B,2,371.0,boxed,mid_cut,1465
test-0034,B,0,14.0,final_answer,clean_final,1020
test-0034,B,1,1.0,last_number,ends_digit,1536
test-0034,B,2,11.0,final_answer,clean_final,889
test-0036,B,0,142.0,final_answer,clean_final,351
test-0036,B,1,142.0,final_answer,clean_final,344
test-0036,B,2,142.0,final_answer,clean_final,395
test-0038,B,0,1.0,final_answer,clean_final,857
test-0038,B,1,1514.0,boxed,mid_cut,687
test-0038,B,2,2056354.0,final_answer,clean_final,633
test-0045,B,0,90.0,final_answer,clean_final,593
test-0045,B,1,90.0,final_answer,clean_final,383
test-0045,B,2,90.0,final_answer,clean_final,404
test-0046,B,0,14.0,final_answer,clean_final,316
test-0046,B,1,132.0,final_answer,clean_final,424
test-0046,B,2,132.0,final_answer,clean_final,379
test-0049,B,0,240.0,final_answer,clean_final,805
test-0049,B,1,431.0,final_answer,clean_final,720
test-0049,B,2,231.0,final_answer,clean_final,881
test-0050,B,0,99.0,final_answer,clean_final,402
test-0050,B,1,495.0,final_answer,clean_final,485
test-0050,B,2,96.0,final_answer,clean_final,544
test-0051,B,0,4650.0,final_answer,clean_final,467
test-0051,B,1,4650.0,final_answer,clean_final,470
test-0051,B,2,4650.0,final_answer,clean_final,510
test-0052,B,0,15.0,boxed,mid_cut,1291
test-0052,B,1,6.0,boxed,mid_cut,1414
test-0052,B,2,1.0,last_number,ends_digit,1536
test-0053,B,0,1.0,final_answer,clean_final,388
test-0053,B,1,16.0,final_answer,clean_final,373
test-0053,B,2,0.0,final_answer,clean_final,409
test-0056,B,0,756.0,final_answer,clean_final,288
test-0056,B,1,756.0,final_answer,clean_final,265
test-0056,B,2,756.0,final_answer,clean_final,260
test-0057,B,0,1.0,final_answer,clean_final,886
test-0057,B,1,0.0,final_answer,clean_final,835
test-0057,B,2,0.0,final_answer,clean_final,880
test-0059,B,0,91.0,final_answer,clean_final,378
test-0059,B,1,38.0,final_answer,clean_final,665
test-0059,B,2,92.0,final_answer,clean_final,570
test-0060,B,0,45.0,final_answer,clean_final,395
test-0060,B,1,42.0,final_answer,clean_final,985
test-0060,B,2,45.0,final_answer,clean_final,439
test-0062,B,0,256.0,final_answer,clean_final,1187
test-0062,B,1,256.0,final_answer,clean_final,735
test-0062,B,2,448.0,final_answer,clean_final,1156
test-0063,B,0,1.0,last_number,ends_digit,1536
test-0063,B,1,1000.0,final_answer,clean_final,1134
test-0063,B,2,2.0,last_number,ends_digit,1536
test-0065,B,0,36.0,final_answer,clean_final,418
test-0065,B,1,20.0,final_answer,clean_final,467
test-0065,B,2,25.0,final_answer,clean_final,878
test-0072,B,0,13560.0,boxed,mid_cut,1045
test-0072,B,1,4020.0,final_answer,clean_final,882
test-0072,B,2,555555.0,final_answer,clean_final,630
test-0073,B,0,127.0,final_answer,clean_final,1003
test-0073,B,1,1700.0,final_answer,clean_final,857
test-0073,B,2,240.0,final_answer,clean_final,880
test-0075,B,0,12.0,final_answer,clean_final,614
test-0075,B,1,9.0,last_number,mid_cut,1536
test-0075,B,2,12.0,final_answer,clean_final,1037
test-0076,B,0,18.0,final_answer,clean_final,883
test-0076,B,1,4.0,final_answer,clean_final,650
test-0076,B,2,6.0,final_answer,clean_final,755
test-0078,B,0,256.0,final_answer,clean_final,528
test-0078,B,1,16.0,boxed,sentence_end,554
test-0078,B,2,16.0,final_answer,clean_final,585
test-0079,B,0,4.0,final_answer,clean_final,950
test-0079,B,1,24508.0,final_answer,clean_final,813
test-0079,B,2,32.0,final_answer,clean_final,1078
test-0080,B,0,5.0,boxed,mid_cut,609
test-0080,B,1,9.0,final_answer,clean_final,446
test-0080,B,2,9.0,final_answer,clean_final,557
test-0081,B,0,300.0,final_answer,clean_final,1153
test-0081,B,1,240.0,boxed,mid_cut,1013
test-0081,B,2,90.0,final_answer,clean_final,922
test-0083,B,0,2.0,boxed,mid_cut,1048
test-0083,B,1,10.0,boxed,sentence_end,1291
test-0083,B,2,12.0,boxed,mid_cut,843
test-0085,B,0,331.0,final_answer,clean_final,333
test-0085,B,1,11.0,boxed,mid_cut,495
test-0085,B,2,648.0,final_answer,clean_final,504
test-0086,B,0,20.0,final_answer,clean_final,297
test-0086,B,1,80.0,final_answer,clean_final,232
test-0086,B,2,20.0,final_answer,clean_final,306
test-0088,B,0,990.0,final_answer,clean_final,717
test-0088,B,1,990.0,final_answer,clean_final,757
test-0088,B,2,990.0,boxed,sentence_end,680
test-0095,B,0,299.0,boxed,mid_cut,558
test-0095,B,1,101.0,final_answer,clean_final,969
test-0095,B,2,299.0,boxed,mid_cut,729
test-0096,B,0,30.0,final_answer,clean_final,529
test-0096,B,1,495.0,final_answer,clean_final,438
test-0096,B,2,126.0,boxed,mid_cut,778
test-0103,B,0,2020.0,final_answer,clean_final,420
test-0103,B,1,2020.0,final_answer,clean_final,478
test-0103,B,2,6060.0,boxed,mid_cut,589
test-0105,B,0,56.0,final_answer,clean_final,277
test-0105,B,1,56.0,final_answer,clean_final,251
test-0105,B,2,56.0,final_answer,clean_final,280
test-0106,B,0,19.0,final_answer,clean_final,948
test-0106,B,1,110.0,final_answer,clean_final,836
test-0106,B,2,30.0,final_answer,clean_final,1036
test-0107,B,0,101.0,boxed,mid_cut,816
test-0107,B,1,0.0,final_answer,clean_final,927
test-0107,B,2,571.0,boxed,sentence_end,816
test-0109,B,0,5035.0,boxed,mid_cut,1028
test-0109,B,1,2.0,last_number,mid_cut,618
test-0109,B,2,8.0,boxed,mid_cut,1101
test-0116,B,0,7.0,final_answer,clean_final,700
test-0116,B,1,8.0,final_answer,clean_final,523
test-0116,B,2,5.0,final_answer,clean_final,717
test-0120,B,0,54.0,boxed,mid_cut,1225
test-0120,B,1,10.0,last_number,ends_digit,1536
test-0120,B,2,2015.0,final_answer,clean_final,1070
test-0121,B,0,2016.0,final_answer,clean_final,295
test-0121,B,1,2016.0,final_answer,clean_final,274
test-0121,B,2,2016.0,final_answer,clean_final,289
test-0123,B,0,46656.0,boxed,mid_cut,484
test-0123,B,1,64.0,final_answer,clean_final,300
test-0123,B,2,64.0,final_answer,clean_final,618
test-0126,B,0,666.0,final_answer,clean_final,594
test-0126,B,1,861.0,final_answer,clean_final,553
test-0126,B,2,666.0,final_answer,clean_final,536
test-0127,B,0,6.0,final_answer,clean_final,603
test-0127,B,1,10.0,final_answer,clean_final,598
test-0127,B,2,7.0,final_answer,clean_final,623
test-0128,B,0,1998.0,final_answer,clean_final,512
test-0128,B,1,1998.0,final_answer,clean_final,553
test-0128,B,2,1999.0,final_answer,clean_final,357
test-0130,B,0,62.0,boxed,mid_cut,892
test-0130,B,1,82.0,final_answer,clean_final,918
test-0130,B,2,1.0,last_number,ends_digit,1536
test-0131,B,0,9.0,last_number,mid_cut,1536
test-0131,B,1,174.0,boxed,sentence_end,810
test-0131,B,2,46.0,boxed,sentence_end,1245
test-0132,B,0,90.0,final_answer,clean_final,285
test-0132,B,1,90.0,final_answer,clean_final,469
test-0132,B,2,90.0,final_answer,clean_final,309
test-0133,B,0,2400.0,boxed,sentence_end,910
test-0133,B,1,1250.0,final_answer,clean_final,902
test-0133,B,2,600.0,final_answer,clean_final,917
test-0134,B,0,278.0,final_answer,clean_final,324
test-0134,B,1,275.0,final_answer,clean_final,420
test-0134,B,2,276.0,final_answer,clean_final,517
test-0135,B,0,96.0,final_answer,clean_final,315
test-0135,B,1,24.0,final_answer,clean_final,471
test-0135,B,2,40.0,final_answer,clean_final,321
test-0136,B,0,11232.0,final_answer,clean_final,437
test-0136,B,1,11232.0,final_answer,clean_final,414
test-0136,B,2,11232.0,final_answer,clean_final,529
test-0137,B,0,35.0,final_answer,clean_final,702
test-0137,B,1,35.0,final_answer,clean_final,408
test-0137,B,2,35.0,final_answer,clean_final,428
test-0142,B,0,50.0,final_answer,clean_final,595
test-0142,B,1,6.0,final_answer,clean_final,318
test-0142,B,2,,fail,clean_final,417
test-0143,B,0,700.0,final_answer,clean_final,662
test-0143,B,1,460.0,final_answer,clean_final,557
test-0143,B,2,700.0,final_answer,clean_final,862
test-0146,B,0,90.0,final_answer,clean_final,373
test-0146,B,1,90.0,final_answer,clean_final,600
test-0146,B,2,8.0,final_answer,clean_final,595
test-0148,B,0,0.0,boxed,sentence_end,864
test-0148,B,1,,fail,mid_cut,1011
test-0148,B,2,0.0,final_answer,clean_final,712
test-0151,B,0,9.0,final_answer,clean_final,819
test-0151,B,1,9.0,boxed,mid_cut,710
test-0151,B,2,9.0,boxed,mid_cut,897
test-0153,B,0,100.0,final_answer,clean_final,279
test-0153,B,1,100.0,final_answer,clean_final,420
test-0153,B,2,100.0,final_answer,clean_final,278
test-0154,B,0,135.0,final_answer,clean_final,265
test-0154,B,1,135.0,final_answer,clean_final,270
test-0154,B,2,315.0,final_answer,clean_final,350
test-0155,B,0,10.0,final_answer,clean_final,871
test-0155,B,1,4.0,final_answer,clean_final,1301
test-0155,B,2,6.0,final_answer,clean_final,457
test-0157,B,0,3600.0,final_answer,clean_final,543
test-0157,B,1,25.0,final_answer,clean_final,488
test-0157,B,2,20.0,final_answer,clean_final,693
test-0158,B,0,5.0,final_answer,clean_final,600
test-0158,B,1,5.0,final_answer,clean_final,872
test-0158,B,2,5.0,boxed,sentence_end,1083
test-0159,B,0,3.0,boxed,mid_cut,752
test-0159,B,1,192.0,final_answer,clean_final,882
test-0159,B,2,28.0,final_answer,clean_final,821
test-0162,B,0,512.0,final_answer,clean_final,661
test-0162,B,1,185.0,boxed,mid_cut,1107
test-0162,B,2,97.0,final_answer,clean_final,1150
test-0164,B,0,2.0,boxed,mid_cut,344
test-0164,B,1,2.0,final_answer,clean_final,276
test-0164,B,2,2.0,final_answer,clean_final,312
test-0166,B,0,12.0,final_answer,clean_final,1067
test-0166,B,1,30.0,boxed,mid_cut,793
test-0166,B,2,24.0,final_answer,clean_final,632
test-0168,B,0,869.0,final_answer,clean_final,953
test-0168,B,1,869.0,final_answer,clean_final,583
test-0168,B,2,869.0,final_answer,clean_final,757
test-0169,B,0,18.0,final_answer,clean_final,1008
test-0169,B,1,2.0,final_answer,clean_final,731
test-0169,B,2,1.0,final_answer,clean_final,811
test-0171,B,0,505.0,final_answer,clean_final,1216
test-0171,B,1,756.0,boxed,sentence_end,1146
test-0171,B,2,504.0,final_answer,clean_final,794
test-0172,B,0,1007.0,final_answer,clean_final,755
test-0172,B,1,1006.0,final_answer,clean_final,641
test-0172,B,2,1006.0,final_answer,clean_final,532
test-0173,B,0,2693.0,final_answer,clean_final,633
test-0173,B,1,8080.0,boxed,mid_cut,711
test-0173,B,2,8080.0,final_answer,clean_final,559
test-0175,B,0,1650.0,final_answer,clean_final,289
test-0175,B,1,2000.0,final_answer,clean_final,350
test-0175,B,2,3000.0,final_answer,clean_final,447
test-0178,B,0,5.0,final_answer,clean_final,1092
test-0178,B,1,1.0,final_answer,clean_final,487
test-0178,B,2,1.0,final_answer,clean_final,413
test-0179,B,0,46.0,final_answer,clean_final,738
test-0179,B,1,67.0,final_answer,clean_final,520
test-0179,B,2,47.0,final_answer,clean_final,601
test-0184,B,0,10020.0,final_answer,clean_final,338
test-0184,B,1,385.0,final_answer,clean_final,745
test-0184,B,2,21890.0,boxed,mid_cut,594
test-0186,B,0,7.0,final_answer,clean_final,270
test-0186,B,1,7.0,final_answer,clean_final,247
test-0186,B,2,7.0,final_answer,clean_final,271
test-0187,B,0,34481.0,final_answer,clean_final,1115
test-0187,B,1,126.0,final_answer,clean_final,1010
test-0187,B,2,0.0,boxed,sentence_end,1148
test-0189,B,0,24.0,final_answer,clean_final,189
test-0189,B,1,51.0,final_answer,clean_final,274
test-0189,B,2,102.0,final_answer,clean_final,531
test-0190,B,0,499766030913.0,last_number,mid_cut,1536
test-0190,B,1,10141915498.0,final_answer,clean_final,595
test-0190,B,2,143.0,boxed,mid_cut,624
test-0191,B,0,35.0,final_answer,clean_final,462
test-0191,B,1,20.0,final_answer,clean_final,333
test-0191,B,2,20.0,final_answer,clean_final,819
test-0192,B,0,35.0,final_answer,clean_final,343
test-0192,B,1,35.0,final_answer,clean_final,431
test-0192,B,2,35.0,final_answer,clean_final,301
test-0193,B,0,48.0,final_answer,clean_final,817
test-0193,B,1,84.0,final_answer,clean_final,792
test-0193,B,2,48.0,final_answer,clean_final,1047
test-0195,B,0,87.0,final_answer,clean_final,1059
test-0195,B,1,17.0,final_answer,clean_final,764
test-0195,B,2,17.0,boxed,mid_cut,789
test-0198,B,0,113.0,final_answer,clean_final,814
test-0198,B,1,64.0,final_answer,clean_final,937
test-0198,B,2,67.0,final_answer,clean_final,1284
test-0199,B,0,30.0,final_answer,clean_final,844
test-0199,B,1,60.0,final_answer,clean_final,712
test-0199,B,2,60.0,final_answer,clean_final,612
test-0200,B,0,200.0,final_answer,clean_final,404
test-0200,B,1,200.0,final_answer,clean_final,378
test-0200,B,2,1200.0,final_answer,clean_final,464
test-0203,B,0,3.0,final_answer,clean_final,339
test-0203,B,1,,fail,clean_final,431
test-0203,B,2,3.0,final_answer,clean_final,303
test-0204,B,0,10.0,boxed,mid_cut,498
test-0204,B,1,7.0,final_answer,clean_final,1026
test-0204,B,2,9.0,last_number,mid_cut,857
test-0205,B,0,0.0,final_answer,clean_final,716
test-0205,B,1,0.0,final_answer,clean_final,893
test-0205,B,2,0.0,final_answer,clean_final,666
test-0207,B,0,100.0,final_answer,clean_final,610
test-0207,B,1,150.0,final_answer,clean_final,317
test-0207,B,2,25.0,final_answer,clean_final,515
test-0208,B,0,0.0,final_answer,clean_final,987
test-0208,B,1,32.0,final_answer,clean_final,888
test-0208,B,2,544.0,boxed,mid_cut,1041
test-0209,B,0,197.0,final_answer,clean_final,321
test-0209,B,1,163.0,final_answer,clean_final,368
test-0209,B,2,163.0,final_answer,clean_final,369
test-0211,B,0,920.0,final_answer,clean_final,271
test-0211,B,1,20.0,final_answer,clean_final,284
test-0211,B,2,104.0,final_answer,clean_final,398
test-0212,B,0,4951.0,final_answer,clean_final,615
test-0212,B,1,4951.0,final_answer,clean_final,467
test-0212,B,2,50.0,boxed,mid_cut,772
test-0214,B,0,5.0,boxed,mid_cut,455
test-0214,B,1,5.0,final_answer,clean_final,582
test-0214,B,2,1.0,final_answer,clean_final,664
test-0215,B,0,98.0,boxed,mid_cut,798
test-0215,B,1,84.0,final_answer,clean_final,693
test-0215,B,2,140.0,final_answer,clean_final,965
test-0218,B,0,204.0,final_answer,clean_final,496
test-0218,B,1,192.0,final_answer,clean_final,535
test-0218,B,2,204.0,final_answer,clean_final,545
test-0222,B,0,5.0,boxed,mid_cut,527
test-0222,B,1,7.0,boxed,mid_cut,1021
test-0222,B,2,5.0,final_answer,clean_final,246
test-0223,B,0,275.0,final_answer,clean_final,610
test-0223,B,1,3.0,last_number,mid_cut,1536
test-0223,B,2,299.0,final_answer,clean_final,631
test-0225,B,0,12.0,final_answer,clean_final,584
test-0225,B,1,68.0,final_answer,clean_final,1096
test-0225,B,2,12.0,final_answer,clean_final,808
test-0226,B,0,15.0,final_answer,clean_final,930
test-0226,B,1,15.0,final_answer,clean_final,760
test-0226,B,2,7.0,final_answer,clean_final,672
test-0228,B,0,1024.0,final_answer,clean_final,925
test-0228,B,1,5.0,last_number,mid_cut,1536
test-0228,B,2,4096.0,boxed,mid_cut,814
test-0233,B,0,401.0,boxed,mid_cut,468
test-0233,B,1,101.0,final_answer,clean_final,938
test-0233,B,2,411.0,final_answer,clean_final,462
test-0234,B,0,499.0,boxed,mid_cut,767
test-0234,B,1,991.0,final_answer,clean_final,651
test-0234,B,2,7.0,boxed,mid_cut,524
test-0236,B,0,,fail,mid_cut,962
test-0236,B,1,392.0,boxed,mid_cut,1133
test-0236,B,2,377.0,final_answer,clean_final,1011
test-0237,B,0,1.0,final_answer,clean_final,514
test-0237,B,1,231.0,final_answer,clean_final,595
test-0237,B,2,231.0,final_answer,clean_final,721
test-0238,B,0,3.0,final_answer,clean_final,976
test-0238,B,1,4.0,final_answer,clean_final,823
test-0238,B,2,5.0,final_answer,clean_final,1377
test-0248,B,0,9.0,final_answer,clean_final,1468
test-0248,B,1,10.0,last_number,clean_final,1021
test-0248,B,2,2017.0,last_number,mid_cut,1170
test-0249,B,0,1260.0,final_answer,clean_final,320
test-0249,B,1,1260.0,final_answer,clean_final,358
test-0249,B,2,1260.0,final_answer,clean_final,360
test-0250,B,0,256.0,final_answer,clean_final,445
test-0250,B,1,252.0,boxed,mid_cut,455
test-0250,B,2,600.0,final_answer,clean_final,588
test-0251,B,0,223.0,final_answer,clean_final,601
test-0251,B,1,432.0,final_answer,clean_final,1268
test-0251,B,2,245.0,boxed,sentence_end,666
test-0252,B,0,14.0,final_answer,clean_final,557
test-0252,B,1,8.0,final_answer,clean_final,669
test-0252,B,2,8.0,final_answer,clean_final,432
test-0253,B,0,4.0,final_answer,clean_final,1164
test-0253,B,1,24.0,final_answer,clean_final,504
test-0253,B,2,24.0,final_answer,clean_final,692
test-0254,B,0,5122.0,final_answer,clean_final,1198
test-0254,B,1,5204.0,final_answer,clean_final,1319
test-0254,B,2,6509.0,final_answer,clean_final,1043
test-0260,B,0,7.0,final_answer,clean_final,865
test-0260,B,1,1.0,final_answer,clean_final,413
test-0260,B,2,3.0,final_answer,clean_final,905
test-0261,B,0,1167.0,final_answer,clean_final,751
test-0261,B,1,28.0,final_answer,clean_final,673
test-0261,B,2,50.0,final_answer,clean_final,596
test-0263,B,0,598.0,final_answer,clean_final,659
test-0263,B,1,299.0,boxed,mid_cut,679
test-0263,B,2,199.0,final_answer,clean_final,715
test-0265,B,0,10.0,boxed,mid_cut,982
test-0265,B,1,45.0,final_answer,clean_final,861
test-0265,B,2,18.0,final_answer,clean_final,1448
test-0266,B,0,123.0,final_answer,clean_final,1079
test-0266,B,1,53.0,final_answer,clean_final,1080
test-0266,B,2,11.0,boxed,mid_cut,902
test-0267,B,0,4.0,final_answer,clean_final,523
test-0267,B,1,8.0,final_answer,clean_final,603
test-0267,B,2,8.0,boxed,mid_cut,785
test-0268,B,0,13.0,final_answer,clean_final,537
test-0268,B,1,15.0,final_answer,clean_final,579
test-0268,B,2,17.0,final_answer,clean_final,577
test-0273,B,0,1305.0,boxed,mid_cut,1333
test-0273,B,1,905.0,final_answer,clean_final,667
test-0273,B,2,201.0,boxed,mid_cut,1045
test-0274,B,0,7207200.0,final_answer,clean_final,831
test-0274,B,1,8195735.0,final_answer,clean_final,1057
test-0274,B,2,14414400.0,final_answer,clean_final,869
test-0280,B,0,195.0,final_answer,clean_final,695
test-0280,B,1,103.0,final_answer,clean_final,536
test-0280,B,2,103.0,boxed,mid_cut,718
test-0281,B,0,25.0,final_answer,clean_final,807
test-0281,B,1,210.0,final_answer,clean_final,957
test-0281,B,2,150.0,final_answer,clean_final,543
test-0285,B,0,51.0,boxed,sentence_end,1378
test-0285,B,1,252.0,last_number,mid_cut,1536
test-0285,B,2,196.0,final_answer,clean_final,503
test-0289,B,0,11.0,final_answer,clean_final,930
test-0289,B,1,5.0,boxed,mid_cut,1197
test-0289,B,2,23.0,final_answer,clean_final,802
test-0290,B,0,3.0,final_answer,clean_final,1232
test-0290,B,1,3.0,final_answer,clean_final,567
test-0290,B,2,3.0,final_answer,clean_final,784
test-0291,B,0,20.0,final_answer,clean_final,718
test-0291,B,1,19.0,boxed,sentence_end,1388
test-0291,B,2,14.0,final_answer,clean_final,1160
test-0294,B,0,1.0,final_answer,clean_final,409
test-0294,B,1,6.0,final_answer,clean_final,556
test-0294,B,2,9.0,final_answer,clean_final,533
test-0299,B,0,161.0,final_answer,clean_final,488
test-0299,B,1,169.0,final_answer,clean_final,792
test-0299,B,2,13.0,final_answer,clean_final,1032
test-0300,B,0,50.0,boxed,mid_cut,891
test-0300,B,1,20.0,final_answer,clean_final,1100
test-0300,B,2,11.0,final_answer,clean_final,841
test-0301,B,0,44.0,last_number,clean_final,392
test-0301,B,1,13.0,final_answer,clean_final,541
test-0301,B,2,44.0,last_number,clean_final,329
test-0302,B,0,15.0,last_number,mid_cut,1536
test-0302,B,1,9.0,last_number,mid_cut,1536
test-0302,B,2,5.0,last_number,mid_cut,1536
test-0303,B,0,32.0,final_answer,clean_final,1337
test-0303,B,1,6388.0,final_answer,clean_final,1053
test-0303,B,2,921600.0,final_answer,clean_final,1063
test-0305,B,0,45.0,final_answer,clean_final,1492
test-0305,B,1,129.0,boxed,mid_cut,1174
test-0305,B,2,3.0,last_number,mid_cut,1536
test-0308,B,0,125.0,final_answer,clean_final,741
test-0308,B,1,100.0,final_answer,clean_final,430
test-0308,B,2,98.0,final_answer,clean_final,646
test-0310,B,0,0.0,final_answer,clean_final,556
test-0310,B,1,12.0,final_answer,clean_final,558
test-0310,B,2,6.0,boxed,mid_cut,798
test-0311,B,0,19680.0,final_answer,clean_final,525
test-0311,B,1,351.0,boxed,mid_cut,1010
test-0311,B,2,7136654.0,final_answer,clean_final,1530
test-0313,B,0,656882.0,final_answer,clean_final,199
test-0313,B,1,655502.0,final_answer,clean_final,324
test-0313,B,2,655502.0,final_answer,clean_final,431
test-0314,B,0,8.0,boxed,mid_cut,616
test-0314,B,1,1.0,boxed,mid_cut,482
test-0314,B,2,5.0,final_answer,clean_final,529
test-0319,B,0,273.0,final_answer,clean_final,1313
test-0319,B,1,203.0,final_answer,clean_final,1221
test-0319,B,2,780.0,final_answer,clean_final,708
test-0320,B,0,13.0,final_answer,clean_final,548
test-0320,B,1,36.0,boxed,mid_cut,503
test-0320,B,2,20.0,final_answer,clean_final,587
test-0324,B,0,2730.0,boxed,mid_cut,416
test-0324,B,1,52.0,final_answer,clean_final,834
test-0324,B,2,260.0,last_number,mid_cut,1536
test-0326,B,0,0.0,final_answer,clean_final,591
test-0326,B,1,4.0,final_answer,clean_final,898
test-0326,B,2,4.0,final_answer,clean_final,985
test-0327,B,0,1.0,final_answer,clean_final,787
test-0327,B,1,10.0,final_answer,clean_final,954
test-0327,B,2,10.0,final_answer,clean_final,952
test-0328,B,0,7.0,final_answer,clean_final,574
test-0328,B,1,5.0,final_answer,clean_final,581
test-0328,B,2,7.0,final_answer,clean_final,579
test-0331,B,0,5.0,final_answer,clean_final,867
test-0331,B,1,6.0,final_answer,clean_final,1197
test-0331,B,2,12.0,final_answer,clean_final,975
test-0334,B,0,2.0,final_answer,clean_final,584
test-0334,B,1,2.0,final_answer,clean_final,520
test-0334,B,2,2.0,final_answer,clean_final,438
test-0335,B,0,133.0,boxed,sentence_end,716
test-0335,B,1,223.0,final_answer,clean_final,723
test-0335,B,2,1862.0,final_answer,clean_final,923
test-0338,B,0,88.0,boxed,mid_cut,761
test-0338,B,1,80.0,final_answer,clean_final,371
test-0338,B,2,0.0,boxed,mid_cut,527
test-0341,B,0,15.0,final_answer,clean_final,555
test-0341,B,1,217.0,final_answer,clean_final,716
test-0341,B,2,217.0,final_answer,clean_final,624
test-0343,B,0,73.0,final_answer,clean_final,590
test-0343,B,1,64.0,final_answer,clean_final,856
test-0343,B,2,171.0,final_answer,clean_final,933
test-0345,B,0,9.0,final_answer,clean_final,696
test-0345,B,1,5.0,final_answer,clean_final,383
test-0345,B,2,5.0,final_answer,clean_final,272
test-0346,B,0,96.0,final_answer,clean_final,723
test-0346,B,1,228.0,final_answer,clean_final,717
test-0346,B,2,68.0,final_answer,clean_final,398
test-0349,B,0,2610.0,boxed,mid_cut,937
test-0349,B,1,2592.0,final_answer,clean_final,749
test-0349,B,2,306.0,final_answer,clean_final,947
test-0352,B,0,16.0,final_answer,clean_final,433
test-0352,B,1,16.0,final_answer,clean_final,433
test-0352,B,2,16.0,final_answer,clean_final,485
test-0354,B,0,336.0,final_answer,clean_final,537
test-0354,B,1,336.0,final_answer,clean_final,608
test-0354,B,2,336.0,final_answer,clean_final,404
test-0355,B,0,972.0,final_answer,clean_final,983
test-0355,B,1,42525.0,final_answer,clean_final,935
test-0355,B,2,75.0,final_answer,clean_final,879
test-0357,B,0,14.0,final_answer,clean_final,381
test-0357,B,1,1.0,final_answer,clean_final,569
test-0357,B,2,7.0,final_answer,clean_final,467
test-0358,B,0,9.0,final_answer,clean_final,717
test-0358,B,1,9.0,final_answer,clean_final,755
test-0358,B,2,11.0,final_answer,clean_final,373
test-0363,B,0,50.0,final_answer,clean_final,372
test-0363,B,1,50.0,final_answer,clean_final,349
test-0363,B,2,50.0,final_answer,clean_final,452
test-0364,B,0,645.0,final_answer,clean_final,1012
test-0364,B,1,1035.0,boxed,sentence_end,645
test-0364,B,2,,fail,clean_final,673
test-0365,B,0,251.0,final_answer,clean_final,444
test-0365,B,1,412.0,final_answer,clean_final,806
test-0365,B,2,114.0,final_answer,clean_final,1049
test-0366,B,0,340.0,final_answer,clean_final,420
test-0366,B,1,340.0,final_answer,clean_final,402
test-0366,B,2,340.0,final_answer,clean_final,358
test-0370,B,0,7.0,final_answer,clean_final,1163
test-0370,B,1,5.0,boxed,mid_cut,832
test-0370,B,2,-1.0,final_answer,clean_final,902
test-0371,B,0,6.0,final_answer,clean_final,813
test-0371,B,1,26.0,final_answer,clean_final,1244
test-0371,B,2,12.0,final_answer,clean_final,1361
test-0374,B,0,25.0,boxed,sentence_end,685
test-0374,B,1,25.0,boxed,sentence_end,872
test-0374,B,2,13.0,final_answer,clean_final,895
test-0375,B,0,205.0,final_answer,clean_final,692
test-0375,B,1,1521.0,final_answer,clean_final,1314
test-0375,B,2,260.0,final_answer,clean_final,740
test-0376,B,0,3.0,boxed,sentence_end,588
test-0376,B,1,248.0,final_answer,clean_final,753
test-0376,B,2,194.0,last_number,mid_cut,1536
test-0377,B,0,1.0,boxed,mid_cut,1099
test-0377,B,1,2.0,final_answer,clean_final,1024
test-0377,B,2,4.0,final_answer,clean_final,1002
test-0378,B,0,189.0,final_answer,clean_final,900
test-0378,B,1,81.0,boxed,mid_cut,875
test-0378,B,2,205.0,final_answer,clean_final,993
test-0379,B,0,52.0,final_answer,clean_final,784
test-0379,B,1,46.0,final_answer,clean_final,627
test-0379,B,2,40.0,final_answer,clean_final,714
test-0383,B,0,110.0,final_answer,clean_final,1147
test-0383,B,1,34.0,final_answer,clean_final,1136
test-0383,B,2,63.0,final_answer,clean_final,843
test-0384,B,0,10.0,final_answer,clean_final,611
test-0384,B,1,10.0,final_answer,clean_final,585
test-0384,B,2,10.0,final_answer,clean_final,706
test-0385,B,0,2001.0,final_answer,clean_final,820
test-0385,B,1,2001.0,final_answer,clean_final,819
test-0385,B,2,1997.0,boxed,sentence_end,667
test-0386,B,0,6.0,final_answer,clean_final,439
test-0386,B,1,7.0,boxed,sentence_end,381
test-0386,B,2,6.0,final_answer,clean_final,472
test-0387,B,0,0.0,final_answer,clean_final,813
test-0387,B,1,0.0,boxed,mid_cut,407
test-0387,B,2,0.0,boxed,mid_cut,598
test-0389,B,0,635.0,boxed,mid_cut,626
test-0389,B,1,10.0,boxed,mid_cut,501
test-0389,B,2,960.0,boxed,mid_cut,595
test-0390,B,0,14.0,boxed,mid_cut,808
test-0390,B,1,31.0,final_answer,clean_final,863
test-0390,B,2,70.0,final_answer,clean_final,693
test-0392,B,0,1991.0,final_answer,clean_final,886
test-0392,B,1,1982.0,final_answer,clean_final,526
test-0392,B,2,2004.0,final_answer,clean_final,817
test-0395,B,0,40402021.0,final_answer,mid_cut,703
test-0395,B,1,2.0,final_answer,clean_final,515
test-0395,B,2,2.0,final_answer,clean_final,978
test-0397,B,0,59.0,boxed,mid_cut,674
test-0397,B,1,21.0,final_answer,clean_final,661
test-0397,B,2,33.0,final_answer,clean_final,535
test-0401,B,0,265.0,final_answer,clean_final,413
test-0401,B,1,150.0,final_answer,clean_final,307
test-0401,B,2,115.0,final_answer,clean_final,316
test-0403,B,0,545.0,final_answer,clean_final,658
test-0403,B,1,90.0,last_number,clean_final,512
test-0403,B,2,,fail,clean_final,988
test-0405,B,0,7.0,final_answer,clean_final,210
test-0405,B,1,4.0,final_answer,clean_final,224
test-0405,B,2,2.0,final_answer,clean_final,237
test-0407,B,0,100.0,final_answer,clean_final,682
test-0407,B,1,140.0,final_answer,clean_final,766
test-0407,B,2,160.0,final_answer,clean_final,1355
test-0408,B,0,2.0,last_number,mid_cut,1536
test-0408,B,1,83.0,final_answer,clean_final,765
test-0408,B,2,75.0,final_answer,clean_final,1203
test-0410,B,0,60.0,final_answer,clean_final,684
test-0410,B,1,60.0,final_answer,clean_final,623
test-0410,B,2,480.0,final_answer,clean_final,737
test-0411,B,0,1.0,final_answer,clean_final,379
test-0411,B,1,0.0,final_answer,clean_final,600
test-0411,B,2,1.0,final_answer,clean_final,848
test-0415,B,0,4032.0,final_answer,clean_final,403
test-0415,B,1,4035.0,final_answer,clean_final,600
test-0415,B,2,2018.0,boxed,mid_cut,795
test-0417,B,0,0.0,final_answer,clean_final,1410
test-0417,B,1,10.0,final_answer,clean_final,928
test-0417,B,2,2.0,last_number,mid_cut,1536
test-0419,B,0,2197.0,final_answer,clean_final,1368
test-0419,B,1,6250.0,last_number,mid_cut,1536
test-0419,B,2,365.0,final_answer,clean_final,499
test-0420,B,0,90000.0,final_answer,clean_final,738
test-0420,B,1,99990.0,final_answer,clean_final,757
test-0420,B,2,99560.0,final_answer,clean_final,806
test-0421,B,0,3.0,boxed,mid_cut,927
test-0421,B,1,3.0,boxed,mid_cut,798
test-0421,B,2,5.0,boxed,mid_cut,871
test-0422,B,0,95.0,final_answer,clean_final,411
test-0422,B,1,81.0,final_answer,clean_final,700
test-0422,B,2,95.0,answer_is,mid_cut,805
test-0423,B,0,36.0,final_answer,clean_final,806
test-0423,B,1,279.0,boxed,mid_cut,701
test-0423,B,2,33.0,final_answer,clean_final,600
test-0429,B,0,3.0,last_number,ends_digit,1536
test-0429,B,1,40.0,last_number,sentence_end,1536
test-0429,B,2,38.0,boxed,mid_cut,1327
test-0430,B,0,25.0,boxed,mid_cut,603
test-0430,B,1,13.0,boxed,sentence_end,1035
test-0430,B,2,529.0,final_answer,clean_final,1006
test-0431,B,0,5.0,final_answer,clean_final,241
test-0431,B,1,5.0,final_answer,clean_final,230
test-0431,B,2,5.0,final_answer,clean_final,228
test-0433,B,0,14.0,final_answer,clean_final,234
test-0433,B,1,14.0,final_answer,clean_final,336
test-0433,B,2,14.0,final_answer,clean_final,348
test-0435,B,0,5.0,final_answer,clean_final,425
test-0435,B,1,132.0,final_answer,clean_final,382
test-0435,B,2,5.0,final_answer,clean_final,397
test-0436,B,0,1296.0,final_answer,clean_final,1225
test-0436,B,1,11664.0,final_answer,clean_final,599
test-0436,B,2,24.0,final_answer,clean_final,985
test-0437,B,0,48.0,final_answer,clean_final,713
test-0437,B,1,162.0,final_answer,clean_final,873
test-0437,B,2,81.0,final_answer,clean_final,654
test-0439,B,0,60.0,final_answer,clean_final,874
test-0439,B,1,1276.0,final_answer,clean_final,1503
test-0439,B,2,144.0,final_answer,clean_final,1356
test-0440,B,0,3.0,final_answer,clean_final,306
test-0440,B,1,3.0,final_answer,clean_final,232
test-0440,B,2,3.0,final_answer,clean_final,222
test-0442,B,0,699.0,boxed,mid_cut,1283
test-0442,B,1,540.0,final_answer,clean_final,976
test-0442,B,2,324.0,final_answer,clean_final,961
test-0444,B,0,7.0,final_answer,clean_final,1000
test-0444,B,1,36.0,final_answer,clean_final,548
test-0444,B,2,35.0,final_answer,clean_final,458
test-0445,B,0,224.0,boxed,mid_cut,870
test-0445,B,1,259.0,boxed,mid_cut,1016
test-0445,B,2,273.0,final_answer,clean_final,941
test-0446,B,0,141.0,final_answer,clean_final,1209
test-0446,B,1,268.0,final_answer,clean_final,1118
test-0446,B,2,563.0,final_answer,clean_final,615
test-0447,B,0,72.0,final_answer,clean_final,743
test-0447,B,1,120.0,final_answer,clean_final,559
test-0447,B,2,832.0,final_answer,clean_final,837
test-0449,B,0,-7.0,final_answer,clean_final,279
test-0449,B,1,3.0,final_answer,clean_final,884
test-0449,B,2,-9.0,final_answer,clean_final,324
test-0453,B,0,3.0,final_answer,clean_final,230
test-0453,B,1,3.0,final_answer,clean_final,248
test-0453,B,2,3.0,final_answer,clean_final,240
test-0454,B,0,42.0,boxed,mid_cut,274
test-0454,B,1,42.0,final_answer,clean_final,279
test-0454,B,2,42.0,boxed,mid_cut,285
test-0457,B,0,1000.0,final_answer,clean_final,1378
test-0457,B,1,84.0,final_answer,clean_final,1409
test-0457,B,2,184.0,final_answer,clean_final,1254
test-0458,B,0,8.0,final_answer,clean_final,678
test-0458,B,1,8.0,final_answer,clean_final,629
test-0458,B,2,9.0,final_answer,clean_final,930
test-0459,B,0,5.0,final_answer,clean_final,329
test-0459,B,1,5.0,final_answer,clean_final,283
test-0459,B,2,7.0,final_answer,clean_final,238
test-0460,B,0,8.0,final_answer,clean_final,864
test-0460,B,1,16.0,final_answer,clean_final,976
test-0460,B,2,8.0,boxed,mid_cut,758
test-0461,B,0,4.0,final_answer,clean_final,338
test-0461,B,1,4.0,final_answer,clean_final,324
test-0461,B,2,4.0,final_answer,clean_final,422
test-0467,B,0,625.0,final_answer,clean_final,851
test-0467,B,1,10000.0,boxed,mid_cut,936
test-0467,B,2,400.0,final_answer,clean_final,617
test-0471,B,0,224.0,final_answer,clean_final,913
test-0471,B,1,32.0,boxed,mid_cut,809
test-0471,B,2,42.0,final_answer,clean_final,833
test-0473,B,0,19.0,boxed,mid_cut,1052
test-0473,B,1,38.0,final_answer,clean_final,759
test-0473,B,2,15.0,final_answer,clean_final,566
test-0474,B,0,481825904.0,final_answer,clean_final,572
test-0474,B,1,1.0,final_answer,clean_final,719
test-0474,B,2,117649.0,final_answer,clean_final,813
test-0476,B,0,147000.0,boxed,mid_cut,428
test-0476,B,1,800.0,boxed,mid_cut,899
test-0476,B,2,200.0,boxed,mid_cut,497
test-0478,B,0,9.0,final_answer,clean_final,798
test-0478,B,1,21.0,final_answer,clean_final,598
test-0478,B,2,4.0,final_answer,clean_final,723
test-0479,B,0,11.0,final_answer,clean_final,711
test-0479,B,1,17.0,final_answer,clean_final,466
test-0479,B,2,22.0,final_answer,clean_final,648
test-0481,B,0,6912.0,final_answer,clean_final,661
test-0481,B,1,4032.0,final_answer,clean_final,799
test-0481,B,2,168.0,final_answer,clean_final,612
test-0484,B,0,44.0,final_answer,clean_final,928
test-0484,B,1,704.0,boxed,mid_cut,1274
test-0484,B,2,85.0,final_answer,clean_final,986
test-0486,B,0,5.0,final_answer,clean_final,1393
test-0486,B,1,2.0,final_answer,clean_final,654
test-0486,B,2,5.0,final_answer,clean_final,1256
test-0487,B,0,480.0,final_answer,clean_final,877
test-0487,B,1,508.0,final_answer,clean_final,658
test-0487,B,2,260.0,final_answer,clean_final,653
test-0488,B,0,10439.0,final_answer,clean_final,308
test-0488,B,1,20039.0,final_answer,clean_final,254
test-0488,B,2,10439.0,final_answer,clean_final,252
test-0491,B,0,9708.0,final_answer,clean_final,1014
test-0491,B,1,250.0,final_answer,clean_final,840
test-0491,B,2,250.0,final_answer,clean_final,802
test-0493,B,0,1428.0,final_answer,clean_final,643
test-0493,B,1,1000.0,final_answer,clean_final,961
test-0493,B,2,1004.0,boxed,mid_cut,780
test-0494,B,0,90.0,final_answer,clean_final,583
test-0494,B,1,7.0,final_answer,clean_final,632
test-0494,B,2,120.0,final_answer,clean_final,773
test-0498,B,0,33.0,final_answer,clean_final,785
test-0498,B,1,18.0,final_answer,clean_final,591
test-0498,B,2,9.0,final_answer,clean_final,911
test-0499,B,0,164.0,final_answer,clean_final,698
test-0499,B,1,170.0,final_answer,clean_final,784
test-0499,B,2,160.0,final_answer,clean_final,756
test-0501,B,0,51.0,final_answer,clean_final,784
test-0501,B,1,436.0,final_answer,clean_final,595
test-0501,B,2,1005.0,final_answer,clean_final,578
test-0504,B,0,21010.0,boxed,mid_cut,790
test-0504,B,1,14014.0,final_answer,clean_final,1138
test-0504,B,2,218.0,final_answer,clean_final,1076
test-0505,B,0,153846.0,final_answer,clean_final,749
test-0505,B,1,10.0,last_number,ends_digit,1536
test-0505,B,2,146.0,final_answer,clean_final,1341
test-0506,B,0,21.0,boxed,sentence_end,770
test-0506,B,1,21.0,final_answer,clean_final,887
test-0506,B,2,9.0,final_answer,clean_final,601
test-0507,B,0,12.0,final_answer,clean_final,805
test-0507,B,1,12.0,final_answer,clean_final,564
test-0507,B,2,12.0,boxed,sentence_end,556
test-0508,B,0,46.0,final_answer,clean_final,523
test-0508,B,1,47.0,final_answer,clean_final,827
test-0508,B,2,17.0,boxed,mid_cut,920
test-0510,B,0,1.0,final_answer,clean_final,1041
test-0510,B,1,4845.0,final_answer,clean_final,678
test-0510,B,2,17.0,final_answer,clean_final,1095
test-0511,B,0,21.0,last_number,mid_cut,1061
test-0511,B,1,10.0,boxed,mid_cut,932
test-0511,B,2,2.0,last_number,mid_cut,748
test-0512,B,0,999.0,final_answer,clean_final,858
test-0512,B,1,323.0,boxed,sentence_end,1338
test-0512,B,2,999.0,final_answer,clean_final,1100
test-0513,B,0,151.0,final_answer,clean_final,346
test-0513,B,1,151.0,final_answer,clean_final,351
test-0513,B,2,151.0,final_answer,clean_final,433
test-0514,B,0,11.0,final_answer,clean_final,399
test-0514,B,1,4.0,boxed,sentence_end,600
test-0514,B,2,1002.0,final_answer,clean_final,607
test-0516,B,0,25.0,final_answer,clean_final,264
test-0516,B,1,25.0,final_answer,clean_final,498
test-0516,B,2,0.0,final_answer,clean_final,191
test-0518,B,0,90.0,final_answer,clean_final,1397
test-0518,B,1,675.0,final_answer,clean_final,1282
test-0518,B,2,52.0,last_number,mid_cut,1536
test-0520,B,0,100.0,final_answer,clean_final,525
test-0520,B,1,200.0,final_answer,clean_final,784
test-0520,B,2,50.0,final_answer,clean_final,595
test-0523,B,0,3.0,final_answer,clean_final,667
test-0523,B,1,3.0,final_answer,clean_final,684
test-0523,B,2,3.0,final_answer,clean_final,847
test-0525,B,0,564.0,boxed,mid_cut,597
test-0525,B,1,924.0,final_answer,clean_final,496
test-0525,B,2,512.0,boxed,mid_cut,831
test-0528,B,0,63.0,boxed,sentence_end,1215
test-0528,B,1,8.0,final_answer,clean_final,1086
test-0528,B,2,8.0,boxed,sentence_end,997
test-0529,B,0,1122.0,final_answer,clean_final,736
test-0529,B,1,1295.0,final_answer,clean_final,806
test-0529,B,2,1294.0,answer_is,mid_cut,780
test-0533,B,0,584.0,final_answer,clean_final,511
test-0533,B,1,23.0,boxed,mid_cut,453
test-0533,B,2,22.0,final_answer,clean_final,730
test-0535,B,0,6.0,final_answer,clean_final,1037
test-0535,B,1,4.0,final_answer,clean_final,793
test-0535,B,2,10.0,last_number,mid_cut,1536
test-0537,B,0,15.0,boxed,sentence_end,664
test-0537,B,1,8.0,boxed,mid_cut,778
test-0537,B,2,13117.0,final_answer,clean_final,882
test-0538,B,0,3073.0,final_answer,clean_final,586
test-0538,B,1,3071.0,final_answer,clean_final,981
test-0538,B,2,1025.0,boxed,mid_cut,515
test-0541,B,0,224.0,final_answer,clean_final,1050
test-0541,B,1,476.0,final_answer,clean_final,1258
test-0541,B,2,92.0,boxed,mid_cut,1022
test-0545,B,0,3.0,final_answer,clean_final,516
test-0545,B,1,5.0,final_answer,clean_final,854
test-0545,B,2,3.0,final_answer,clean_final,567
test-0546,B,0,21.0,last_number,mid_cut,1536
test-0546,B,1,25.0,final_answer,clean_final,895
test-0546,B,2,17.0,final_answer,clean_final,857
test-0547,B,0,2138360.0,boxed,sentence_end,467
test-0547,B,1,2138360.0,boxed,mid_cut,484
test-0547,B,2,2138360.0,boxed,mid_cut,496
test-0550,B,0,144.0,final_answer,clean_final,815
test-0550,B,1,18.0,final_answer,clean_final,679
test-0550,B,2,54.0,final_answer,clean_final,775
test-0551,B,0,5.0,final_answer,clean_final,581
test-0551,B,1,5.0,final_answer,clean_final,552
test-0551,B,2,5.0,final_answer,clean_final,680
test-0559,B,0,995.0,final_answer,clean_final,1210
test-0559,B,1,38153.0,last_number,ends_digit,1536
test-0559,B,2,126.0,final_answer,clean_final,1084
test-0563,B,0,45.0,final_answer,clean_final,940
test-0563,B,1,1.0,boxed,mid_cut,1190
test-0563,B,2,216.0,final_answer,clean_final,706
test-0566,B,0,1000.0,final_answer,clean_final,1111
test-0566,B,1,15.0,final_answer,clean_final,968
test-0566,B,2,531.0,final_answer,clean_final,1334
test-0568,B,0,200.0,final_answer,clean_final,280
test-0568,B,1,200.0,final_answer,clean_final,461
test-0568,B,2,200.0,final_answer,clean_final,441
test-0570,B,0,-1.0,final_answer,clean_final,602
test-0570,B,1,0.0,boxed,mid_cut,656
test-0570,B,2,0.0,final_answer,clean_final,590
test-0571,B,0,340.0,final_answer,clean_final,629
test-0571,B,1,170.0,boxed,mid_cut,847
test-0571,B,2,168.0,final_answer,clean_final,747
test-0577,B,0,34133.0,final_answer,clean_final,670
test-0577,B,1,4432.0,final_answer,clean_final,770
test-0577,B,2,4285.0,final_answer,clean_final,815
test-0580,B,0,23.0,final_answer,clean_final,508
test-0580,B,1,23.0,final_answer,clean_final,322
test-0580,B,2,25.0,final_answer,clean_final,396
test-0581,B,0,3.0,boxed,sentence_end,963
test-0581,B,1,4.0,boxed,mid_cut,971
test-0581,B,2,24.0,boxed,mid_cut,1286
test-0582,B,0,1442875.0,final_answer,clean_final,735
test-0582,B,1,229.0,final_answer,clean_final,621
test-0582,B,2,1.0,final_answer,clean_final,712
test-0583,B,0,4.0,final_answer,clean_final,647
test-0583,B,1,-4.0,boxed,mid_cut,1091
test-0583,B,2,1.0,boxed,mid_cut,761
test-0587,B,0,493.0,final_answer,clean_final,512
test-0587,B,1,8.0,last_number,mid_cut,1536
test-0587,B,2,123.0,last_number,mid_cut,1536
test-0588,B,0,688.0,final_answer,clean_final,1085
test-0588,B,1,0.0,boxed,mid_cut,1276
test-0588,B,2,64.0,final_answer,clean_final,1248
test-0589,B,0,104.0,final_answer,clean_final,437
test-0589,B,1,104.0,final_answer,clean_final,546
test-0589,B,2,104.0,final_answer,clean_final,354
test-0593,B,0,6.0,final_answer,clean_final,531
test-0593,B,1,6345105.0,boxed,mid_cut,848
test-0593,B,2,7.0,final_answer,clean_final,940
test-0594,B,0,3259.0,final_answer,clean_final,1392
test-0594,B,1,2000.0,final_answer,clean_final,1382
test-0594,B,2,55.0,final_answer,clean_final,764
test-0596,B,0,6.0,boxed,sentence_end,1216
test-0596,B,1,4.0,boxed,mid_cut,831
test-0596,B,2,3.0,boxed,sentence_end,1522
test-0598,B,0,-29.0,final_answer,clean_final,734
test-0598,B,1,-29.0,boxed,mid_cut,835
test-0598,B,2,-53.0,boxed,mid_cut,558
test-0599,B,0,120.0,final_answer,clean_final,448
test-0599,B,1,33542282.0,final_answer,clean_final,1013
test-0599,B,2,31.0,final_answer,clean_final,408
test-0600,B,0,70.0,final_answer,clean_final,710
test-0600,B,1,126.0,final_answer,clean_final,942
test-0600,B,2,70.0,final_answer,clean_final,793
test-0601,B,0,4029.0,final_answer,clean_final,549
test-0601,B,1,2697930.0,final_answer,clean_final,925
test-0601,B,2,643568.0,final_answer,clean_final,925
test-0602,B,0,112.0,final_answer,clean_final,721
test-0602,B,1,-26.0,final_answer,clean_final,534
test-0602,B,2,-26.0,final_answer,clean_final,544
test-0604,B,0,1000.0,final_answer,clean_final,762
test-0604,B,1,500002.0,boxed,mid_cut,874
test-0604,B,2,708.0,final_answer,clean_final,860
test-0605,B,0,16.0,last_number,sentence_end,1536
test-0605,B,1,6.0,final_answer,clean_final,865
test-0605,B,2,0.0,last_number,sentence_end,1536
test-0608,B,0,5.0,final_answer,clean_final,1394
test-0608,B,1,2.0,final_answer,clean_final,1017
test-0608,B,2,6.0,final_answer,clean_final,910
test-0612,B,0,16.0,final_answer,clean_final,506
test-0612,B,1,22.0,final_answer,clean_final,280
test-0612,B,2,16.0,final_answer,clean_final,274
test-0614,B,0,48.0,final_answer,clean_final,265
test-0614,B,1,48.0,final_answer,clean_final,372
test-0614,B,2,48.0,final_answer,clean_final,285
test-0615,B,0,80.0,final_answer,clean_final,795
test-0615,B,1,35.0,boxed,mid_cut,1053
test-0615,B,2,50.0,final_answer,clean_final,999
test-0619,B,0,72.0,final_answer,clean_final,630
test-0619,B,1,27.0,final_answer,clean_final,748
test-0619,B,2,72.0,final_answer,clean_final,735
test-0623,B,0,792.0,final_answer,clean_final,934
test-0623,B,1,1.0,last_number,sentence_end,1536
test-0623,B,2,4.0,last_number,mid_cut,1536
test-0624,B,0,8.0,final_answer,clean_final,409
test-0624,B,1,32.0,final_answer,clean_final,491
test-0624,B,2,18.0,final_answer,clean_final,334
test-0630,B,0,0.0,final_answer,clean_final,564
test-0630,B,1,0.0,final_answer,clean_final,611
test-0630,B,2,0.0,final_answer,clean_final,614
test-0632,B,0,2.0,final_answer,clean_final,357
test-0632,B,1,512.0,final_answer,clean_final,361
test-0632,B,2,28.0,final_answer,clean_final,561
test-0636,B,0,5.0,final_answer,clean_final,173
test-0636,B,1,5.0,final_answer,clean_final,208
test-0636,B,2,5.0,final_answer,clean_final,219
test-0637,B,0,169.0,boxed,mid_cut,1125
test-0637,B,1,1369.0,last_number,mid_cut,1536
test-0637,B,2,18.0,final_answer,clean_final,940
test-0641,B,0,1400.0,final_answer,clean_final,752
test-0641,B,1,1400.0,final_answer,clean_final,477
test-0641,B,2,875.0,final_answer,clean_final,581
test-0642,B,0,180.0,boxed,mid_cut,446
test-0642,B,1,180.0,final_answer,clean_final,420
test-0642,B,2,90.0,final_answer,clean_final,379
test-0643,B,0,4560.0,final_answer,clean_final,518
test-0643,B,1,260.0,final_answer,clean_final,612
test-0643,B,2,456.0,final_answer,clean_final,389
test-0645,B,0,480.0,final_answer,clean_final,316
test-0645,B,1,480.0,final_answer,clean_final,366
test-0645,B,2,480.0,final_answer,clean_final,392
test-0646,B,0,4.0,final_answer,clean_final,548
test-0646,B,1,4.0,final_answer,clean_final,347
test-0646,B,2,4.0,final_answer,clean_final,326
test-0658,B,0,374.0,final_answer,clean_final,483
test-0658,B,1,374.0,final_answer,clean_final,354
test-0658,B,2,446.0,boxed,mid_cut,348
test-0659,B,0,565.0,final_answer,clean_final,854
test-0659,B,1,11.0,final_answer,clean_final,542
test-0659,B,2,15.0,final_answer,clean_final,411
test-0661,B,0,3.0,final_answer,clean_final,567
test-0661,B,1,3.0,final_answer,clean_final,552
test-0661,B,2,7.0,final_answer,clean_final,437
test-0663,B,0,39.0,boxed,mid_cut,948
test-0663,B,1,79.0,final_answer,clean_final,1039
test-0663,B,2,42.0,boxed,mid_cut,1410
test-0665,B,0,94.0,final_answer,clean_final,1031
test-0665,B,1,70.0,final_answer,clean_final,861
test-0665,B,2,152.0,final_answer,clean_final,695
test-0666,B,0,78.0,final_answer,clean_final,573
test-0666,B,1,78.0,boxed,sentence_end,643
test-0666,B,2,78.0,final_answer,clean_final,779
test-0667,B,0,102564.0,final_answer,clean_final,848
test-0667,B,1,104.0,final_answer,clean_final,929
test-0667,B,2,39.0,last_number,mid_cut,1536
test-0668,B,0,6.0,final_answer,clean_final,886
test-0668,B,1,3.0,final_answer,clean_final,1085
test-0668,B,2,6.0,boxed,mid_cut,878
test-0670,B,0,13.0,final_answer,clean_final,636
test-0670,B,1,12.0,final_answer,clean_final,611
test-0670,B,2,,fail,clean_final,657
test-0675,B,0,20.0,final_answer,clean_final,811
test-0675,B,1,1.0,final_answer,clean_final,900
test-0675,B,2,1.0,last_number,ends_digit,1536
test-0676,B,0,8024.0,final_answer,clean_final,563
test-0676,B,1,4012.0,final_answer,clean_final,812
test-0676,B,2,4012.0,final_answer,clean_final,834
test-0678,B,0,15.0,final_answer,clean_final,442
test-0678,B,1,12.0,final_answer,clean_final,522
test-0678,B,2,17.0,final_answer,clean_final,555
test-0680,B,0,546.0,final_answer,clean_final,234
test-0680,B,1,1092.0,final_answer,clean_final,419
test-0680,B,2,1092.0,final_answer,clean_final,516
test-0684,B,0,2.0,final_answer,clean_final,548
test-0684,B,1,2.0,final_answer,clean_final,483
test-0684,B,2,2.0,final_answer,clean_final,327
test-0686,B,0,0.0,final_answer,clean_final,1166
test-0686,B,1,4.0,boxed,sentence_end,1448
test-0686,B,2,1.0,boxed,mid_cut,1293
test-0687,B,0,9.0,final_answer,clean_final,261
test-0687,B,1,8.0,final_answer,clean_final,292
test-0687,B,2,6.0,final_answer,clean_final,282
test-0688,B,0,17.0,final_answer,clean_final,464
test-0688,B,1,16.0,final_answer,clean_final,820
test-0688,B,2,3.0,final_answer,clean_final,945
test-0689,B,0,16.0,final_answer,clean_final,752
test-0689,B,1,5.0,final_answer,clean_final,475
test-0689,B,2,15.0,final_answer,clean_final,807
test-0690,B,0,12.0,final_answer,clean_final,782
test-0690,B,1,8.0,last_number,mid_cut,1536
test-0690,B,2,0.0,final_answer,clean_final,671
test-0693,B,0,6.0,final_answer,clean_final,399
test-0693,B,1,6.0,final_answer,clean_final,448
test-0693,B,2,26.0,final_answer,clean_final,580
test-0694,B,0,12.0,final_answer,clean_final,368
test-0694,B,1,108.0,final_answer,clean_final,352
test-0694,B,2,12.0,final_answer,clean_final,511
test-0695,B,0,1.0,boxed,mid_cut,585
test-0695,B,1,0.0,final_answer,clean_final,607
test-0695,B,2,0.0,boxed,mid_cut,677
test-0698,B,0,1945.0,final_answer,clean_final,943
test-0698,B,1,1961.0,final_answer,clean_final,648
test-0698,B,2,1937.0,boxed,sentence_end,500
test-0700,B,0,1.0,boxed,mid_cut,642
test-0700,B,1,1.0,final_answer,clean_final,799
test-0700,B,2,1.0,final_answer,clean_final,534
test-0702,B,0,1.0,last_number,mid_cut,1536
test-0702,B,1,8.0,boxed,mid_cut,1136
test-0702,B,2,0.0,last_number,mid_cut,1536
test-0703,B,0,9.0,final_answer,clean_final,519
test-0703,B,1,12.0,final_answer,clean_final,547
test-0703,B,2,6.0,final_answer,clean_final,612
test-0704,B,0,24.0,final_answer,clean_final,479
test-0704,B,1,1036.0,final_answer,clean_final,704
test-0704,B,2,1036.0,final_answer,clean_final,1122
test-0708,B,0,20.0,boxed,mid_cut,721
test-0708,B,1,20.0,boxed,sentence_end,585
test-0708,B,2,20.0,boxed,sentence_end,916
test-0710,B,0,11.0,final_answer,clean_final,919
test-0710,B,1,11.0,final_answer,clean_final,476
test-0710,B,2,11.0,final_answer,clean_final,665
test-0712,B,0,699.0,boxed,mid_cut,364
test-0712,B,1,700.0,final_answer,clean_final,488
test-0712,B,2,699.0,boxed,mid_cut,544
test-0713,B,0,2015.0,final_answer,clean_final,868
test-0713,B,1,2012.0,boxed,mid_cut,887
test-0713,B,2,2014.0,final_answer,clean_final,888
test-0714,B,0,10.0,boxed,mid_cut,828
test-0714,B,1,4.0,final_answer,clean_final,393
test-0714,B,2,9.0,final_answer,clean_final,536
test-0716,B,0,19.0,final_answer,clean_final,712
test-0716,B,1,19.0,final_answer,clean_final,667
test-0716,B,2,19.0,boxed,sentence_end,633
test-0717,B,0,9.0,final_answer,clean_final,491
test-0717,B,1,5.0,final_answer,clean_final,359
test-0717,B,2,14.0,final_answer,clean_final,331
test-0720,B,0,8.0,final_answer,clean_final,220
test-0720,B,1,8.0,final_answer,clean_final,259
test-0720,B,2,8.0,final_answer,clean_final,262
test-0722,B,0,1004.0,final_answer,clean_final,763
test-0722,B,1,1004.0,final_answer,clean_final,556
test-0722,B,2,1004.0,final_answer,clean_final,870
test-0724,B,0,18.0,final_answer,clean_final,747
test-0724,B,1,26.0,final_answer,clean_final,780
test-0724,B,2,6.0,final_answer,clean_final,607
test-0726,B,0,23.0,final_answer,clean_final,839
test-0726,B,1,144.0,boxed,mid_cut,1075
test-0726,B,2,89.0,final_answer,clean_final,991
test-0727,B,0,101.0,final_answer,clean_final,538
test-0727,B,1,110.0,final_answer,clean_final,673
test-0727,B,2,111.0,final_answer,clean_final,750
test-0730,B,0,6.0,final_answer,clean_final,378
test-0730,B,1,6.0,final_answer,clean_final,440
test-0730,B,2,6.0,final_answer,clean_final,407
test-0732,B,0,17576.0,final_answer,clean_final,330
test-0732,B,1,17576.0,final_answer,clean_final,412
test-0732,B,2,676.0,final_answer,clean_final,296
test-0733,B,0,4320.0,final_answer,clean_final,622
test-0733,B,1,85.0,boxed,mid_cut,1079
test-0733,B,2,6400.0,final_answer,clean_final,957
test-0735,B,0,2.0,final_answer,clean_final,1187
test-0735,B,1,2.0,final_answer,clean_final,1026
test-0735,B,2,2.0,final_answer,clean_final,931
test-0737,B,0,8.0,final_answer,clean_final,603
test-0737,B,1,0.0,final_answer,clean_final,248
test-0737,B,2,28.0,final_answer,clean_final,572
test-0740,B,0,15.0,last_number,mid_cut,1536
test-0740,B,1,2032.0,final_answer,clean_final,926
test-0740,B,2,2027.0,final_answer,clean_final,917
test-0741,B,0,12.0,final_answer,clean_final,479
test-0741,B,1,10.0,final_answer,clean_final,986
test-0741,B,2,4.0,final_answer,clean_final,1082
test-0742,B,0,14.0,boxed,mid_cut,416
test-0742,B,1,18.0,final_answer,clean_final,814
test-0742,B,2,17.0,final_answer,clean_final,756
test-0744,B,0,750.0,final_answer,clean_final,713
test-0744,B,1,1024.0,final_answer,clean_final,650
test-0744,B,2,1024.0,final_answer,clean_final,816
test-0747,B,0,72.0,final_answer,clean_final,895
test-0747,B,1,72.0,final_answer,clean_final,905
test-0747,B,2,24.0,final_answer,clean_final,1041
test-0749,B,0,46.0,final_answer,clean_final,1290
test-0749,B,1,10.0,final_answer,clean_final,1260
test-0749,B,2,42.0,boxed,sentence_end,1273
test-0753,B,0,60.0,final_answer,clean_final,601
test-0753,B,1,60.0,final_answer,clean_final,545
test-0753,B,2,60.0,final_answer,clean_final,795
test-0754,B,0,125.0,final_answer,clean_final,479
test-0754,B,1,83.0,final_answer,clean_final,486
test-0754,B,2,83.0,final_answer,clean_final,677
test-0755,B,0,1259.0,boxed,mid_cut,1188
test-0755,B,1,3329.0,boxed,mid_cut,1025
test-0755,B,2,1379.0,final_answer,clean_final,925
test-0757,B,0,216.0,final_answer,clean_final,753
test-0757,B,1,2.0,final_answer,clean_final,1204
test-0757,B,2,2.0,final_answer,clean_final,759
test-0759,B,0,63.0,final_answer,clean_final,414
test-0759,B,1,65.0,boxed,mid_cut,792
test-0759,B,2,377.0,boxed,mid_cut,473
test-0761,B,0,7.0,last_number,mid_cut,1536
test-0761,B,1,50.0,final_answer,clean_final,778
test-0761,B,2,20.0,final_answer,clean_final,817
test-0763,B,0,81.0,final_answer,clean_final,1001
test-0763,B,1,10.0,final_answer,clean_final,1123
test-0763,B,2,10.0,final_answer,clean_final,757
test-0764,B,0,12.0,final_answer,clean_final,998
test-0764,B,1,12.0,final_answer,clean_final,777
test-0764,B,2,18.0,final_answer,clean_final,886
test-0765,B,0,265.0,final_answer,clean_final,953
test-0765,B,1,14.0,last_number,mid_cut,1536
test-0765,B,2,493.0,final_answer,clean_final,953
test-0766,B,0,900.0,final_answer,clean_final,574
test-0766,B,1,900.0,final_answer,clean_final,458
test-0766,B,2,900.0,final_answer,clean_final,747
test-0772,B,0,1.0,boxed,mid_cut,469
test-0772,B,1,4.0,final_answer,clean_final,627
test-0772,B,2,2012.0,final_answer,clean_final,643
test-0773,B,0,25.0,boxed,mid_cut,354
test-0773,B,1,25.0,final_answer,clean_final,284
test-0773,B,2,25.0,final_answer,clean_final,524
test-0776,B,0,9876543210.0,final_answer,clean_final,584
test-0776,B,1,87545.0,final_answer,clean_final,687
test-0776,B,2,87654321.0,final_answer,clean_final,722
test-0779,B,0,13.0,final_answer,clean_final,842
test-0779,B,1,43.0,final_answer,clean_final,765
test-0779,B,2,23.0,final_answer,clean_final,803
test-0781,B,0,4.0,final_answer,clean_final,831
test-0781,B,1,22.0,final_answer,clean_final,498
test-0781,B,2,26.0,final_answer,clean_final,381
test-0783,B,0,36.0,final_answer,clean_final,728
test-0783,B,1,100000000.0,boxed,mid_cut,283
test-0783,B,2,100000000.0,final_answer,clean_final,357
test-0787,B,0,15.0,final_answer,clean_final,729
test-0787,B,1,7.0,final_answer,clean_final,814
test-0787,B,2,42.0,final_answer,clean_final,818
test-0789,B,0,2488320.0,final_answer,clean_final,842
test-0789,B,1,497664.0,final_answer,clean_final,1002
test-0789,B,2,2.0,last_number,ends_digit,1536
test-0790,B,0,5.0,final_answer,clean_final,967
test-0790,B,1,8.0,final_answer,clean_final,941
test-0790,B,2,-108.0,last_number,mid_cut,1536
test-0794,B,0,2.0,boxed,mid_cut,420
test-0794,B,1,5.0,final_answer,clean_final,577
test-0794,B,2,29.0,final_answer,clean_final,793
test-0800,B,0,62.0,final_answer,clean_final,625
test-0800,B,1,2.0,final_answer,clean_final,517
test-0800,B,2,0.0,final_answer,clean_final,658
test-0801,B,0,40320.0,final_answer,clean_final,394
test-0801,B,1,5040.0,boxed,mid_cut,767
test-0801,B,2,2187.0,final_answer,clean_final,512
test-0804,B,0,9.0,final_answer,clean_final,741
test-0804,B,1,5.0,boxed,mid_cut,649
test-0804,B,2,5.0,boxed,mid_cut,1193
test-0807,B,0,99.0,final_answer,clean_final,453
test-0807,B,1,1.0,final_answer,clean_final,512
test-0807,B,2,99.0,final_answer,clean_final,450
test-0808,B,0,51.0,final_answer,clean_final,864
test-0808,B,1,10.0,boxed,mid_cut,885
test-0808,B,2,84.0,final_answer,clean_final,607
test-0809,B,0,52.0,final_answer,clean_final,873
test-0809,B,1,-16.0,boxed,mid_cut,815
test-0809,B,2,107.0,final_answer,clean_final,780
test-0811,B,0,40.0,final_answer,clean_final,394
test-0811,B,1,27.0,final_answer,clean_final,314
test-0811,B,2,40.0,final_answer,clean_final,433
test-0814,B,0,768.0,last_number,mid_cut,1536
test-0814,B,1,360.0,final_answer,clean_final,954
test-0814,B,2,5.0,last_number,mid_cut,1536
test-0817,B,0,99.0,last_number,ends_digit,1536
test-0817,B,1,32.0,last_number,ends_digit,1536
test-0817,B,2,3.0,last_number,ends_digit,1536
test-0824,B,0,2.0,final_answer,clean_final,1262
test-0824,B,1,3.0,boxed,sentence_end,1300
test-0824,B,2,4.0,final_answer,clean_final,1399
test-0827,B,0,24.0,final_answer,clean_final,648
test-0827,B,1,24.0,final_answer,clean_final,320
test-0827,B,2,24.0,final_answer,clean_final,261
test-0828,B,0,100.0,final_answer,clean_final,497
test-0828,B,1,101.0,final_answer,clean_final,419
test-0828,B,2,99.0,final_answer,clean_final,428
test-0835,B,0,1100.0,final_answer,clean_final,646
test-0835,B,1,300.0,final_answer,clean_final,576
test-0835,B,2,100.0,final_answer,clean_final,776
test-0836,B,0,11.0,final_answer,clean_final,720
test-0836,B,1,10.0,final_answer,clean_final,1023
test-0836,B,2,14.0,final_answer,clean_final,801
test-0837,B,0,340.0,final_answer,clean_final,966
test-0837,B,1,165.0,final_answer,clean_final,1087
test-0837,B,2,300.0,final_answer,clean_final,1157
test-0838,B,0,2037.0,boxed,mid_cut,721
test-0838,B,1,1989.0,final_answer,clean_final,1257
test-0838,B,2,46.0,final_answer,clean_final,703
test-0839,B,0,2211.0,final_answer,clean_final,390
test-0839,B,1,2211.0,final_answer,clean_final,718
test-0839,B,2,2211.0,final_answer,clean_final,325
test-0840,B,0,-12.0,final_answer,clean_final,1136
test-0840,B,1,2.0,final_answer,clean_final,583
test-0840,B,2,2.0,final_answer,clean_final,1198
test-0841,B,0,450.0,final_answer,clean_final,745
test-0841,B,1,7.0,boxed,sentence_end,1133
test-0841,B,2,885.0,final_answer,clean_final,533
test-0843,B,0,10.0,final_answer,clean_final,453
test-0843,B,1,18.0,boxed,mid_cut,757
test-0843,B,2,14.0,final_answer,clean_final,660
test-0845,B,0,47.0,final_answer,clean_final,742
test-0845,B,1,58.0,final_answer,clean_final,790
test-0845,B,2,48.0,final_answer,clean_final,619
test-0847,B,0,73.0,final_answer,clean_final,684
test-0847,B,1,60.0,boxed,sentence_end,676
test-0847,B,2,144.0,final_answer,clean_final,640
test-0848,B,0,11.0,last_number,mid_cut,1536
test-0848,B,1,16.0,final_answer,clean_final,636
test-0848,B,2,14.0,final_answer,clean_final,916
test-0849,B,0,41.0,final_answer,clean_final,710
test-0849,B,1,,fail,mid_cut,800
test-0849,B,2,2.0,final_answer,clean_final,761
test-0850,B,0,23.0,final_answer,clean_final,540
test-0850,B,1,34.0,final_answer,clean_final,967
test-0850,B,2,52.0,boxed,mid_cut,599
test-0852,B,0,72.0,final_answer,clean_final,460
test-0852,B,1,72.0,boxed,mid_cut,542
test-0852,B,2,72.0,final_answer,clean_final,495
test-0854,B,0,20.0,final_answer,clean_final,322
test-0854,B,1,20.0,final_answer,clean_final,305
test-0854,B,2,20.0,final_answer,clean_final,442
test-0855,B,0,6.0,final_answer,clean_final,644
test-0855,B,1,7776.0,final_answer,clean_final,725
test-0855,B,2,0.0,final_answer,clean_final,556
test-0856,B,0,3.0,final_answer,clean_final,681
test-0856,B,1,4.0,final_answer,clean_final,709
test-0856,B,2,7.0,final_answer,clean_final,1097
test-0859,B,0,161.0,final_answer,clean_final,337
test-0859,B,1,94.0,final_answer,clean_final,376
test-0859,B,2,94.0,final_answer,clean_final,324
test-0862,B,0,21.0,final_answer,clean_final,923
test-0862,B,1,2011.0,final_answer,clean_final,663
test-0862,B,2,21.0,final_answer,clean_final,717
test-0864,B,0,29.0,final_answer,clean_final,955
test-0864,B,1,27.0,final_answer,clean_final,628
test-0864,B,2,26.0,boxed,mid_cut,743
test-0865,B,0,-2.0,final_answer,clean_final,761
test-0865,B,1,-1.0,final_answer,clean_final,674
test-0865,B,2,-2.0,final_answer,clean_final,623
test-0869,B,0,13.0,final_answer,clean_final,767
test-0869,B,1,5.0,final_answer,clean_final,771
test-0869,B,2,15.0,final_answer,clean_final,1104
test-0871,B,0,1.0,boxed,sentence_end,1468
test-0871,B,1,4078020.0,final_answer,clean_final,806
test-0871,B,2,1.0,final_answer,clean_final,855
test-0877,B,0,49.0,boxed,mid_cut,633
test-0877,B,1,0.0,boxed,mid_cut,1116
test-0877,B,2,0.0,final_answer,clean_final,933
test-0878,B,0,23.0,final_answer,clean_final,682
test-0878,B,1,-1.0,last_number,ends_digit,1536
test-0878,B,2,23.0,final_answer,clean_final,522
test-0881,B,0,642.0,final_answer,clean_final,882
test-0881,B,1,420.0,final_answer,clean_final,943
test-0881,B,2,620.0,final_answer,clean_final,815
test-0882,B,0,2054245.0,boxed,mid_cut,831
test-0882,B,1,2018019.0,final_answer,clean_final,628
test-0882,B,2,4074343.0,final_answer,clean_final,742
test-0885,B,0,54.0,final_answer,clean_final,356
test-0885,B,1,-15.0,final_answer,clean_final,281
test-0885,B,2,54.0,final_answer,clean_final,254
test-0887,B,0,360.0,final_answer,clean_final,695
test-0887,B,1,540.0,final_answer,clean_final,580
test-0887,B,2,540.0,final_answer,clean_final,455
test-0889,B,0,2261.0,final_answer,clean_final,733
test-0889,B,1,587.0,final_answer,clean_final,875
test-0889,B,2,521.0,boxed,mid_cut,662
test-0891,B,0,461.0,boxed,mid_cut,588
test-0891,B,1,180.0,boxed,mid_cut,1112
test-0891,B,2,255.0,final_answer,clean_final,596
test-0892,B,0,216.0,final_answer,clean_final,921
test-0892,B,1,1000.0,final_answer,clean_final,581
test-0892,B,2,1260.0,final_answer,clean_final,764
test-0893,B,0,2000.0,boxed,sentence_end,700
test-0893,B,1,1998.0,final_answer,clean_final,347
test-0893,B,2,1999.0,final_answer,clean_final,562
test-0897,B,0,4.0,final_answer,clean_final,367
test-0897,B,1,4.0,final_answer,clean_final,537
test-0897,B,2,4.0,final_answer,clean_final,419
test-0898,B,0,8.0,boxed,sentence_end,680
test-0898,B,1,8.0,final_answer,clean_final,651
test-0898,B,2,8.0,boxed,sentence_end,726
test-0899,B,0,7200.0,final_answer,clean_final,272
test-0899,B,1,248.0,final_answer,clean_final,481
test-0899,B,2,1440.0,final_answer,clean_final,509
test-0900,B,0,167.0,boxed,mid_cut,1099
test-0900,B,1,167.0,final_answer,clean_final,1346
test-0900,B,2,2333.0,final_answer,clean_final,1300
test-0902,B,0,300.0,final_answer,clean_final,569
test-0902,B,1,300.0,final_answer,clean_final,523
test-0902,B,2,150.0,final_answer,clean_final,563
test-0905,B,0,36.0,boxed,mid_cut,377
test-0905,B,1,14.0,final_answer,clean_final,607
test-0905,B,2,,fail,clean_final,569
test-0908,B,0,15.0,final_answer,clean_final,201
test-0908,B,1,15.0,final_answer,clean_final,301
test-0908,B,2,15.0,final_answer,clean_final,279
test-0909,B,0,16.0,final_answer,clean_final,1064
test-0909,B,1,2.0,boxed,mid_cut,699
test-0909,B,2,2.0,boxed,mid_cut,906
test-0912,B,0,8104.0,final_answer,clean_final,797
test-0912,B,1,401.0,final_answer,clean_final,698
test-0912,B,2,401.0,boxed,mid_cut,700
test-0916,B,0,101.0,boxed,mid_cut,727
test-0916,B,1,10.0,final_answer,mid_cut,601
test-0916,B,2,17.0,boxed,mid_cut,928
test-0918,B,0,9.0,final_answer,clean_final,1418
test-0918,B,1,1.0,last_number,mid_cut,1536
test-0918,B,2,7.0,final_answer,clean_final,919
test-0919,B,0,7.0,last_number,mid_cut,1536
test-0919,B,1,920.0,last_number,mid_cut,1536
test-0919,B,2,1097.0,final_answer,clean_final,1251
test-0920,B,0,236696.0,boxed,mid_cut,1078
test-0920,B,1,405.0,final_answer,clean_final,721
test-0920,B,2,1620.0,final_answer,clean_final,800
test-0923,B,0,3.0,final_answer,clean_final,577
test-0923,B,1,,fail,clean_final,493
test-0923,B,2,4.0,final_answer,clean_final,413
test-0924,B,0,1002.0,final_answer,clean_final,981
test-0924,B,1,499.0,final_answer,clean_final,668
test-0924,B,2,1002.0,final_answer,clean_final,1072
test-0925,B,0,189.0,final_answer,clean_final,862
test-0925,B,1,189.0,boxed,mid_cut,814
test-0925,B,2,209.0,final_answer,clean_final,770
test-0926,B,0,16.0,final_answer,clean_final,399
test-0926,B,1,1994.0,final_answer,clean_final,504
test-0926,B,2,8.0,final_answer,clean_final,372
test-0927,B,0,90.0,boxed,sentence_end,462
test-0927,B,1,90.0,final_answer,clean_final,578
test-0927,B,2,90.0,final_answer,clean_final,551
test-0928,B,0,52.0,final_answer,clean_final,875
test-0928,B,1,52.0,final_answer,clean_final,1120
test-0928,B,2,400.0,final_answer,clean_final,1324
test-0930,B,0,1.0,boxed,sentence_end,358
test-0930,B,1,1.0,final_answer,clean_final,422
test-0930,B,2,1.0,boxed,mid_cut,321
test-0931,B,0,56.0,final_answer,clean_final,1454
test-0931,B,1,2.0,last_number,mid_cut,1536
test-0931,B,2,17.0,final_answer,clean_final,975
test-0934,B,0,21.0,final_answer,clean_final,652
test-0934,B,1,2.0,final_answer,clean_final,659
test-0934,B,2,1.0,final_answer,clean_final,710
test-0937,B,0,132.0,final_answer,clean_final,1003
test-0937,B,1,97.0,final_answer,clean_final,638
test-0937,B,2,4405.0,final_answer,clean_final,745
test-0938,B,0,12.0,final_answer,clean_final,315
test-0938,B,1,12.0,final_answer,clean_final,218
test-0938,B,2,12.0,final_answer,clean_final,299
test-0942,B,0,35184372088832.0,final_answer,clean_final,400
test-0942,B,1,1.0,final_answer,clean_final,349
test-0942,B,2,1.0,final_answer,clean_final,321
test-0944,B,0,64.0,final_answer,clean_final,904
test-0944,B,1,89.0,final_answer,clean_final,1103
test-0944,B,2,100.0,boxed,mid_cut,843
test-0946,B,0,1.0,final_answer,clean_final,604
test-0946,B,1,1.0,final_answer,clean_final,827
test-0946,B,2,4.0,final_answer,clean_final,661
test-0947,B,0,67.0,boxed,mid_cut,1120
test-0947,B,1,49.0,boxed,sentence_end,626
test-0947,B,2,342.0,final_answer,clean_final,941
test-0949,B,0,120.0,boxed,mid_cut,1256
test-0949,B,1,80.0,final_answer,clean_final,735
test-0949,B,2,80.0,final_answer,clean_final,1388
test-0950,B,0,2.0,final_answer,clean_final,1409
test-0950,B,1,9892.0,final_answer,clean_final,1019
test-0950,B,2,9980.0,last_number,mid_cut,1536
test-0951,B,0,39.0,final_answer,clean_final,238
test-0951,B,1,39.0,final_answer,clean_final,407
test-0951,B,2,63.0,final_answer,clean_final,319
test-0952,B,0,0.0,final_answer,clean_final,625
test-0952,B,1,2007.0,boxed,mid_cut,451
test-0952,B,2,2017037.0,boxed,mid_cut,581
test-0953,B,0,4020.0,boxed,mid_cut,617
test-0953,B,1,4020.0,final_answer,clean_final,712
test-0953,B,2,2016050.0,final_answer,clean_final,611
test-0954,B,0,16.0,final_answer,clean_final,298
test-0954,B,1,24.0,final_answer,clean_final,380
test-0954,B,2,48.0,final_answer,clean_final,874
test-0955,B,0,1.0,final_answer,clean_final,1010
test-0955,B,1,2.0,final_answer,clean_final,716
test-0955,B,2,6.0,final_answer,clean_final,926
test-0956,B,0,1.0,final_answer,clean_final,264
test-0956,B,1,1.0,final_answer,clean_final,355
test-0956,B,2,1.0,final_answer,clean_final,331
test-0958,B,0,6.0,final_answer,clean_final,317
test-0958,B,1,6.0,final_answer,clean_final,310
test-0958,B,2,11.0,final_answer,clean_final,179
test-0960,B,0,33.0,final_answer,clean_final,756
test-0960,B,1,54.0,final_answer,clean_final,627
test-0960,B,2,38.0,final_answer,clean_final,655
test-0961,B,0,4.0,boxed,sentence_end,783
test-0961,B,1,4.0,boxed,sentence_end,720
test-0961,B,2,1.0,last_number,mid_cut,1536
test-0966,B,0,824464.0,final_answer,clean_final,671
test-0966,B,1,1816.0,final_answer,clean_final,676
test-0966,B,2,2724.0,final_answer,clean_final,583
test-0968,B,0,1560.0,final_answer,clean_final,969
test-0968,B,1,49886.0,final_answer,clean_final,888
test-0968,B,2,602.0,final_answer,clean_final,746
test-0969,B,0,667.0,final_answer,clean_final,622
test-0969,B,1,2003.0,final_answer,clean_final,960
test-0969,B,2,1337.0,final_answer,clean_final,547
test-0970,B,0,1.0,boxed,mid_cut,1064
test-0970,B,1,2.0,last_number,mid_cut,1138
test-0970,B,2,2.0,final_answer,sentence_end,854
test-0973,B,0,454.0,final_answer,clean_final,568
test-0973,B,1,1174.0,final_answer,clean_final,1144
test-0973,B,2,1550.0,boxed,mid_cut,763
test-0974,B,0,17.0,final_answer,clean_final,698
test-0974,B,1,63.0,final_answer,clean_final,813
test-0974,B,2,61.0,final_answer,clean_final,612
test-0975,B,0,7712.0,boxed,mid_cut,1116
test-0975,B,1,1.0,final_answer,clean_final,1048
test-0975,B,2,45.0,final_answer,clean_final,982
test-0976,B,0,54.0,final_answer,clean_final,291
test-0976,B,1,54.0,final_answer,clean_final,264
test-0976,B,2,54.0,final_answer,clean_final,347
test-0979,B,0,2999.0,final_answer,clean_final,897
test-0979,B,1,1100999.0,boxed,mid_cut,606
test-0979,B,2,5809.0,final_answer,clean_final,776
test-0981,B,0,4.0,final_answer,clean_final,579
test-0981,B,1,10.0,final_answer,clean_final,1255
test-0981,B,2,4.0,final_answer,clean_final,538
test-0982,B,0,17.0,final_answer,clean_final,293
test-0982,B,1,17.0,final_answer,clean_final,530
test-0982,B,2,17.0,final_answer,clean_final,427
test-0986,B,0,48.0,final_answer,clean_final,484
test-0986,B,1,48.0,final_answer,clean_final,324
test-0986,B,2,48.0,final_answer,clean_final,488
test-0989,B,0,157891.0,last_number,sentence_end,1536
test-0989,B,1,0.0,final_answer,clean_final,1500
test-0989,B,2,3.0,boxed,mid_cut,672
test-0999,B,0,0.0,final_answer,clean_final,604
test-0999,B,1,1.0,final_answer,clean_final,1262
test-0999,B,2,1.0,boxed,mid_cut,975
test-1002,B,0,85.0,boxed,sentence_end,1075
test-1002,B,1,82.0,final_answer,clean_final,894
test-1002,B,2,130.0,final_answer,clean_final,700
test-1005,B,0,0.0,final_answer,clean_final,660
test-1005,B,1,28.0,boxed,mid_cut,444
test-1005,B,2,3.0,boxed,mid_cut,1013
test-1008,B,0,15.0,boxed,sentence_end,553
test-1008,B,1,-41.0,final_answer,clean_final,665
test-1008,B,2,41.0,boxed,sentence_end,490
test-1009,B,0,58.0,boxed,mid_cut,1047
test-1009,B,1,4.0,final_answer,clean_final,530
test-1009,B,2,2.0,last_number,mid_cut,1536
test-1013,B,0,2.0,final_answer,clean_final,460
test-1013,B,1,80.0,boxed,mid_cut,667
test-1013,B,2,1.0,final_answer,clean_final,270
test-1018,B,0,0.0,final_answer,clean_final,234
test-1018,B,1,1.0,final_answer,clean_final,229
test-1018,B,2,0.0,final_answer,clean_final,263
test-1027,B,0,380.0,final_answer,clean_final,239
test-1027,B,1,380.0,final_answer,clean_final,704
test-1027,B,2,380.0,final_answer,clean_final,293
test-1028,B,0,2.0,final_answer,clean_final,1369
test-1028,B,1,8.0,final_answer,clean_final,1415
test-1028,B,2,2.0,final_answer,clean_final,1163
test-1029,B,0,8.0,final_answer,clean_final,203
test-1029,B,1,8.0,final_answer,clean_final,224
test-1029,B,2,8.0,final_answer,clean_final,288
test-1030,B,0,6.0,final_answer,clean_final,735
test-1030,B,1,4.0,final_answer,clean_final,1308
test-1030,B,2,2.0,boxed,mid_cut,1147
test-1032,B,0,210.0,final_answer,clean_final,394
test-1032,B,1,210.0,final_answer,clean_final,464
test-1032,B,2,30.0,final_answer,clean_final,345
test-1034,B,0,36.0,boxed,sentence_end,1057
test-1034,B,1,10.0,final_answer,clean_final,562
test-1034,B,2,10.0,boxed,mid_cut,729
test-1036,B,0,322.0,boxed,mid_cut,833
test-1036,B,1,322.0,final_answer,clean_final,810
test-1036,B,2,322.0,final_answer,clean_final,755
test-1037,B,0,16.0,final_answer,clean_final,1232
test-1037,B,1,16.0,final_answer,clean_final,728
test-1037,B,2,16.0,final_answer,clean_final,532
test-1038,B,0,463.0,final_answer,clean_final,846
test-1038,B,1,2315.0,final_answer,clean_final,752
test-1038,B,2,373.0,final_answer,clean_final,935
test-1039,B,0,30.0,final_answer,clean_final,795
test-1039,B,1,180.0,final_answer,clean_final,712
test-1039,B,2,3180.0,final_answer,clean_final,898
test-1042,B,0,-3.0,final_answer,clean_final,848
test-1042,B,1,3.0,final_answer,clean_final,731
test-1042,B,2,3.0,final_answer,clean_final,829
test-1043,B,0,112.0,final_answer,clean_final,451
test-1043,B,1,112.0,final_answer,clean_final,395
test-1043,B,2,112.0,final_answer,clean_final,629
test-1044,B,0,88.0,final_answer,clean_final,171
test-1044,B,1,88.0,final_answer,clean_final,302
test-1044,B,2,88.0,final_answer,clean_final,219
test-1047,B,0,1120.0,final_answer,clean_final,723
test-1047,B,1,1610.0,final_answer,clean_final,1154
test-1047,B,2,1260.0,final_answer,clean_final,686
test-1048,B,0,6.0,final_answer,clean_final,375
test-1048,B,1,6.0,final_answer,clean_final,588
test-1048,B,2,6.0,final_answer,clean_final,213
test-1052,B,0,7.0,final_answer,clean_final,479
test-1052,B,1,4.0,final_answer,clean_final,393
test-1052,B,2,5.0,final_answer,clean_final,360
test-1055,B,0,13.0,final_answer,clean_final,853
test-1055,B,1,5.0,final_answer,clean_final,1165
test-1055,B,2,7.0,final_answer,clean_final,637
test-1056,B,0,5.0,final_answer,clean_final,524
test-1056,B,1,5.0,final_answer,clean_final,247
test-1056,B,2,1.0,final_answer,clean_final,1153
test-1058,B,0,4.0,boxed,sentence_end,1332
test-1058,B,1,4.0,final_answer,clean_final,730
test-1058,B,2,3.0,boxed,sentence_end,680
test-1059,B,0,753.0,boxed,mid_cut,665
test-1059,B,1,753.0,final_answer,clean_final,392
test-1059,B,2,753.0,boxed,mid_cut,415
test-1060,B,0,3.0,final_answer,clean_final,714
test-1060,B,1,1.0,final_answer,clean_final,812
test-1060,B,2,1.0,final_answer,clean_final,716
test-1061,B,0,18432.0,boxed,mid_cut,1501
test-1061,B,1,-3936.0,final_answer,clean_final,1411
test-1061,B,2,-2412.0,final_answer,clean_final,1343
test-1062,B,0,153.0,final_answer,clean_final,477
test-1062,B,1,153.0,final_answer,clean_final,457
test-1062,B,2,153.0,final_answer,clean_final,314
test-1063,B,0,50.0,final_answer,clean_final,1418
test-1063,B,1,400.0,final_answer,clean_final,1304
test-1063,B,2,792.0,boxed,sentence_end,1418
test-1065,B,0,5422.0,last_number,mid_cut,1536
test-1065,B,1,9.0,final_answer,clean_final,1417
test-1065,B,2,1.0,final_answer,clean_final,1222
test-1067,B,0,13.0,final_answer,clean_final,868
test-1067,B,1,44.0,boxed,mid_cut,522
test-1067,B,2,105.0,final_answer,clean_final,941
test-1069,B,0,31.0,final_answer,clean_final,733
test-1069,B,1,10.0,answer_is,mid_cut,530
test-1069,B,2,6.0,final_answer,clean_final,635
test-1074,B,0,21.0,final_answer,clean_final,454
test-1074,B,1,21.0,final_answer,clean_final,503
test-1074,B,2,31.0,final_answer,clean_final,971
test-1075,B,0,169.0,boxed,mid_cut,630
test-1075,B,1,5.0,boxed,mid_cut,567
test-1075,B,2,5.0,boxed,mid_cut,361
test-1076,B,0,4.0,final_answer,clean_final,576
test-1076,B,1,4.0,final_answer,clean_final,1042
test-1076,B,2,4.0,final_answer,clean_final,414
test-1077,B,0,367.0,final_answer,clean_final,685
test-1077,B,1,500.0,final_answer,clean_final,772
test-1077,B,2,246.0,final_answer,clean_final,588
test-1078,B,0,2.0,final_answer,clean_final,1024
test-1078,B,1,0.0,last_number,sentence_end,1536
test-1078,B,2,20.0,final_answer,clean_final,616
test-1079,B,0,100.0,boxed,mid_cut,606
test-1079,B,1,120.0,boxed,mid_cut,922
test-1079,B,2,90.0,final_answer,clean_final,512
test-1085,B,0,1000.0,final_answer,clean_final,697
test-1085,B,1,2.0,final_answer,clean_final,647
test-1085,B,2,78.0,final_answer,clean_final,831
test-1086,B,0,4.0,final_answer,clean_final,590
test-1086,B,1,4.0,final_answer,clean_final,583
test-1086,B,2,4.0,final_answer,clean_final,295
test-1090,B,0,123.0,final_answer,clean_final,661
test-1090,B,1,,fail,clean_final,698
test-1090,B,2,61.0,final_answer,clean_final,542
test-1092,B,0,3028.0,final_answer,clean_final,1514
test-1092,B,1,2021.0,boxed,mid_cut,871
test-1092,B,2,2021.0,boxed,mid_cut,1127
test-1093,B,0,17.0,final_answer,clean_final,642
test-1093,B,1,18.0,final_answer,clean_final,590
test-1093,B,2,17.0,final_answer,clean_final,681
test-1096,B,0,20.0,final_answer,clean_final,183
test-1096,B,1,3.0,final_answer,clean_final,326
test-1096,B,2,20.0,final_answer,clean_final,245
test-1097,B,0,4.0,final_answer,clean_final,607
test-1097,B,1,4.0,final_answer,clean_final,408
test-1097,B,2,4.0,final_answer,clean_final,645
test-1098,B,0,25.0,final_answer,clean_final,303
test-1098,B,1,30.0,final_answer,clean_final,487
test-1098,B,2,25.0,final_answer,clean_final,312
test-1099,B,0,25.0,final_answer,clean_final,246
test-1099,B,1,25.0,final_answer,clean_final,358
test-1099,B,2,25.0,final_answer,clean_final,284
test-1100,B,0,2601.0,final_answer,clean_final,612
test-1100,B,1,2601.0,final_answer,clean_final,548
test-1100,B,2,2601.0,final_answer,clean_final,983
test-1101,B,0,28.0,boxed,mid_cut,1313
test-1101,B,1,23.0,boxed,mid_cut,1163
test-1101,B,2,26.0,boxed,mid_cut,837
test-1103,B,0,80.0,final_answer,clean_final,381
test-1103,B,1,40.0,final_answer,clean_final,379
test-1103,B,2,464.0,final_answer,clean_final,577
test-1105,B,0,5.0,final_answer,clean_final,767
test-1105,B,1,5.0,final_answer,clean_final,978
test-1105,B,2,5.0,final_answer,clean_final,976
test-1106,B,0,3.0,final_answer,clean_final,900
test-1106,B,1,2.0,boxed,mid_cut,788
test-1106,B,2,2.0,final_answer,sentence_end,911
test-1108,B,0,14.0,final_answer,mid_cut,1031
test-1108,B,1,4.0,final_answer,clean_final,889
test-1108,B,2,4.0,boxed,mid_cut,1007
test-1109,B,0,15.0,final_answer,clean_final,823
test-1109,B,1,90.0,final_answer,clean_final,775
test-1109,B,2,180.0,final_answer,clean_final,652
test-1110,B,0,443.0,boxed,sentence_end,982
test-1110,B,1,135.0,final_answer,clean_final,630
test-1110,B,2,491.0,final_answer,clean_final,1060
test-1111,B,0,12.0,final_answer,mid_cut,872
test-1111,B,1,12.0,final_answer,mid_cut,727
test-1111,B,2,2.0,final_answer,clean_final,641
test-1113,B,0,100.0,final_answer,clean_final,750
test-1113,B,1,144.0,final_answer,clean_final,501
test-1113,B,2,196.0,boxed,mid_cut,399
test-1116,B,0,401.0,final_answer,clean_final,567
test-1116,B,1,401.0,final_answer,clean_final,734
test-1116,B,2,401.0,final_answer,clean_final,447
test-1118,B,0,9.0,last_number,ends_digit,1536
test-1118,B,1,34.0,final_answer,clean_final,1197
test-1118,B,2,8.0,final_answer,clean_final,840
test-1120,B,0,10.0,final_answer,clean_final,594
test-1120,B,1,4.0,final_answer,clean_final,215
test-1120,B,2,4.0,final_answer,clean_final,317
test-1123,B,0,144.0,final_answer,clean_final,556
test-1123,B,1,108.0,final_answer,clean_final,769
test-1123,B,2,37.0,final_answer,clean_final,843
test-1128,B,0,30.0,final_answer,clean_final,360
test-1128,B,1,30.0,final_answer,clean_final,428
test-1128,B,2,30.0,final_answer,clean_final,360
test-1129,B,0,15.0,boxed,mid_cut,1192
test-1129,B,1,252.0,boxed,mid_cut,1249
test-1129,B,2,104.0,final_answer,clean_final,1135
test-1130,B,0,24.0,final_answer,clean_final,210
test-1130,B,1,24.0,final_answer,clean_final,499
test-1130,B,2,24.0,final_answer,clean_final,428
test-1132,B,0,99.0,final_answer,clean_final,830
test-1132,B,1,42.0,final_answer,clean_final,516
test-1132,B,2,77.0,final_answer,clean_final,921
test-1135,B,0,5.0,final_answer,clean_final,477
test-1135,B,1,,fail,clean_final,283
test-1135,B,2,,fail,clean_final,418
test-1136,B,0,900.0,final_answer,clean_final,752
test-1136,B,1,900.0,final_answer,clean_final,838
test-1136,B,2,600.0,final_answer,clean_final,638
test-1138,B,0,451236.0,final_answer,clean_final,877
test-1138,B,1,635412.0,final_answer,clean_final,923
test-1138,B,2,4561235.0,final_answer,clean_final,448
test-1143,B,0,13.0,final_answer,clean_final,1405
test-1143,B,1,16.0,final_answer,clean_final,1366
test-1143,B,2,36960.0,last_number,mid_cut,1536
test-1145,B,0,7200.0,final_answer,clean_final,539
test-1145,B,1,4320.0,final_answer,clean_final,530
test-1145,B,2,4320.0,final_answer,clean_final,634
test-1146,B,0,9.0,final_answer,clean_final,1006
test-1146,B,1,11.0,final_answer,clean_final,652
test-1146,B,2,11.0,final_answer,clean_final,728
test-1147,B,0,1609.0,final_answer,clean_final,431
test-1147,B,1,1625.0,boxed,mid_cut,534
test-1147,B,2,103.0,boxed,mid_cut,664
test-1148,B,0,60.0,final_answer,clean_final,430
test-1148,B,1,60.0,final_answer,clean_final,210
test-1148,B,2,600.0,final_answer,clean_final,457
test-1149,B,0,30.0,final_answer,clean_final,622
test-1149,B,1,30.0,boxed,mid_cut,601
test-1149,B,2,12.0,final_answer,clean_final,695
test-1153,B,0,72.0,boxed,mid_cut,457
test-1153,B,1,72.0,final_answer,clean_final,536
test-1153,B,2,24.0,final_answer,clean_final,353
test-1161,B,0,8437.0,boxed,mid_cut,527
test-1161,B,1,2862.0,boxed,mid_cut,655
test-1161,B,2,1233.0,final_answer,clean_final,740
test-1162,B,0,480.0,boxed,mid_cut,660
test-1162,B,1,480.0,boxed,mid_cut,748
test-1162,B,2,740.0,boxed,sentence_end,963
test-1164,B,0,21.0,final_answer,clean_final,479
test-1164,B,1,15.0,final_answer,clean_final,494
test-1164,B,2,24.0,final_answer,clean_final,236
test-1167,B,0,3.0,final_answer,clean_final,947
test-1167,B,1,3.0,boxed,mid_cut,1250
test-1167,B,2,3.0,final_answer,clean_final,836
test-1169,B,0,80.0,final_answer,clean_final,774
test-1169,B,1,128.0,final_answer,clean_final,657
test-1169,B,2,224.0,boxed,mid_cut,503
test-1170,B,0,1680.0,final_answer,clean_final,1177
test-1170,B,1,1040.0,final_answer,clean_final,601
test-1170,B,2,1547.0,final_answer,clean_final,1148
test-1171,B,0,17.0,final_answer,clean_final,801
test-1171,B,1,96.0,final_answer,clean_final,882
test-1171,B,2,13.0,final_answer,clean_final,987
test-1173,B,0,9.0,final_answer,clean_final,352
test-1173,B,1,10.0,final_answer,clean_final,302
test-1173,B,2,9.0,final_answer,clean_final,314
test-1174,B,0,220.0,final_answer,clean_final,178
test-1174,B,1,5.0,final_answer,clean_final,444
test-1174,B,2,20.0,final_answer,clean_final,379
test-1176,B,0,4.0,last_number,clean_final,876
test-1176,B,1,22.0,final_answer,clean_final,788
test-1176,B,2,13.0,boxed,sentence_end,728
test-1177,B,0,180.0,final_answer,clean_final,1035
test-1177,B,1,270.0,final_answer,clean_final,707
test-1177,B,2,360.0,final_answer,clean_final,551
test-1178,B,0,3.0,final_answer,clean_final,1164
test-1178,B,1,5.0,final_answer,clean_final,883
test-1178,B,2,6.0,final_answer,clean_final,1016
test-1181,B,0,,fail,clean_final,582
test-1181,B,1,100.0,final_answer,clean_final,1152
test-1181,B,2,71.0,final_answer,clean_final,1300
test-1183,B,0,356.0,boxed,mid_cut,1256
test-1183,B,1,808.0,boxed,mid_cut,1206
test-1183,B,2,872.0,final_answer,clean_final,1324
test-1186,B,0,360.0,final_answer,clean_final,442
test-1186,B,1,360.0,final_answer,clean_final,507
test-1186,B,2,360.0,final_answer,clean_final,429
test-1187,B,0,75.0,final_answer,clean_final,434
test-1187,B,1,75.0,final_answer,clean_final,392
test-1187,B,2,149.0,final_answer,clean_final,436
test-1188,B,0,,fail,mid_cut,827
test-1188,B,1,80.0,last_number,clean_final,686
test-1188,B,2,45.0,boxed,sentence_end,772
test-1189,B,0,2.0,boxed,mid_cut,650
test-1189,B,1,6.0,final_answer,clean_final,653
test-1189,B,2,5.0,boxed,sentence_end,978
test-1190,B,0,65.0,final_answer,clean_final,610
test-1190,B,1,60.0,final_answer,clean_final,1187
test-1190,B,2,65.0,final_answer,clean_final,727
test-1194,B,0,496.0,final_answer,clean_final,637
test-1194,B,1,26.0,last_number,ends_digit,1536
test-1194,B,2,961.0,final_answer,clean_final,645
test-1196,B,0,9.0,final_answer,clean_final,374
test-1196,B,1,9.0,final_answer,clean_final,512
test-1196,B,2,9.0,last_number,sentence_end,540
test-1199,B,0,50.0,final_answer,clean_final,844
test-1199,B,1,40.0,final_answer,clean_final,859
test-1199,B,2,50.0,final_answer,clean_final,906
test-1200,B,0,1167.0,boxed,sentence_end,816
test-1200,B,1,201.0,final_answer,clean_final,818
test-1200,B,2,401.0,final_answer,clean_final,945
test-1201,B,0,300.0,final_answer,clean_final,569
test-1201,B,1,96.0,final_answer,clean_final,593
test-1201,B,2,234.0,final_answer,clean_final,607
test-1202,B,0,2.0,final_answer,clean_final,664
test-1202,B,1,0.0,final_answer,clean_final,764
test-1202,B,2,1152.0,final_answer,clean_final,789
test-1203,B,0,648.0,final_answer,clean_final,613
test-1203,B,1,7.0,last_number,ends_digit,1536
test-1203,B,2,1.0,boxed,mid_cut,488
test-1204,B,0,75.0,final_answer,clean_final,1036
test-1204,B,1,2.0,last_number,ends_digit,1536
test-1204,B,2,576.0,final_answer,clean_final,1048
test-1205,B,0,720.0,final_answer,clean_final,592
test-1205,B,1,55.0,final_answer,clean_final,308
test-1205,B,2,864.0,final_answer,clean_final,467
test-1206,B,0,101.0,final_answer,clean_final,747
test-1206,B,1,71.0,final_answer,clean_final,853
test-1206,B,2,30.0,final_answer,clean_final,1445
test-1209,B,0,1183.0,boxed,mid_cut,918
test-1209,B,1,18.0,final_answer,clean_final,554
test-1209,B,2,144.0,final_answer,clean_final,503
test-1212,B,0,2005.0,final_answer,clean_final,705
test-1212,B,1,169.0,final_answer,clean_final,782
test-1212,B,2,2511.0,final_answer,clean_final,861
test-1214,B,0,9.0,final_answer,clean_final,334
test-1214,B,1,9.0,boxed,sentence_end,597
test-1214,B,2,9.0,final_answer,clean_final,668
test-1216,B,0,55.0,final_answer,clean_final,974
test-1216,B,1,47.0,final_answer,clean_final,1198
test-1216,B,2,5.0,boxed,mid_cut,425
test-1221,B,0,0.0,final_answer,clean_final,423
test-1221,B,1,0.0,final_answer,clean_final,607
test-1221,B,2,1.0,final_answer,clean_final,428
test-1222,B,0,63.0,final_answer,clean_final,573
test-1222,B,1,11.0,final_answer,clean_final,691
test-1222,B,2,22.0,final_answer,clean_final,665
test-1226,B,0,80.0,final_answer,clean_final,299
test-1226,B,1,80.0,final_answer,clean_final,404
test-1226,B,2,80.0,final_answer,clean_final,300
test-1228,B,0,6169.0,final_answer,clean_final,1024
test-1228,B,1,25889.0,final_answer,clean_final,1097
test-1228,B,2,203804.0,final_answer,clean_final,1263
test-1229,B,0,24.0,final_answer,clean_final,775
test-1229,B,1,1000.0,final_answer,clean_final,701
test-1229,B,2,887.0,final_answer,clean_final,570
test-1230,B,0,228.0,final_answer,clean_final,912
test-1230,B,1,408.0,boxed,sentence_end,437
test-1230,B,2,368.0,final_answer,clean_final,1052
test-1232,B,0,39.0,final_answer,clean_final,1284
test-1232,B,1,0.0,final_answer,clean_final,1033
test-1232,B,2,5.0,final_answer,clean_final,1344
test-1235,B,0,-9.0,final_answer,clean_final,746
test-1235,B,1,11.0,last_number,ends_digit,1536
test-1235,B,2,-12.0,boxed,sentence_end,1096
test-1237,B,0,2.0,final_answer,clean_final,870
test-1237,B,1,8.0,boxed,mid_cut,928
test-1237,B,2,6.0,final_answer,clean_final,738
test-1240,B,0,1411.0,final_answer,clean_final,860
test-1240,B,1,1411.0,final_answer,clean_final,633
test-1240,B,2,565.0,final_answer,clean_final,955
test-1242,B,0,102.0,final_answer,clean_final,1222
test-1242,B,1,60.0,final_answer,clean_final,1086
test-1242,B,2,177.0,boxed,mid_cut,822
test-1244,B,0,1.0,last_number,ends_digit,1536
test-1244,B,1,20.0,final_answer,clean_final,672
test-1244,B,2,20.0,final_answer,clean_final,816
test-1247,B,0,15.0,final_answer,clean_final,232
test-1247,B,1,12.0,final_answer,clean_final,175
test-1247,B,2,20.0,final_answer,clean_final,243
test-1250,B,0,8.0,final_answer,clean_final,497
test-1250,B,1,2.0,final_answer,clean_final,609
test-1250,B,2,8.0,final_answer,clean_final,415
test-1252,B,0,205.0,final_answer,clean_final,479
test-1252,B,1,41.0,final_answer,clean_final,410
test-1252,B,2,174.0,boxed,sentence_end,724
test-1254,B,0,350.0,final_answer,clean_final,266
test-1254,B,1,350.0,final_answer,clean_final,373
test-1254,B,2,0.0,final_answer,clean_final,473
test-1255,B,0,1.0,final_answer,clean_final,803
test-1255,B,1,1.0,boxed,mid_cut,822
test-1255,B,2,305.0,final_answer,clean_final,953
test-1257,B,0,1.0,final_answer,clean_final,548
test-1257,B,1,2.0,final_answer,clean_final,1061
test-1257,B,2,4.0,final_answer,clean_final,1107
test-1258,B,0,122.0,boxed,mid_cut,812
test-1258,B,1,4.0,boxed,mid_cut,994
test-1258,B,2,5.0,final_answer,clean_final,345
test-1260,B,0,190.0,boxed,mid_cut,1178
test-1260,B,1,204.0,final_answer,clean_final,1127
test-1260,B,2,636.0,final_answer,clean_final,998
test-1261,B,0,7.0,boxed,mid_cut,1126
test-1261,B,1,311.0,final_answer,clean_final,1261
test-1261,B,2,46.0,final_answer,clean_final,1115
test-1263,B,0,179.0,final_answer,clean_final,525
test-1263,B,1,179.0,final_answer,clean_final,780
test-1263,B,2,179.0,final_answer,clean_final,812
test-1264,B,0,256.0,final_answer,clean_final,975
test-1264,B,1,1023.0,final_answer,clean_final,1065
test-1264,B,2,7260.0,last_number,mid_cut,1536
test-1267,B,0,441.0,boxed,mid_cut,932
test-1267,B,1,240.0,final_answer,clean_final,859
test-1267,B,2,300.0,final_answer,clean_final,905
test-1268,B,0,15.0,final_answer,clean_final,699
test-1268,B,1,22.0,final_answer,clean_final,656
test-1268,B,2,8.0,final_answer,clean_final,999
test-1270,B,0,1600.0,final_answer,clean_final,822
test-1270,B,1,1600.0,final_answer,clean_final,604
test-1270,B,2,1600.0,final_answer,clean_final,753
test-1272,B,0,1.0,last_number,mid_cut,1536
test-1272,B,1,0.0,boxed,mid_cut,1298
test-1272,B,2,-2002.0,boxed,mid_cut,1133
test-1273,B,0,2601404.0,boxed,mid_cut,750
test-1273,B,1,663.0,last_number,mid_cut,1536
test-1273,B,2,169401.0,boxed,mid_cut,584
test-1275,B,0,1.0,final_answer,clean_final,974
test-1275,B,1,1.0,final_answer,clean_final,1331
test-1275,B,2,2.0,last_number,mid_cut,1536
test-1278,B,0,1009.0,final_answer,clean_final,908
test-1278,B,1,1.0,boxed,mid_cut,806
test-1278,B,2,17.0,boxed,sentence_end,1359
test-1280,B,0,22.0,boxed,mid_cut,869
test-1280,B,1,7.0,boxed,mid_cut,1049
test-1280,B,2,17.0,final_answer,clean_final,865
test-1282,B,0,100.0,final_answer,mid_cut,804
test-1282,B,1,1.0,boxed,mid_cut,830
test-1282,B,2,18150.0,final_answer,clean_final,767
test-1283,B,0,9.0,final_answer,clean_final,1120
test-1283,B,1,0.0,final_answer,clean_final,557
test-1283,B,2,9.0,final_answer,clean_final,937
test-1284,B,0,33.0,boxed,mid_cut,492
test-1284,B,1,2.0,final_answer,clean_final,981
test-1284,B,2,3.0,boxed,mid_cut,787
test-1285,B,0,145.0,final_answer,clean_final,1398
test-1285,B,1,2184.0,final_answer,clean_final,1259
test-1285,B,2,21.0,last_number,ends_digit,1536
test-1286,B,0,1007.0,final_answer,clean_final,315
test-1286,B,1,1008.0,final_answer,clean_final,446
test-1286,B,2,671.0,final_answer,clean_final,625
test-1288,B,0,9.0,final_answer,clean_final,205
test-1288,B,1,10.0,final_answer,clean_final,386
test-1288,B,2,10.0,final_answer,clean_final,551
test-1291,B,0,18000.0,final_answer,clean_final,452
test-1291,B,1,1800.0,final_answer,clean_final,592
test-1291,B,2,1333.0,final_answer,clean_final,718
test-1296,B,0,29.0,final_answer,clean_final,303
test-1296,B,1,50.0,final_answer,clean_final,258
test-1296,B,2,50.0,final_answer,clean_final,286
test-1298,B,0,306.0,final_answer,clean_final,348
test-1298,B,1,306.0,final_answer,clean_final,426
test-1298,B,2,286.0,boxed,mid_cut,383
test-1302,B,0,10001.0,final_answer,clean_final,678
test-1302,B,1,101.0,boxed,mid_cut,520
test-1302,B,2,10001.0,final_answer,clean_final,590
test-1303,B,0,144.0,final_answer,clean_final,853
test-1303,B,1,41.0,boxed,sentence_end,1149
test-1303,B,2,44.0,final_answer,clean_final,699
test-1306,B,0,1.0,final_answer,clean_final,822
test-1306,B,1,1.0,final_answer,clean_final,726
test-1306,B,2,1.0,final_answer,clean_final,812
test-1307,B,0,3.0,final_answer,clean_final,561
test-1307,B,1,25.0,final_answer,clean_final,1103
test-1307,B,2,42.0,final_answer,clean_final,639
test-1309,B,0,12.0,final_answer,clean_final,732
test-1309,B,1,8.0,final_answer,clean_final,585
test-1309,B,2,,fail,mid_cut,777
test-1310,B,0,18793.0,boxed,mid_cut,1470
test-1310,B,1,15789.0,boxed,mid_cut,1422
test-1310,B,2,76132.0,boxed,mid_cut,1162
test-1311,B,0,29.0,final_answer,mid_cut,675
test-1311,B,1,2.0,final_answer,clean_final,729
test-1311,B,2,8.0,final_answer,clean_final,1009
test-1312,B,0,176.0,boxed,mid_cut,954
test-1312,B,1,74.0,final_answer,clean_final,564
test-1312,B,2,74.0,boxed,mid_cut,556
test-1315,B,0,2017.0,final_answer,clean_final,498
test-1315,B,1,2017.0,final_answer,clean_final,393
test-1315,B,2,2035153.0,final_answer,clean_final,461
test-1316,B,0,12.0,boxed,sentence_end,478
test-1316,B,1,14.0,final_answer,clean_final,394
test-1316,B,2,15.0,boxed,sentence_end,336
test-1317,B,0,150.0,final_answer,clean_final,459
test-1317,B,1,200.0,final_answer,clean_final,507
test-1317,B,2,70.0,final_answer,clean_final,516
test-1318,B,0,-2.0,final_answer,clean_final,577
test-1318,B,1,-2.0,boxed,mid_cut,647
test-1318,B,2,-2.0,boxed,mid_cut,641
test-1320,B,0,10001.0,final_answer,clean_final,925
test-1320,B,1,10001.0,final_answer,clean_final,1117
test-1320,B,2,10008.0,final_answer,clean_final,1215
test-1326,B,0,325.0,final_answer,clean_final,517
test-1326,B,1,650.0,final_answer,clean_final,649
test-1326,B,2,145.0,final_answer,clean_final,968
test-1328,B,0,108.0,final_answer,clean_final,1053
test-1328,B,1,1296.0,final_answer,clean_final,884
test-1328,B,2,864.0,final_answer,clean_final,962
test-1330,B,0,407146.0,final_answer,clean_final,642
test-1330,B,1,375176.0,final_answer,clean_final,1118
test-1330,B,2,326432.0,final_answer,clean_final,781
test-1332,B,0,24310.0,boxed,mid_cut,731
test-1332,B,1,18301.0,boxed,mid_cut,674
test-1332,B,2,441.0,boxed,sentence_end,798
test-1333,B,0,78.0,final_answer,clean_final,171
test-1333,B,1,78.0,final_answer,clean_final,180
test-1333,B,2,69.0,final_answer,clean_final,230
test-1336,B,0,762.0,boxed,mid_cut,506
test-1336,B,1,254.0,final_answer,clean_final,641
test-1336,B,2,762.0,final_answer,clean_final,545
test-1337,B,0,8119.0,final_answer,clean_final,896
test-1337,B,1,4913.0,final_answer,clean_final,822
test-1337,B,2,39.0,final_answer,clean_final,885
test-1338,B,0,1009.0,boxed,mid_cut,787
test-1338,B,1,1009.0,final_answer,clean_final,685
test-1338,B,2,1009.0,final_answer,clean_final,750
test-1340,B,0,1360.0,boxed,sentence_end,860
test-1340,B,1,120.0,boxed,sentence_end,873
test-1340,B,2,60.0,final_answer,clean_final,646
test-1341,B,0,32.0,final_answer,clean_final,345
test-1341,B,1,32.0,boxed,sentence_end,320
test-1341,B,2,32.0,final_answer,clean_final,336
test-1343,B,0,6.0,final_answer,clean_final,274
test-1343,B,1,6.0,final_answer,clean_final,369
test-1343,B,2,6.0,final_answer,clean_final,394
test-1346,B,0,212.0,boxed,mid_cut,629
test-1346,B,1,40.0,final_answer,clean_final,1187
test-1346,B,2,178.0,final_answer,clean_final,1134
test-1348,B,0,50.0,final_answer,clean_final,387
test-1348,B,1,50.0,final_answer,clean_final,372
test-1348,B,2,50.0,final_answer,clean_final,365
test-1350,B,0,30.0,final_answer,clean_final,653
test-1350,B,1,0.0,final_answer,clean_final,483
test-1350,B,2,24.0,final_answer,clean_final,683
test-1354,B,0,1172.0,final_answer,clean_final,368
test-1354,B,1,1172.0,final_answer,clean_final,367
test-1354,B,2,1172.0,final_answer,clean_final,451
test-1355,B,0,8.0,final_answer,clean_final,673
test-1355,B,1,40.0,final_answer,clean_final,750
test-1355,B,2,16.0,final_answer,clean_final,708
test-1356,B,0,2.0,boxed,mid_cut,545
test-1356,B,1,252.0,final_answer,clean_final,803
test-1356,B,2,382.0,final_answer,clean_final,784
test-1357,B,0,6.0,final_answer,clean_final,285
test-1357,B,1,2.0,final_answer,clean_final,289
test-1357,B,2,2.0,final_answer,clean_final,249
test-1358,B,0,20.0,final_answer,clean_final,694
test-1358,B,1,19.0,final_answer,clean_final,609
test-1358,B,2,38.0,boxed,mid_cut,617
test-1359,B,0,72.0,final_answer,clean_final,371
test-1359,B,1,36.0,final_answer,clean_final,355
test-1359,B,2,72.0,final_answer,clean_final,472
test-1361,B,0,8.0,final_answer,clean_final,617
test-1361,B,1,12.0,final_answer,clean_final,725
test-1361,B,2,16.0,final_answer,clean_final,857
test-1363,B,0,2006.0,boxed,sentence_end,1273
test-1363,B,1,0.0,last_number,ends_digit,1536
test-1363,B,2,1698.0,final_answer,clean_final,784
test-1367,B,0,60.0,final_answer,clean_final,573
test-1367,B,1,50.0,final_answer,clean_final,716
test-1367,B,2,45.0,final_answer,clean_final,664
test-1368,B,0,6.0,final_answer,clean_final,321
test-1368,B,1,6.0,final_answer,clean_final,258
test-1368,B,2,4.0,final_answer,clean_final,312
test-1371,B,0,136900.0,final_answer,clean_final,912
test-1371,B,1,135270.0,final_answer,clean_final,739
test-1371,B,2,433020.0,final_answer,clean_final,823
test-1372,B,0,12.0,boxed,mid_cut,493
test-1372,B,1,12600.0,final_answer,clean_final,644
test-1372,B,2,288.0,final_answer,clean_final,667
test-1374,B,0,4.0,final_answer,clean_final,713
test-1374,B,1,4.0,final_answer,clean_final,782
test-1374,B,2,4.0,final_answer,clean_final,616
test-1376,B,0,210.0,final_answer,clean_final,880
test-1376,B,1,729.0,boxed,mid_cut,760
test-1376,B,2,1896.0,final_answer,clean_final,605
test-1379,B,0,11.0,final_answer,clean_final,341
test-1379,B,1,11.0,final_answer,clean_final,380
test-1379,B,2,11.0,final_answer,clean_final,371
test-1380,B,0,5.0,final_answer,clean_final,916
test-1380,B,1,3.0,final_answer,clean_final,911
test-1380,B,2,6.0,final_answer,clean_final,1405
test-1381,B,0,80.0,final_answer,clean_final,382
test-1381,B,1,60.0,final_answer,clean_final,312
test-1381,B,2,60.0,final_answer,clean_final,273
test-1382,B,0,1.0,final_answer,clean_final,435
test-1382,B,1,2.0,final_answer,clean_final,970
test-1382,B,2,1.0,final_answer,clean_final,459
test-1384,B,0,99990000.0,final_answer,clean_final,825
test-1384,B,1,10003.0,final_answer,clean_final,554
test-1384,B,2,10000.0,final_answer,clean_final,317
test-1385,B,0,39.0,final_answer,clean_final,643
test-1385,B,1,8.0,final_answer,clean_final,1110
test-1385,B,2,8.0,final_answer,clean_final,857
test-1386,B,0,36.0,boxed,sentence_end,1180
test-1386,B,1,60.0,final_answer,clean_final,521
test-1386,B,2,56.0,final_answer,clean_final,618
test-1388,B,0,10.0,final_answer,clean_final,709
test-1388,B,1,110.0,boxed,mid_cut,444
test-1388,B,2,225.0,final_answer,clean_final,754
test-1389,B,0,760.0,final_answer,clean_final,659
test-1389,B,1,519.0,final_answer,clean_final,845
test-1389,B,2,512.0,final_answer,clean_final,557
test-1392,B,0,-20.0,final_answer,clean_final,799
test-1392,B,1,-20.0,boxed,mid_cut,835
test-1392,B,2,-20.0,final_answer,clean_final,868
test-1394,B,0,4.0,final_answer,clean_final,436
test-1394,B,1,5.0,boxed,mid_cut,552
test-1394,B,2,4.0,final_answer,clean_final,488
test-1395,B,0,3.0,final_answer,clean_final,545
test-1395,B,1,3.0,final_answer,clean_final,720
test-1395,B,2,3.0,final_answer,clean_final,593
test-1396,B,0,200.0,final_answer,clean_final,551
test-1396,B,1,200.0,final_answer,clean_final,301
test-1396,B,2,198.0,final_answer,clean_final,554
test-1398,B,0,625.0,final_answer,mid_cut,1061
test-1398,B,1,881.0,boxed,mid_cut,469
test-1398,B,2,881.0,final_answer,clean_final,455
test-1399,B,0,1750.0,final_answer,clean_final,501
test-1399,B,1,1750.0,final_answer,clean_final,407
test-1399,B,2,1750.0,final_answer,clean_final,324
test-1402,B,0,14.0,final_answer,clean_final,568
test-1402,B,1,6.0,final_answer,clean_final,523
test-1402,B,2,8.0,final_answer,clean_final,629
test-1407,B,0,1890.0,final_answer,clean_final,1079
test-1407,B,1,7560.0,final_answer,clean_final,955
test-1407,B,2,1890.0,boxed,sentence_end,679
test-1408,B,0,20.0,last_number,mid_cut,1536
test-1408,B,1,992.0,final_answer,clean_final,529
test-1408,B,2,99899999.0,final_answer,clean_final,1057
test-1410,B,0,12.0,final_answer,clean_final,879
test-1410,B,1,60.0,final_answer,clean_final,887
test-1410,B,2,60.0,boxed,mid_cut,715
test-1411,B,0,9400.0,final_answer,clean_final,480
test-1411,B,1,9400.0,final_answer,clean_final,483
test-1411,B,2,9400.0,final_answer,clean_final,420
test-1412,B,0,15.0,boxed,sentence_end,890
test-1412,B,1,31.0,boxed,mid_cut,933
test-1412,B,2,20.0,final_answer,clean_final,702
test-1413,B,0,19.0,boxed,mid_cut,1366
test-1413,B,1,53.0,boxed,mid_cut,874
test-1413,B,2,341.0,final_answer,clean_final,1128
test-1414,B,0,200.0,final_answer,clean_final,645
test-1414,B,1,0.0,final_answer,clean_final,883
test-1414,B,2,700.0,final_answer,clean_final,792
test-1415,B,0,25550.0,final_answer,clean_final,225
test-1415,B,1,25550.0,final_answer,clean_final,294
test-1415,B,2,25550.0,final_answer,clean_final,455
test-1417,B,0,13.0,final_answer,clean_final,281
test-1417,B,1,0.0,final_answer,clean_final,380
test-1417,B,2,7.0,final_answer,clean_final,387
test-1419,B,0,,fail,clean_final,1203
test-1419,B,1,35.0,final_answer,clean_final,674
test-1419,B,2,40.0,final_answer,clean_final,767
test-1421,B,0,160.0,final_answer,clean_final,769
test-1421,B,1,159.0,final_answer,clean_final,376
test-1421,B,2,12480.0,final_answer,clean_final,809
test-1422,B,0,2.0,boxed,mid_cut,931
test-1422,B,1,2.0,final_answer,clean_final,942
test-1422,B,2,2018.0,final_answer,clean_final,723
test-1427,B,0,498501.0,final_answer,clean_final,444
test-1427,B,1,999.0,final_answer,clean_final,626
test-1427,B,2,999.0,final_answer,clean_final,685
test-1428,B,0,8.0,final_answer,clean_final,583
test-1428,B,1,8.0,final_answer,clean_final,458
test-1428,B,2,10.0,final_answer,clean_final,520
test-1429,B,0,45.0,boxed,mid_cut,797
test-1429,B,1,43.0,final_answer,clean_final,739
test-1429,B,2,85.0,boxed,mid_cut,900
test-1430,B,0,2.0,final_answer,clean_final,1140
test-1430,B,1,4068224.0,final_answer,clean_final,892
test-1430,B,2,4.0,final_answer,clean_final,974
test-1432,B,0,75.0,final_answer,clean_final,1060
test-1432,B,1,1125.0,final_answer,clean_final,996
test-1432,B,2,60.0,final_answer,clean_final,979
test-1434,B,0,50.0,boxed,mid_cut,404
test-1434,B,1,50.0,final_answer,clean_final,659
test-1434,B,2,50.0,final_answer,clean_final,684
test-1435,B,0,14.0,final_answer,clean_final,570
test-1435,B,1,14.0,final_answer,clean_final,883
test-1435,B,2,6.0,final_answer,clean_final,462
test-1436,B,0,40.0,final_answer,clean_final,931
test-1436,B,1,35.0,final_answer,clean_final,423
test-1436,B,2,18.0,final_answer,clean_final,526
test-1438,B,0,71.0,final_answer,clean_final,465
test-1438,B,1,71.0,final_answer,clean_final,530
test-1438,B,2,71.0,boxed,mid_cut,607
test-1439,B,0,10609.0,final_answer,clean_final,1189
test-1439,B,1,1061.0,final_answer,clean_final,875
test-1439,B,2,13.0,boxed,mid_cut,1231
test-1442,B,0,12.0,final_answer,clean_final,999
test-1442,B,1,42.0,final_answer,clean_final,717
test-1442,B,2,24.0,final_answer,clean_final,948
test-1445,B,0,2.0,boxed,mid_cut,267
test-1445,B,1,4.0,final_answer,clean_final,285
test-1445,B,2,3.0,final_answer,clean_final,399
test-1446,B,0,46.0,final_answer,clean_final,461
test-1446,B,1,46.0,final_answer,clean_final,392
test-1446,B,2,46.0,final_answer,clean_final,860
test-1450,B,0,1.0,final_answer,clean_final,871
test-1450,B,1,4.0,last_number,clean_final,698
test-1450,B,2,1.0,final_answer,clean_final,1083
test-1451,B,0,56.0,final_answer,clean_final,472
test-1451,B,1,56.0,boxed,mid_cut,398
test-1451,B,2,56.0,final_answer,clean_final,496
test-1452,B,0,13.0,final_answer,clean_final,575
test-1452,B,1,4.0,boxed,mid_cut,586
test-1452,B,2,1.0,final_answer,clean_final,672
test-1455,B,0,12.0,final_answer,clean_final,295
test-1455,B,1,60.0,final_answer,clean_final,263
test-1455,B,2,60.0,final_answer,clean_final,304
test-1456,B,0,375.0,final_answer,clean_final,612
test-1456,B,1,375.0,final_answer,clean_final,454
test-1456,B,2,300.0,final_answer,clean_final,551
test-1457,B,0,16.0,final_answer,clean_final,235
test-1457,B,1,16.0,final_answer,clean_final,233
test-1457,B,2,20.0,final_answer,clean_final,181
test-1462,B,0,658.0,final_answer,clean_final,833
test-1462,B,1,10.0,final_answer,clean_final,565
test-1462,B,2,7880.0,final_answer,clean_final,1105
test-1463,B,0,6.0,final_answer,clean_final,655
test-1463,B,1,4.0,final_answer,clean_final,857
test-1463,B,2,4.0,boxed,mid_cut,759
test-1465,B,0,1002.0,final_answer,clean_final,773
test-1465,B,1,17.0,final_answer,clean_final,694
test-1465,B,2,1004.0,final_answer,clean_final,530
test-1468,B,0,1197.0,final_answer,clean_final,546
test-1468,B,1,1196.0,final_answer,clean_final,478
test-1468,B,2,1196.0,final_answer,clean_final,499
test-1469,B,0,80.0,boxed,mid_cut,1207
test-1469,B,1,107.0,final_answer,clean_final,922
test-1469,B,2,29.0,boxed,mid_cut,1053
test-1471,B,0,192.0,final_answer,clean_final,638
test-1471,B,1,144.0,final_answer,clean_final,473
test-1471,B,2,192.0,boxed,mid_cut,491
test-1474,B,0,9.0,final_answer,clean_final,420
test-1474,B,1,12.0,final_answer,clean_final,481
test-1474,B,2,12.0,final_answer,clean_final,455
test-1477,B,0,25.0,boxed,mid_cut,785
test-1477,B,1,36.0,boxed,mid_cut,665
test-1477,B,2,25.0,final_answer,clean_final,729
test-1478,B,0,0.0,boxed,mid_cut,1281
test-1478,B,1,664.0,boxed,sentence_end,1214
test-1478,B,2,1022.0,last_number,mid_cut,1536
test-1479,B,0,-1458.0,final_answer,clean_final,706
test-1479,B,1,162.0,final_answer,clean_final,516
test-1479,B,2,162.0,final_answer,clean_final,891
test-1480,B,0,24.0,boxed,mid_cut,1249
test-1480,B,1,30.0,final_answer,clean_final,868
test-1480,B,2,3.0,boxed,mid_cut,847
test-1484,B,0,20.0,final_answer,clean_final,843
test-1484,B,1,11.0,boxed,mid_cut,796
test-1484,B,2,65.0,final_answer,clean_final,925
test-1489,B,0,2.0,final_answer,clean_final,1141
test-1489,B,1,8.0,final_answer,clean_final,1429
test-1489,B,2,16.0,final_answer,clean_final,1202
test-1493,B,0,9.0,final_answer,clean_final,168
test-1493,B,1,9.0,final_answer,clean_final,145
test-1493,B,2,9.0,final_answer,clean_final,232
test-1497,B,0,215.0,final_answer,clean_final,575
test-1497,B,1,219.0,final_answer,clean_final,577
test-1497,B,2,198.0,final_answer,clean_final,444
test-1501,B,0,18.0,final_answer,clean_final,905
test-1501,B,1,100.0,final_answer,clean_final,1347
test-1501,B,2,15.0,final_answer,clean_final,1364
test-1505,B,0,1.0,final_answer,clean_final,496
test-1505,B,1,912.0,final_answer,clean_final,613
test-1505,B,2,20.0,final_answer,clean_final,781
test-1506,B,0,50000.0,final_answer,clean_final,583
test-1506,B,1,100000.0,final_answer,clean_final,739
test-1506,B,2,2000.0,final_answer,clean_final,473
test-1510,B,0,12.0,final_answer,clean_final,819
test-1510,B,1,9.0,final_answer,clean_final,962
test-1510,B,2,45.0,final_answer,clean_final,676
test-1512,B,0,1012.0,boxed,mid_cut,903
test-1512,B,1,1.0,boxed,mid_cut,735
test-1512,B,2,2018.0,boxed,mid_cut,758
test-1513,B,0,64.0,final_answer,clean_final,471
test-1513,B,1,38.0,final_answer,clean_final,507
test-1513,B,2,12.0,final_answer,clean_final,668
test-1514,B,0,1021.0,final_answer,clean_final,520
test-1514,B,1,35.0,final_answer,clean_final,694
test-1514,B,2,89.0,boxed,mid_cut,733
test-1517,B,0,44.0,final_answer,clean_final,704
test-1517,B,1,88.0,final_answer,clean_final,533
test-1517,B,2,4.0,last_number,clean_final,532
test-1522,B,0,324.0,final_answer,clean_final,344
test-1522,B,1,720.0,final_answer,clean_final,876
test-1522,B,2,240.0,final_answer,clean_final,573
test-1523,B,0,75.0,final_answer,clean_final,453
test-1523,B,1,75.0,final_answer,clean_final,523
test-1523,B,2,70.0,final_answer,clean_final,1086
test-1524,B,0,9.0,final_answer,clean_final,402
test-1524,B,1,11.0,final_answer,clean_final,467
test-1524,B,2,9.0,final_answer,clean_final,368
test-1529,B,0,2.0,final_answer,clean_final,1052
test-1529,B,1,0.0,final_answer,clean_final,892
test-1529,B,2,2.0,final_answer,clean_final,975
test-1530,B,0,1.0,final_answer,sentence_end,834
test-1530,B,1,1997.0,last_number,mid_cut,826
test-1530,B,2,2.0,final_answer,clean_final,731
test-1533,B,0,5.0,final_answer,clean_final,849
test-1533,B,1,6.0,final_answer,clean_final,606
test-1533,B,2,6.0,final_answer,clean_final,581
test-1535,B,0,9.0,last_number,ends_digit,1536
test-1535,B,1,2.0,final_answer,clean_final,416
test-1535,B,2,1000.0,final_answer,clean_final,762
test-1536,B,0,21.0,final_answer,clean_final,1274
test-1536,B,1,7.0,boxed,mid_cut,947
test-1536,B,2,15.0,boxed,mid_cut,1410
test-1538,B,0,18.0,final_answer,clean_final,752
test-1538,B,1,18.0,boxed,sentence_end,890
test-1538,B,2,18.0,final_answer,clean_final,664
test-1542,B,0,1.0,final_answer,clean_final,1137
test-1542,B,1,1.0,final_answer,clean_final,972
test-1542,B,2,3.0,boxed,mid_cut,1071
test-1545,B,0,180180.0,answer_is,mid_cut,851
test-1545,B,1,0.0,final_answer,clean_final,839
test-1545,B,2,401.0,boxed,mid_cut,846
test-1546,B,0,2.0,final_answer,clean_final,666
test-1546,B,1,33.0,final_answer,clean_final,626
test-1546,B,2,37.0,final_answer,clean_final,758
test-1547,B,0,576.0,final_answer,clean_final,655
test-1547,B,1,2560.0,boxed,mid_cut,454
test-1547,B,2,17297280.0,boxed,mid_cut,753
test-1549,B,0,90.0,final_answer,clean_final,1019
test-1549,B,1,7.0,final_answer,clean_final,598
test-1549,B,2,4.0,final_answer,clean_final,1443
test-1550,B,0,2.0,boxed,sentence_end,750
test-1550,B,1,0.0,final_answer,clean_final,543
test-1550,B,2,2.0,final_answer,clean_final,542
test-1552,B,0,611.0,boxed,mid_cut,912
test-1552,B,1,173137.0,boxed,mid_cut,801
test-1552,B,2,140.0,final_answer,clean_final,570
test-1554,B,0,71.0,final_answer,clean_final,1125
test-1554,B,1,168.0,final_answer,clean_final,675
test-1554,B,2,1146.0,final_answer,clean_final,1009
test-1555,B,0,1.0,final_answer,clean_final,965
test-1555,B,1,397.0,final_answer,clean_final,1138
test-1555,B,2,1.0,boxed,mid_cut,1056
test-1557,B,0,88.0,final_answer,clean_final,623
test-1557,B,1,88.0,boxed,mid_cut,558
test-1557,B,2,88.0,final_answer,clean_final,471
test-1559,B,0,14660.0,final_answer,clean_final,517
test-1559,B,1,14670.0,final_answer,clean_final,678
test-1559,B,2,14667.0,final_answer,clean_final,413
test-1565,B,0,19180.0,final_answer,clean_final,1200
test-1565,B,1,19099.0,final_answer,clean_final,1252
test-1565,B,2,2224.0,final_answer,clean_final,526
test-1567,B,0,2021.0,final_answer,clean_final,484
test-1567,B,1,1.0,boxed,mid_cut,827
test-1567,B,2,10001.0,boxed,mid_cut,529
test-1568,B,0,45.0,boxed,mid_cut,701
test-1568,B,1,44.0,boxed,mid_cut,581
test-1568,B,2,45.0,final_answer,clean_final,571
test-1569,B,0,15652.0,boxed,mid_cut,567
test-1569,B,1,7876.0,boxed,mid_cut,442
test-1569,B,2,7876.0,boxed,mid_cut,400
test-1573,B,0,500.0,final_answer,clean_final,1363
test-1573,B,1,10.0,final_answer,clean_final,1206
test-1573,B,2,100.0,final_answer,clean_final,1090
test-1575,B,0,72.0,final_answer,clean_final,464
test-1575,B,1,240.0,final_answer,clean_final,454
test-1575,B,2,212.0,final_answer,clean_final,896
test-1577,B,0,220.0,final_answer,clean_final,462
test-1577,B,1,1044547375.0,final_answer,clean_final,1082
test-1577,B,2,495.0,final_answer,clean_final,590
test-1578,B,0,15.0,final_answer,clean_final,700
test-1578,B,1,20.0,final_answer,clean_final,1015
test-1578,B,2,1.0,final_answer,clean_final,863
test-1580,B,0,1131.0,boxed,mid_cut,1104
test-1580,B,1,331.0,final_answer,clean_final,904
test-1580,B,2,324.0,final_answer,clean_final,790
test-1581,B,0,5544.0,final_answer,clean_final,1436
test-1581,B,1,3.0,final_answer,clean_final,1381
test-1581,B,2,1.0,final_answer,clean_final,886
test-1582,B,0,1.0,final_answer,clean_final,550
test-1582,B,1,1.0,boxed,mid_cut,458
test-1582,B,2,1.0,final_answer,clean_final,581
test-1583,B,0,0.0,final_answer,clean_final,665
test-1583,B,1,508536.0,final_answer,clean_final,457
test-1583,B,2,2016.0,final_answer,clean_final,906
test-1584,B,0,1000.0,final_answer,mid_cut,803
test-1584,B,1,300.0,boxed,mid_cut,698
test-1584,B,2,37.0,final_answer,clean_final,1024
test-1585,B,0,6.0,final_answer,clean_final,322
test-1585,B,1,12.0,final_answer,clean_final,341
test-1585,B,2,6.0,final_answer,clean_final,292
test-1586,B,0,15.0,boxed,mid_cut,961
test-1586,B,1,7.0,boxed,mid_cut,884
test-1586,B,2,12.0,boxed,mid_cut,692
test-1588,B,0,1000.0,boxed,mid_cut,565
test-1588,B,1,0.0,final_answer,clean_final,429
test-1588,B,2,10.0,final_answer,clean_final,640
test-1589,B,0,2.0,last_number,mid_cut,1536
test-1589,B,1,16.0,last_number,mid_cut,1536
test-1589,B,2,1.0,final_answer,clean_final,1318
test-1590,B,0,100.0,final_answer,clean_final,685
test-1590,B,1,100.0,final_answer,clean_final,597
test-1590,B,2,991.0,final_answer,clean_final,623
test-1591,B,0,8.0,boxed,mid_cut,784
test-1591,B,1,13.0,final_answer,clean_final,853
test-1591,B,2,6.0,final_answer,clean_final,376
test-1594,B,0,226.0,final_answer,clean_final,241
test-1594,B,1,226.0,final_answer,clean_final,338
test-1594,B,2,216.0,final_answer,clean_final,299
test-1596,B,0,120.0,final_answer,clean_final,256
test-1596,B,1,120.0,final_answer,clean_final,427
test-1596,B,2,120.0,final_answer,clean_final,260
test-1597,B,0,234.0,final_answer,clean_final,942
test-1597,B,1,136.0,final_answer,clean_final,804
test-1597,B,2,0.0,final_answer,clean_final,891
test-1598,B,0,400.0,boxed,mid_cut,884
test-1598,B,1,400.0,boxed,mid_cut,808
test-1598,B,2,600.0,final_answer,clean_final,1332
test-1600,B,0,11.0,final_answer,clean_final,1006
test-1600,B,1,40.0,final_answer,clean_final,1269
test-1600,B,2,2.0,boxed,sentence_end,1034
test-1602,B,0,12.0,boxed,mid_cut,1165
test-1602,B,1,2.0,boxed,mid_cut,921
test-1602,B,2,2.0,boxed,sentence_end,817
test-1606,B,0,192.0,boxed,mid_cut,382
test-1606,B,1,14.0,final_answer,clean_final,668
test-1606,B,2,202.0,final_answer,clean_final,339
test-1609,B,0,60.0,final_answer,clean_final,349
test-1609,B,1,48.0,final_answer,clean_final,419
test-1609,B,2,60.0,final_answer,clean_final,368
test-1611,B,0,280.0,final_answer,clean_final,397
test-1611,B,1,228.0,final_answer,clean_final,594
test-1611,B,2,200.0,final_answer,clean_final,518
test-1618,B,0,4.0,final_answer,clean_final,490
test-1618,B,1,4.0,final_answer,clean_final,463
test-1618,B,2,,fail,clean_final,519
test-1619,B,0,-1.0,final_answer,clean_final,1437
test-1619,B,1,2018.0,final_answer,clean_final,936
test-1619,B,2,2.0,last_number,mid_cut,1536
test-1622,B,0,16.0,final_answer,clean_final,343
test-1622,B,1,16.0,final_answer,clean_final,218
test-1622,B,2,16.0,final_answer,clean_final,329
test-1625,B,0,10.0,final_answer,clean_final,489
test-1625,B,1,10.0,final_answer,clean_final,582
test-1625,B,2,10.0,final_answer,clean_final,444
test-1628,B,0,4096.0,final_answer,clean_final,363
test-1628,B,1,4094.0,final_answer,clean_final,504
test-1628,B,2,4094.0,final_answer,clean_final,446
test-1629,B,0,47.0,final_answer,clean_final,916
test-1629,B,1,61.0,final_answer,clean_final,520
test-1629,B,2,20.0,final_answer,clean_final,559
test-1634,B,0,63.0,final_answer,clean_final,263
test-1634,B,1,63.0,final_answer,clean_final,228
test-1634,B,2,63.0,final_answer,clean_final,202
test-1636,B,0,40.0,final_answer,clean_final,288
test-1636,B,1,40.0,final_answer,clean_final,337
test-1636,B,2,40.0,final_answer,clean_final,322
test-1637,B,0,10.0,final_answer,clean_final,554
test-1637,B,1,14.0,final_answer,clean_final,611
test-1637,B,2,8.0,final_answer,clean_final,592
test-1639,B,0,2.0,final_answer,clean_final,737
test-1639,B,1,3.0,final_answer,clean_final,811
test-1639,B,2,0.0,boxed,mid_cut,686
test-1641,B,0,1.0,final_answer,clean_final,937
test-1641,B,1,1.0,boxed,mid_cut,811
test-1641,B,2,0.0,final_answer,clean_final,927
test-1643,B,0,108.0,final_answer,clean_final,789
test-1643,B,1,18.0,boxed,mid_cut,998
test-1643,B,2,40.0,boxed,mid_cut,879
test-1644,B,0,3.0,final_answer,clean_final,1333
test-1644,B,1,10.0,boxed,mid_cut,737
test-1644,B,2,18.0,final_answer,clean_final,1103
test-1646,B,0,106.0,final_answer,clean_final,570
test-1646,B,1,325.0,boxed,mid_cut,736
test-1646,B,2,0.0,boxed,sentence_end,1063
test-1647,B,0,3.0,final_answer,clean_final,968
test-1647,B,1,11.0,boxed,mid_cut,841
test-1647,B,2,11.0,final_answer,clean_final,910
test-1649,B,0,4097.0,final_answer,clean_final,838
test-1649,B,1,2014.0,final_answer,clean_final,448
test-1649,B,2,2047.0,final_answer,clean_final,433
test-1651,B,0,171.0,final_answer,clean_final,784
test-1651,B,1,73.0,final_answer,clean_final,466
test-1651,B,2,144.0,boxed,mid_cut,685
test-1653,B,0,84.0,final_answer,clean_final,761
test-1653,B,1,84.0,final_answer,clean_final,533
test-1653,B,2,1.0,final_answer,clean_final,1481
test-1654,B,0,75.0,final_answer,clean_final,812
test-1654,B,1,14.0,final_answer,clean_final,602
test-1654,B,2,8.0,final_answer,clean_final,678
test-1655,B,0,1.0,final_answer,clean_final,436
test-1655,B,1,1023.0,final_answer,clean_final,671
test-1655,B,2,1023.0,boxed,sentence_end,454
test-1656,B,0,150.0,boxed,mid_cut,372
test-1656,B,1,96.0,final_answer,clean_final,319
test-1656,B,2,299.0,final_answer,clean_final,424
test-1657,B,0,123.0,final_answer,clean_final,793
test-1657,B,1,31.0,final_answer,clean_final,885
test-1657,B,2,519.0,final_answer,clean_final,1013
test-1658,B,0,21.0,final_answer,clean_final,365
test-1658,B,1,21.0,final_answer,clean_final,397
test-1658,B,2,21.0,final_answer,clean_final,134
test-1660,B,0,10.0,boxed,mid_cut,1089
test-1660,B,1,14.0,final_answer,clean_final,1513
test-1660,B,2,12.0,boxed,sentence_end,984
test-1662,B,0,2010.0,final_answer,clean_final,631
test-1662,B,1,2010.0,final_answer,clean_final,494
test-1662,B,2,2010.0,final_answer,clean_final,741
test-1666,B,0,132.0,final_answer,clean_final,794
test-1666,B,1,12.0,final_answer,clean_final,524
test-1666,B,2,17.0,final_answer,clean_final,843
test-1668,B,0,250.0,final_answer,clean_final,606
test-1668,B,1,250.0,boxed,mid_cut,892
test-1668,B,2,250.0,boxed,mid_cut,801
test-1669,B,0,8.0,final_answer,clean_final,594
test-1669,B,1,5.0,boxed,mid_cut,990
test-1669,B,2,3.0,final_answer,clean_final,470
test-1671,B,0,17.0,final_answer,clean_final,1107
test-1671,B,1,15.0,last_number,mid_cut,1536
test-1671,B,2,20.0,final_answer,clean_final,919
test-1677,B,0,30.0,final_answer,clean_final,419
test-1677,B,1,30.0,final_answer,clean_final,544
test-1677,B,2,10.0,final_answer,clean_final,407
test-1686,B,0,6.0,final_answer,clean_final,884
test-1686,B,1,2.0,final_answer,clean_final,795
test-1686,B,2,2.0,final_answer,clean_final,490
test-1687,B,0,34.0,boxed,mid_cut,1178
test-1687,B,1,35.0,boxed,mid_cut,1098
test-1687,B,2,36.0,final_answer,clean_final,946
test-1688,B,0,200.0,boxed,sentence_end,516
test-1688,B,1,200.0,final_answer,clean_final,632
test-1688,B,2,75.0,final_answer,clean_final,624
test-1689,B,0,500.0,final_answer,clean_final,564
test-1689,B,1,750.0,final_answer,clean_final,799
test-1689,B,2,1000.0,final_answer,clean_final,505
test-1693,B,0,65.0,boxed,mid_cut,1168
test-1693,B,1,66.0,final_answer,clean_final,910
test-1693,B,2,66.0,final_answer,clean_final,803
test-1694,B,0,17932.0,final_answer,clean_final,529
test-1694,B,1,1615.0,final_answer,clean_final,512
test-1694,B,2,14345.0,final_answer,clean_final,668
test-1696,B,0,60.0,last_number,ends_digit,1536
test-1696,B,1,1.0,last_number,ends_digit,1536
test-1696,B,2,63.0,final_answer,clean_final,1288
test-1697,B,0,2.0,last_number,mid_cut,1536
test-1697,B,1,25.0,boxed,mid_cut,1170
test-1697,B,2,24.0,final_answer,clean_final,821
test-1700,B,0,275.0,final_answer,clean_final,310
test-1700,B,1,275.0,final_answer,clean_final,569
test-1700,B,2,275.0,final_answer,clean_final,388
test-1703,B,0,2.0,final_answer,clean_final,294
test-1703,B,1,2.0,final_answer,clean_final,336
test-1703,B,2,2.0,final_answer,clean_final,344
test-1705,B,0,19.0,last_number,mid_cut,1536
test-1705,B,1,9.0,final_answer,clean_final,604
test-1705,B,2,5.0,boxed,mid_cut,634
test-1706,B,0,0.0,boxed,mid_cut,744
test-1706,B,1,2010.0,final_answer,clean_final,1005
test-1706,B,2,2011.0,last_number,mid_cut,1536
test-1707,B,0,1.0,final_answer,clean_final,1077
test-1707,B,1,3.0,final_answer,clean_final,961
test-1707,B,2,1.0,final_answer,clean_final,901
test-1708,B,0,2017.0,final_answer,clean_final,1384
test-1708,B,1,1019990.0,final_answer,clean_final,1125
test-1708,B,2,2019.0,boxed,mid_cut,680
test-1711,B,0,2030125.0,final_answer,clean_final,581
test-1711,B,1,2015.0,final_answer,clean_final,439
test-1711,B,2,2013.0,final_answer,clean_final,600
test-1714,B,0,1011.0,final_answer,clean_final,503
test-1714,B,1,1010.0,boxed,mid_cut,331
test-1714,B,2,63.0,boxed,mid_cut,1100
test-1717,B,0,,fail,clean_final,905
test-1717,B,1,5.0,final_answer,clean_final,634
test-1717,B,2,7.0,boxed,mid_cut,957
test-1720,B,0,35.0,final_answer,clean_final,800
test-1720,B,1,96.0,final_answer,clean_final,1402
test-1720,B,2,83.0,boxed,mid_cut,1178
test-1722,B,0,25.0,final_answer,clean_final,933
test-1722,B,1,25.0,final_answer,clean_final,690
test-1722,B,2,24.0,final_answer,clean_final,849
test-1728,B,0,-862200.0,boxed,mid_cut,731
test-1728,B,1,511.0,final_answer,clean_final,786
test-1728,B,2,46123.0,final_answer,clean_final,660
test-1729,B,0,-1.0,boxed,mid_cut,866
test-1729,B,1,1.0,final_answer,clean_final,787
test-1729,B,2,4.0,boxed,mid_cut,548
test-1738,B,0,500.0,final_answer,clean_final,322
test-1738,B,1,500.0,final_answer,clean_final,252
test-1738,B,2,500.0,final_answer,clean_final,220
test-1742,B,0,9.0,boxed,sentence_end,811
test-1742,B,1,-3.0,final_answer,clean_final,702
test-1742,B,2,4.0,boxed,mid_cut,1136
test-1744,B,0,40.0,final_answer,clean_final,528
test-1744,B,1,38.0,final_answer,clean_final,489
test-1744,B,2,43.0,final_answer,clean_final,695
test-1746,B,0,7.0,final_answer,clean_final,543
test-1746,B,1,6.0,boxed,mid_cut,633
test-1746,B,2,13.0,boxed,mid_cut,378
test-1748,B,0,18.0,final_answer,clean_final,356
test-1748,B,1,2.0,final_answer,clean_final,311
test-1748,B,2,2.0,final_answer,clean_final,304
test-1753,B,0,673.0,final_answer,clean_final,666
test-1753,B,1,6737.0,final_answer,clean_final,1147
test-1753,B,2,242.0,boxed,mid_cut,1214
test-1754,B,0,4.0,final_answer,clean_final,612
test-1754,B,1,4.0,final_answer,clean_final,541
test-1754,B,2,2.0,final_answer,clean_final,832
test-1755,B,0,42.0,final_answer,clean_final,298
test-1755,B,1,42.0,final_answer,clean_final,344
test-1755,B,2,42.0,final_answer,clean_final,374
test-1756,B,0,160.0,final_answer,clean_final,396
test-1756,B,1,192.0,boxed,mid_cut,829
test-1756,B,2,1920.0,final_answer,clean_final,636
test-1757,B,0,2011.0,final_answer,clean_final,734
test-1757,B,1,2000.0,final_answer,clean_final,626
test-1757,B,2,2012.0,final_answer,clean_final,588
test-1759,B,0,40.0,final_answer,clean_final,1054
test-1759,B,1,66.0,boxed,mid_cut,1110
test-1759,B,2,360.0,boxed,mid_cut,1160
test-1762,B,0,5.0,final_answer,clean_final,539
test-1762,B,1,6.0,final_answer,clean_final,732
test-1762,B,2,3.0,final_answer,clean_final,609
test-1763,B,0,0.0,final_answer,clean_final,1012
test-1763,B,1,0.0,boxed,mid_cut,1357
test-1763,B,2,3886.0,final_answer,clean_final,1139
test-1765,B,0,120.0,final_answer,clean_final,990
test-1765,B,1,336.0,final_answer,clean_final,812
test-1765,B,2,420.0,final_answer,clean_final,645
test-1766,B,0,11.0,final_answer,clean_final,255
test-1766,B,1,10.0,final_answer,clean_final,540
test-1766,B,2,11.0,final_answer,clean_final,226
test-1771,B,0,42.0,final_answer,clean_final,275
test-1771,B,1,42.0,final_answer,clean_final,370
test-1771,B,2,42.0,final_answer,clean_final,256
test-1772,B,0,40.0,final_answer,clean_final,727
test-1772,B,1,14.0,final_answer,clean_final,458
test-1772,B,2,20.0,final_answer,clean_final,520
test-1776,B,0,6984.0,last_number,mid_cut,1536
test-1776,B,1,2.0,last_number,mid_cut,1536
test-1776,B,2,1000.0,last_number,mid_cut,1536
test-1777,B,0,3.0,boxed,sentence_end,1019
test-1777,B,1,3.0,final_answer,clean_final,675
test-1777,B,2,2.0,final_answer,clean_final,711
test-1781,B,0,15000.0,final_answer,clean_final,714
test-1781,B,1,2196.0,final_answer,clean_final,871
test-1781,B,2,15584.0,boxed,mid_cut,1035
test-1782,B,0,55.0,final_answer,clean_final,566
test-1782,B,1,10.0,boxed,sentence_end,486
test-1782,B,2,210.0,final_answer,clean_final,570
test-1783,B,0,223.0,final_answer,clean_final,910
test-1783,B,1,222.0,final_answer,clean_final,641
test-1783,B,2,225.0,final_answer,clean_final,504
test-1789,B,0,601.0,final_answer,clean_final,1327
test-1789,B,1,1685.0,final_answer,clean_final,1266
test-1789,B,2,199.0,last_number,mid_cut,1536
test-1790,B,0,0.0,final_answer,clean_final,1040
test-1790,B,1,0.0,boxed,mid_cut,981
test-1790,B,2,608.0,boxed,mid_cut,762
test-1791,B,0,50.0,final_answer,clean_final,402
test-1791,B,1,50.0,final_answer,clean_final,267
test-1791,B,2,50.0,final_answer,clean_final,260
test-1792,B,0,12.0,final_answer,clean_final,497
test-1792,B,1,18.0,final_answer,clean_final,439
test-1792,B,2,12.0,final_answer,clean_final,568
test-1793,B,0,1.0,final_answer,clean_final,316
test-1793,B,1,0.0,final_answer,clean_final,394
test-1793,B,2,1.0,final_answer,clean_final,362
test-1794,B,0,9.0,final_answer,clean_final,979
test-1794,B,1,1.0,final_answer,clean_final,799
test-1794,B,2,1.0,final_answer,clean_final,627
test-1795,B,0,1419897600.0,final_answer,clean_final,1055
test-1795,B,1,30019092.0,last_number,ends_digit,1536
test-1795,B,2,4.0,boxed,mid_cut,1081
test-1798,B,0,11.0,final_answer,clean_final,790
test-1798,B,1,171.0,final_answer,clean_final,934
test-1798,B,2,21.0,final_answer,clean_final,783
test-1802,B,0,16.0,final_answer,clean_final,1144
test-1802,B,1,22.0,boxed,mid_cut,1268
test-1802,B,2,49.0,final_answer,clean_final,902
test-1803,B,0,52.0,final_answer,clean_final,485
test-1803,B,1,48.0,final_answer,clean_final,447
test-1803,B,2,50.0,final_answer,clean_final,425
test-1806,B,0,22.0,final_answer,clean_final,826
test-1806,B,1,40.0,final_answer,clean_final,716
test-1806,B,2,11.0,last_number,mid_cut,1536
test-1809,B,0,4.0,final_answer,clean_final,501
test-1809,B,1,7.0,final_answer,clean_final,561
test-1809,B,2,4.0,final_answer,clean_final,434
test-1810,B,0,-6.0,final_answer,clean_final,1154
test-1810,B,1,6.0,final_answer,clean_final,1039
test-1810,B,2,-11.0,final_answer,clean_final,835
test-1816,B,0,13.0,final_answer,clean_final,605
test-1816,B,1,14.0,final_answer,clean_final,521
test-1816,B,2,13.0,final_answer,clean_final,584
test-1823,B,0,45.0,final_answer,clean_final,339
test-1823,B,1,45.0,final_answer,clean_final,460
test-1823,B,2,45.0,final_answer,clean_final,520
test-1824,B,0,50.0,final_answer,clean_final,442
test-1824,B,1,50.0,final_answer,clean_final,405
test-1824,B,2,69.0,final_answer,clean_final,795
test-1825,B,0,575.0,final_answer,clean_final,596
test-1825,B,1,280.0,boxed,mid_cut,763
test-1825,B,2,75.0,final_answer,clean_final,793
test-1827,B,0,90.0,final_answer,clean_final,628
test-1827,B,1,90.0,final_answer,clean_final,326
test-1827,B,2,33.0,final_answer,clean_final,775
test-1828,B,0,178.0,final_answer,clean_final,633
test-1828,B,1,37.0,final_answer,clean_final,789
test-1828,B,2,35.0,final_answer,clean_final,894
test-1830,B,0,10.0,boxed,mid_cut,672
test-1830,B,1,55.0,final_answer,clean_final,542
test-1830,B,2,7.0,final_answer,clean_final,565
test-1831,B,0,1024.0,final_answer,clean_final,552
test-1831,B,1,1144066.0,final_answer,clean_final,769
test-1831,B,2,4194303.0,final_answer,clean_final,524
test-1832,B,0,240.0,boxed,mid_cut,373
test-1832,B,1,360.0,final_answer,clean_final,654
test-1832,B,2,480.0,boxed,mid_cut,507
test-1833,B,0,3.0,final_answer,clean_final,387
test-1833,B,1,9.0,boxed,mid_cut,654
test-1833,B,2,3.0,final_answer,clean_final,737
test-1835,B,0,1681.0,boxed,mid_cut,962
test-1835,B,1,3375.0,boxed,mid_cut,747
test-1835,B,2,125.0,final_answer,clean_final,1211
test-1838,B,0,6.0,boxed,mid_cut,1251
test-1838,B,1,137939.0,boxed,mid_cut,1286
test-1838,B,2,12.0,boxed,mid_cut,1391
test-1839,B,0,150.0,final_answer,clean_final,658
test-1839,B,1,-2773.0,final_answer,clean_final,1041
test-1839,B,2,-70.0,final_answer,clean_final,722
test-1842,B,0,480.0,final_answer,clean_final,493
test-1842,B,1,1000.0,final_answer,clean_final,462
test-1842,B,2,1000.0,final_answer,clean_final,465
test-1843,B,0,1007.0,final_answer,clean_final,912
test-1843,B,1,0.0,boxed,mid_cut,607
test-1843,B,2,0.0,final_answer,clean_final,1105
test-1844,B,0,2020.0,final_answer,clean_final,581
test-1844,B,1,2400.0,final_answer,clean_final,587
test-1844,B,2,2444.0,final_answer,clean_final,799
test-1846,B,0,128.0,final_answer,clean_final,611
test-1846,B,1,13.0,final_answer,clean_final,1017
test-1846,B,2,1996.0,final_answer,clean_final,476
test-1849,B,0,4.0,final_answer,clean_final,1050
test-1849,B,1,8.0,boxed,mid_cut,1085
test-1849,B,2,29.0,boxed,mid_cut,1471
test-1850,B,0,4440.0,boxed,sentence_end,1513
test-1850,B,1,38400.0,final_answer,clean_final,871
test-1850,B,2,31356800.0,final_answer,clean_final,1067
test-1852,B,0,213.0,final_answer,clean_final,553
test-1852,B,1,123.0,final_answer,clean_final,834
test-1852,B,2,123.0,final_answer,clean_final,1044
test-1854,B,0,20.0,final_answer,clean_final,719
test-1854,B,1,89.0,final_answer,clean_final,766
test-1854,B,2,97.0,final_answer,clean_final,745
test-1855,B,0,500.0,final_answer,clean_final,560
test-1855,B,1,500.0,boxed,mid_cut,527
test-1855,B,2,1000.0,final_answer,clean_final,769
test-1859,B,0,34.0,final_answer,clean_final,961
test-1859,B,1,1920.0,final_answer,clean_final,684
test-1859,B,2,86.0,final_answer,clean_final,583
test-1860,B,0,21.0,boxed,sentence_end,1096
test-1860,B,1,21.0,final_answer,clean_final,653
test-1860,B,2,21.0,final_answer,clean_final,1149
test-1861,B,0,7.0,final_answer,clean_final,211
test-1861,B,1,7.0,final_answer,clean_final,489
test-1861,B,2,7.0,final_answer,clean_final,282
test-1863,B,0,1515.0,final_answer,clean_final,876
test-1863,B,1,1009.0,final_answer,clean_final,930
test-1863,B,2,100.0,final_answer,clean_final,1024
test-1868,B,0,7.0,final_answer,clean_final,795
test-1868,B,1,5.0,final_answer,clean_final,683
test-1868,B,2,5.0,final_answer,clean_final,796
test-1871,B,0,80.0,boxed,mid_cut,1068
test-1871,B,1,80.0,final_answer,clean_final,948
test-1871,B,2,80.0,final_answer,clean_final,479
test-1872,B,0,90.0,final_answer,clean_final,887
test-1872,B,1,,fail,clean_final,1252
test-1872,B,2,89.0,final_answer,clean_final,1456
test-1873,B,0,9.0,final_answer,clean_final,1025
test-1873,B,1,27.0,final_answer,clean_final,451
test-1873,B,2,9.0,final_answer,clean_final,783
test-1874,B,0,5.0,final_answer,clean_final,307
test-1874,B,1,5.0,final_answer,clean_final,541
test-1874,B,2,5.0,final_answer,clean_final,487
test-1876,B,0,4.0,final_answer,clean_final,812
test-1876,B,1,10.0,final_answer,clean_final,760
test-1876,B,2,3.0,final_answer,clean_final,659
test-1882,B,0,2.0,final_answer,clean_final,754
test-1882,B,1,3.0,final_answer,clean_final,720
test-1882,B,2,3.0,final_answer,clean_final,674
test-1885,B,0,5000.0,final_answer,clean_final,380
test-1885,B,1,5000.0,final_answer,clean_final,520
test-1885,B,2,5000.0,boxed,sentence_end,489
test-1886,B,0,512.0,final_answer,clean_final,596
test-1886,B,1,512.0,final_answer,clean_final,642
test-1886,B,2,512.0,final_answer,clean_final,595
test-1887,B,0,90.0,final_answer,clean_final,823
test-1887,B,1,5.0,last_number,mid_cut,1536
test-1887,B,2,39.0,final_answer,clean_final,1144
test-1890,B,0,7425.0,final_answer,clean_final,347
test-1890,B,1,7425.0,final_answer,clean_final,478
test-1890,B,2,7425.0,final_answer,clean_final,319
test-1891,B,0,5000.0,final_answer,clean_final,370
test-1891,B,1,2500.0,final_answer,clean_final,360
test-1891,B,2,5000.0,final_answer,clean_final,348
test-1893,B,0,18.0,final_answer,clean_final,396
test-1893,B,1,18.0,final_answer,clean_final,249
test-1893,B,2,18.0,final_answer,clean_final,352
test-1894,B,0,300.0,final_answer,clean_final,1104
test-1894,B,1,9.0,final_answer,clean_final,787
test-1894,B,2,667667.0,final_answer,clean_final,840
test-1895,B,0,8.0,final_answer,clean_final,639
test-1895,B,1,3.0,final_answer,clean_final,653
test-1895,B,2,32.0,final_answer,clean_final,643
test-1898,B,0,8.0,last_number,mid_cut,1536
test-1898,B,1,63.0,final_answer,clean_final,1096
test-1898,B,2,0.0,boxed,mid_cut,935
test-1902,B,0,15.0,final_answer,clean_final,831
test-1902,B,1,0.0,final_answer,clean_final,1232
test-1902,B,2,10.0,last_number,mid_cut,1536
test-1903,B,0,36.0,final_answer,clean_final,1219
test-1903,B,1,1998.0,last_number,mid_cut,1536
test-1903,B,2,36.0,final_answer,clean_final,1315
test-1906,B,0,158.0,boxed,mid_cut,485
test-1906,B,1,284.0,final_answer,clean_final,618
test-1906,B,2,834.0,boxed,mid_cut,924
test-1907,B,0,20199965.0,final_answer,clean_final,777
test-1907,B,1,20063915.0,boxed,sentence_end,555
test-1907,B,2,20152015.0,final_answer,clean_final,598
test-1909,B,0,225.0,final_answer,clean_final,1100
test-1909,B,1,14175.0,final_answer,clean_final,633
test-1909,B,2,2625.0,final_answer,clean_final,1039
test-1914,B,0,30.0,final_answer,clean_final,352
test-1914,B,1,30.0,final_answer,clean_final,316
test-1914,B,2,45.0,final_answer,clean_final,185
test-1915,B,0,5.0,boxed,sentence_end,796
test-1915,B,1,8.0,final_answer,clean_final,737
test-1915,B,2,889.0,final_answer,clean_final,904
test-1924,B,0,28.0,final_answer,clean_final,927
test-1924,B,1,21.0,final_answer,clean_final,610
test-1924,B,2,42.0,final_answer,clean_final,754
test-1927,B,0,1.0,final_answer,mid_cut,701
test-1927,B,1,2.0,final_answer,clean_final,888
test-1927,B,2,3.0,final_answer,clean_final,814
test-1928,B,0,8820.0,boxed,mid_cut,513
test-1928,B,1,1440.0,final_answer,clean_final,607
test-1928,B,2,1296.0,final_answer,clean_final,644
test-1933,B,0,64.0,final_answer,clean_final,911
test-1933,B,1,1.0,boxed,mid_cut,586
test-1933,B,2,90.0,final_answer,clean_final,872
test-1934,B,0,5.0,final_answer,clean_final,496
test-1934,B,1,13.0,boxed,sentence_end,388
test-1934,B,2,5.0,final_answer,clean_final,402
test-1935,B,0,182.0,final_answer,clean_final,987
test-1935,B,1,126.0,final_answer,clean_final,1451
test-1935,B,2,42.0,final_answer,clean_final,848
test-1938,B,0,30.0,boxed,sentence_end,448
test-1938,B,1,30.0,final_answer,clean_final,348
test-1938,B,2,30.0,final_answer,clean_final,430
test-1939,B,0,6.0,final_answer,clean_final,652
test-1939,B,1,6.0,final_answer,clean_final,497
test-1939,B,2,6.0,final_answer,clean_final,609
test-1941,B,0,924.0,final_answer,clean_final,369
test-1941,B,1,924.0,boxed,sentence_end,377
test-1941,B,2,924.0,boxed,mid_cut,392
test-1944,B,0,75.0,final_answer,clean_final,390
test-1944,B,1,50.0,final_answer,clean_final,407
test-1944,B,2,75.0,final_answer,clean_final,489
test-1945,B,0,78.0,final_answer,clean_final,1224
test-1945,B,1,62.0,final_answer,clean_final,1197
test-1945,B,2,-38.0,last_number,mid_cut,1536
test-1946,B,0,25.0,last_number,mid_cut,1536
test-1946,B,1,991.0,boxed,sentence_end,1198
test-1946,B,2,2.0,last_number,mid_cut,1536
test-1947,B,0,500.0,boxed,mid_cut,944
test-1947,B,1,244.0,final_answer,clean_final,1102
test-1947,B,2,233.0,boxed,mid_cut,1134
test-1948,B,0,17.0,final_answer,clean_final,733
test-1948,B,1,23.0,final_answer,clean_final,946
test-1948,B,2,19.0,final_answer,clean_final,912
test-1951,B,0,6.0,final_answer,clean_final,724
test-1951,B,1,6.0,final_answer,clean_final,681
test-1951,B,2,6.0,final_answer,clean_final,662
test-1953,B,0,149.0,boxed,mid_cut,452
test-1953,B,1,127.0,final_answer,clean_final,447
test-1953,B,2,151.0,final_answer,clean_final,383
test-1959,B,0,49.0,boxed,mid_cut,667
test-1959,B,1,92.0,final_answer,clean_final,1211
test-1959,B,2,2.0,last_number,mid_cut,1536
test-1964,B,0,177.0,boxed,mid_cut,658
test-1964,B,1,4.0,boxed,mid_cut,862
test-1964,B,2,177.0,final_answer,clean_final,647
test-1965,B,0,5.0,final_answer,clean_final,309
test-1965,B,1,5.0,final_answer,clean_final,248
test-1965,B,2,5.0,final_answer,clean_final,353
test-1967,B,0,27.0,boxed,mid_cut,785
test-1967,B,1,16807.0,final_answer,clean_final,1005
test-1967,B,2,3.0,boxed,mid_cut,774
test-1968,B,0,68.0,final_answer,clean_final,486
test-1968,B,1,41.0,final_answer,clean_final,510
test-1968,B,2,152.0,final_answer,clean_final,519
test-1969,B,0,110.0,final_answer,clean_final,508
test-1969,B,1,113.0,boxed,mid_cut,433
test-1969,B,2,110.0,final_answer,clean_final,425
test-1971,B,0,2.0,boxed,mid_cut,1290
test-1971,B,1,3.0,final_answer,clean_final,666
test-1971,B,2,3.0,final_answer,clean_final,805
test-1972,B,0,0.0,final_answer,clean_final,1020
test-1972,B,1,-1.0,final_answer,clean_final,1141
test-1972,B,2,-1.0,final_answer,clean_final,862
test-1973,B,0,143.0,final_answer,clean_final,982
test-1973,B,1,2047.0,final_answer,clean_final,894
test-1973,B,2,2047.0,final_answer,clean_final,1421
test-1974,B,0,4.0,final_answer,clean_final,677
test-1974,B,1,6.0,final_answer,clean_final,626
test-1974,B,2,5.0,final_answer,clean_final,530
test-1975,B,0,143489.0,final_answer,clean_final,1211
test-1975,B,1,59048.0,final_answer,clean_final,558
test-1975,B,2,531439.0,final_answer,clean_final,609
test-1976,B,0,1000.0,final_answer,clean_final,504
test-1976,B,1,1000.0,final_answer,clean_final,681
test-1976,B,2,1000.0,final_answer,clean_final,703
test-1977,B,0,44.0,final_answer,clean_final,375
test-1977,B,1,1988.0,final_answer,clean_final,790
test-1977,B,2,10.0,final_answer,clean_final,616
test-1978,B,0,13.0,final_answer,clean_final,824
test-1978,B,1,13.0,final_answer,clean_final,583
test-1978,B,2,12.0,final_answer,clean_final,393
test-1979,B,0,0.0,boxed,mid_cut,943
test-1979,B,1,-3.0,boxed,mid_cut,989
test-1979,B,2,65.0,final_answer,sentence_end,504
test-1980,B,0,2.0,final_answer,clean_final,384
test-1980,B,1,130769250.0,boxed,mid_cut,761
test-1980,B,2,33554432.0,final_answer,clean_final,396
test-1981,B,0,76.0,final_answer,clean_final,365
test-1981,B,1,48.0,final_answer,clean_final,373
test-1981,B,2,68.0,final_answer,clean_final,375
test-1982,B,0,91.0,final_answer,clean_final,561
test-1982,B,1,1844.0,boxed,mid_cut,714
test-1982,B,2,1593.0,final_answer,clean_final,1173
test-1984,B,0,3.0,final_answer,clean_final,549
test-1984,B,1,3.0,final_answer,clean_final,526
test-1984,B,2,4.0,final_answer,clean_final,652
test-1985,B,0,2.0,final_answer,clean_final,448
test-1985,B,1,2.0,final_answer,clean_final,687
test-1985,B,2,2.0,boxed,mid_cut,736
test-1986,B,0,32.0,final_answer,clean_final,549
test-1986,B,1,32.0,final_answer,clean_final,336
test-1986,B,2,3125.0,final_answer,clean_final,368
test-1987,B,0,6.0,final_answer,clean_final,554
test-1987,B,1,1.0,final_answer,clean_final,868
test-1987,B,2,0.0,final_answer,clean_final,844
test-1988,B,0,2.0,final_answer,clean_final,684
test-1988,B,1,1.0,final_answer,clean_final,739
test-1988,B,2,2.0,final_answer,clean_final,788
test-1990,B,0,10.0,final_answer,clean_final,640
test-1990,B,1,10.0,final_answer,clean_final,707
test-1990,B,2,10.0,final_answer,clean_final,503
test-1994,B,0,458.0,final_answer,clean_final,920
test-1994,B,1,521.0,final_answer,clean_final,964
test-1994,B,2,521.0,final_answer,clean_final,980
test-1996,B,0,1.0,final_answer,clean_final,950
test-1996,B,1,2.0,final_answer,clean_final,963
test-1996,B,2,6.0,last_number,sentence_end,1536
test-1998,B,0,1153.0,boxed,mid_cut,1055
test-1998,B,1,208.0,final_answer,clean_final,604
test-1998,B,2,6485.0,final_answer,clean_final,635
test-1999,B,0,240.0,final_answer,clean_final,948
test-1999,B,1,44.0,final_answer,clean_final,757
test-1999,B,2,175.0,final_answer,clean_final,748
test-0000,C2,0,60.0,final_answer,clean_final,441
test-0000,C2,1,60.0,final_answer,clean_final,411
test-0000,C2,2,60.0,final_answer,clean_final,242
test-0003,C2,0,7.0,final_answer,clean_final,209
test-0003,C2,1,14.0,final_answer,clean_final,533
test-0003,C2,2,21.0,final_answer,clean_final,374
test-0005,C2,0,25.0,final_answer,clean_final,990
test-0005,C2,1,1.0,final_answer,clean_final,728
test-0005,C2,2,10.0,final_answer,clean_final,1004
test-0006,C2,0,104.0,final_answer,clean_final,275
test-0006,C2,1,99.0,final_answer,clean_final,183
test-0006,C2,2,94.0,final_answer,clean_final,229
test-0007,C2,0,3.0,final_answer,clean_final,356
test-0007,C2,1,3.0,final_answer,clean_final,302
test-0007,C2,2,3.0,final_answer,clean_final,248
test-0009,C2,0,4.0,final_answer,clean_final,214
test-0009,C2,1,5.0,final_answer,clean_final,396
test-0009,C2,2,9.0,final_answer,clean_final,498
test-0011,C2,0,7690.0,final_answer,clean_final,400
test-0011,C2,1,7320.0,final_answer,clean_final,322
test-0011,C2,2,7291.0,final_answer,clean_final,377
test-0012,C2,0,50.0,final_answer,clean_final,437
test-0012,C2,1,42.0,final_answer,clean_final,299
test-0012,C2,2,41.0,final_answer,clean_final,449
test-0016,C2,0,4.0,final_answer,clean_final,181
test-0016,C2,1,4.0,final_answer,clean_final,159
test-0016,C2,2,4.0,final_answer,clean_final,206
test-0017,C2,0,3.0,final_answer,clean_final,382
test-0017,C2,1,3.0,final_answer,clean_final,337
test-0017,C2,2,3.0,final_answer,clean_final,230
test-0018,C2,0,1.0,final_answer,clean_final,993
test-0018,C2,1,4.0,final_answer,clean_final,926
test-0018,C2,2,100.0,final_answer,clean_final,918
test-0019,C2,0,500.0,final_answer,clean_final,340
test-0019,C2,1,500.0,final_answer,clean_final,285
test-0019,C2,2,410.0,final_answer,clean_final,277
test-0020,C2,0,22.0,final_answer,clean_final,876
test-0020,C2,1,18.0,final_answer,clean_final,835
test-0020,C2,2,27.0,final_answer,clean_final,850
test-0021,C2,0,4.0,final_answer,clean_final,967
test-0021,C2,1,4.0,final_answer,clean_final,686
test-0021,C2,2,4.0,final_answer,clean_final,1071
test-0022,C2,0,-1.0,final_answer,clean_final,494
test-0022,C2,1,-6.0,final_answer,clean_final,913
test-0022,C2,2,-6.0,final_answer,clean_final,741
test-0023,C2,0,1599.0,final_answer,clean_final,1120
test-0023,C2,1,1364.0,last_number,ends_digit,1536
test-0023,C2,2,17067.0,final_answer,clean_final,705
test-0028,C2,0,150.0,final_answer,clean_final,366
test-0028,C2,1,24.0,final_answer,clean_final,628
test-0028,C2,2,294.0,final_answer,clean_final,540
test-0029,C2,0,7.0,final_answer,clean_final,703
test-0029,C2,1,4.0,final_answer,clean_final,547
test-0029,C2,2,5.0,final_answer,clean_final,599
test-0030,C2,0,3.0,final_answer,clean_final,1315
test-0030,C2,1,6.0,final_answer,clean_final,379
test-0030,C2,2,6.0,final_answer,clean_final,415
test-0033,C2,0,3.0,final_answer,clean_final,842
test-0033,C2,1,3.0,final_answer,clean_final,1063
test-0033,C2,2,3.0,final_answer,clean_final,482
test-0034,C2,0,11.0,final_answer,clean_final,802
test-0034,C2,1,2.0,last_number,ends_digit,1536
test-0034,C2,2,12.0,final_answer,clean_final,873
test-0036,C2,0,142.0,final_answer,clean_final,221
test-0036,C2,1,142.0,final_answer,clean_final,238
test-0036,C2,2,142.0,final_answer,clean_final,241
test-0038,C2,0,1009.0,final_answer,clean_final,503
test-0038,C2,1,1.0,final_answer,clean_final,328
test-0038,C2,2,1.0,final_answer,clean_final,414
test-0045,C2,0,90.0,final_answer,clean_final,319
test-0045,C2,1,90.0,final_answer,clean_final,291
test-0045,C2,2,90.0,final_answer,clean_final,330
test-0046,C2,0,132.0,final_answer,clean_final,367
test-0046,C2,1,42.0,final_answer,clean_final,356
test-0046,C2,2,58786.0,final_answer,clean_final,408
test-0049,C2,0,,fail,clean_final,631
test-0049,C2,1,308.0,final_answer,clean_final,655
test-0049,C2,2,161.0,final_answer,clean_final,344
test-0050,C2,0,194040.0,final_answer,clean_final,510
test-0050,C2,1,495.0,final_answer,clean_final,529
test-0050,C2,2,297.0,final_answer,clean_final,399
test-0051,C2,0,4650.0,final_answer,clean_final,316
test-0051,C2,1,4650.0,final_answer,clean_final,331
test-0051,C2,2,4650.0,final_answer,clean_final,338
test-0052,C2,0,22.0,final_answer,clean_final,1276
test-0052,C2,1,2.0,final_answer,clean_final,1361
test-0052,C2,2,8.0,final_answer,clean_final,1439
test-0053,C2,0,0.0,final_answer,clean_final,113
test-0053,C2,1,3.0,final_answer,clean_final,328
test-0053,C2,2,2.0,final_answer,clean_final,469
test-0056,C2,0,756.0,final_answer,clean_final,133
test-0056,C2,1,756.0,final_answer,clean_final,195
test-0056,C2,2,756.0,final_answer,clean_final,99
test-0057,C2,0,0.0,final_answer,clean_final,1152
test-0057,C2,1,0.0,final_answer,clean_final,771
test-0057,C2,2,0.0,final_answer,clean_final,526
test-0059,C2,0,91.0,final_answer,clean_final,317
test-0059,C2,1,52.0,final_answer,clean_final,746
test-0059,C2,2,91.0,final_answer,clean_final,393
test-0060,C2,0,45.0,final_answer,clean_final,230
test-0060,C2,1,210.0,final_answer,clean_final,264
test-0060,C2,2,45.0,final_answer,clean_final,254
test-0062,C2,0,610.0,final_answer,clean_final,1337
test-0062,C2,1,16384.0,final_answer,clean_final,833
test-0062,C2,2,256.0,final_answer,clean_final,1298
test-0063,C2,0,4.0,final_answer,clean_final,1143
test-0063,C2,1,9999.0,final_answer,clean_final,705
test-0063,C2,2,9999.0,final_answer,clean_final,807
test-0065,C2,0,25.0,final_answer,clean_final,894
test-0065,C2,1,36.0,final_answer,clean_final,161
test-0065,C2,2,24.0,final_answer,clean_final,659
test-0072,C2,0,4020.0,final_answer,clean_final,581
test-0072,C2,1,2010.0,final_answer,clean_final,500
test-0072,C2,2,23567.0,final_answer,clean_final,345
test-0073,C2,0,284.0,final_answer,clean_final,529
test-0073,C2,1,284.0,final_answer,clean_final,539
test-0073,C2,2,284.0,final_answer,clean_final,535
test-0075,C2,0,13.0,final_answer,clean_final,571
test-0075,C2,1,9.0,final_answer,clean_final,568
test-0075,C2,2,34.0,final_answer,clean_final,682
test-0076,C2,0,18.0,final_answer,clean_final,779
test-0076,C2,1,-2.0,final_answer,clean_final,651
test-0076,C2,2,4.0,final_answer,clean_final,777
test-0078,C2,0,32.0,final_answer,clean_final,527
test-0078,C2,1,16.0,final_answer,clean_final,404
test-0078,C2,2,16.0,final_answer,clean_final,432
test-0079,C2,0,61133.0,final_answer,clean_final,790
test-0079,C2,1,38.0,final_answer,clean_final,793
test-0079,C2,2,361.0,final_answer,clean_final,769
test-0080,C2,0,5.0,final_answer,clean_final,455
test-0080,C2,1,3.0,final_answer,clean_final,386
test-0080,C2,2,5.0,final_answer,clean_final,413
test-0081,C2,0,960.0,final_answer,clean_final,912
test-0081,C2,1,2.0,last_number,ends_digit,1536
test-0081,C2,2,162.0,final_answer,clean_final,934
test-0083,C2,0,20.0,final_answer,clean_final,664
test-0083,C2,1,9.0,final_answer,clean_final,907
test-0083,C2,2,12.0,final_answer,clean_final,773
test-0085,C2,0,22.0,final_answer,clean_final,586
test-0085,C2,1,322.0,final_answer,clean_final,673
test-0085,C2,2,26.0,final_answer,clean_final,1284
test-0086,C2,0,20.0,final_answer,clean_final,144
test-0086,C2,1,20.0,final_answer,clean_final,170
test-0086,C2,2,20.0,final_answer,clean_final,147
test-0088,C2,0,990.0,final_answer,clean_final,472
test-0088,C2,1,990.0,final_answer,clean_final,481
test-0088,C2,2,990.0,final_answer,clean_final,616
test-0095,C2,0,17.0,final_answer,clean_final,658
test-0095,C2,1,60.0,final_answer,clean_final,649
test-0095,C2,2,17118.0,final_answer,clean_final,1063
test-0096,C2,0,0.0,final_answer,clean_final,509
test-0096,C2,1,116.0,final_answer,clean_final,517
test-0096,C2,2,14.0,final_answer,clean_final,386
test-0103,C2,0,6120600.0,final_answer,clean_final,637
test-0103,C2,1,3060300.0,final_answer,clean_final,413
test-0103,C2,2,2020.0,final_answer,clean_final,336
test-0105,C2,0,56.0,final_answer,clean_final,129
test-0105,C2,1,55.0,final_answer,clean_final,103
test-0105,C2,2,56.0,final_answer,clean_final,135
test-0106,C2,0,55.0,final_answer,clean_final,676
test-0106,C2,1,20.0,final_answer,clean_final,665
test-0106,C2,2,1033.0,final_answer,clean_final,872
test-0107,C2,0,100.0,final_answer,clean_final,821
test-0107,C2,1,25.0,final_answer,clean_final,810
test-0107,C2,2,10201.0,final_answer,clean_final,648
test-0109,C2,0,1.0,last_number,mid_cut,609
test-0109,C2,1,1.0,last_number,mid_cut,403
test-0109,C2,2,8.0,final_answer,clean_final,1151
test-0116,C2,0,6.0,final_answer,clean_final,345
test-0116,C2,1,18.0,final_answer,clean_final,314
test-0116,C2,2,9.0,final_answer,clean_final,532
test-0120,C2,0,123454.0,final_answer,clean_final,1133
test-0120,C2,1,129.0,final_answer,clean_final,742
test-0120,C2,2,2.0,final_answer,clean_final,899
test-0121,C2,0,2016.0,final_answer,clean_final,170
test-0121,C2,1,1986.0,final_answer,clean_final,118
test-0121,C2,2,1996.0,final_answer,clean_final,109
test-0123,C2,0,64.0,final_answer,clean_final,346
test-0123,C2,1,8.0,final_answer,clean_final,262
test-0123,C2,2,24.0,final_answer,clean_final,238
test-0126,C2,0,666.0,final_answer,clean_final,371
test-0126,C2,1,666.0,final_answer,clean_final,435
test-0126,C2,2,666.0,final_answer,clean_final,390
test-0127,C2,0,30.0,final_answer,clean_final,452
test-0127,C2,1,48.0,final_answer,clean_final,623
test-0127,C2,2,27.0,final_answer,clean_final,368
test-0128,C2,0,1998.0,final_answer,clean_final,343
test-0128,C2,1,3996.0,final_answer,clean_final,384
test-0128,C2,2,1000.0,final_answer,clean_final,436
test-0130,C2,0,64.0,final_answer,clean_final,887
test-0130,C2,1,62.0,final_answer,clean_final,566
test-0130,C2,2,2.0,final_answer,clean_final,891
test-0131,C2,0,66.0,final_answer,clean_final,678
test-0131,C2,1,45.0,final_answer,clean_final,488
test-0131,C2,2,23.0,final_answer,clean_final,772
test-0132,C2,0,90.0,final_answer,clean_final,173
test-0132,C2,1,90.0,final_answer,clean_final,187
test-0132,C2,2,90.0,final_answer,clean_final,221
test-0133,C2,0,50.0,final_answer,clean_final,709
test-0133,C2,1,9.0,final_answer,clean_final,1024
test-0133,C2,2,4950.0,final_answer,clean_final,1055
test-0134,C2,0,276.0,final_answer,clean_final,96
test-0134,C2,1,276.0,final_answer,clean_final,131
test-0134,C2,2,276.0,final_answer,clean_final,99
test-0135,C2,0,36.0,final_answer,clean_final,458
test-0135,C2,1,40.0,final_answer,clean_final,239
test-0135,C2,2,48.0,final_answer,clean_final,261
test-0136,C2,0,11232.0,final_answer,clean_final,346
test-0136,C2,1,11232.0,final_answer,clean_final,282
test-0136,C2,2,11232.0,final_answer,clean_final,329
test-0137,C2,0,35.0,final_answer,clean_final,321
test-0137,C2,1,33.0,final_answer,clean_final,341
test-0137,C2,2,16.0,final_answer,clean_final,330
test-0142,C2,0,6.0,final_answer,clean_final,263
test-0142,C2,1,6.0,final_answer,clean_final,142
test-0142,C2,2,7.0,final_answer,clean_final,433
test-0143,C2,0,100.0,final_answer,clean_final,917
test-0143,C2,1,700.0,final_answer,clean_final,460
test-0143,C2,2,700.0,final_answer,clean_final,474
test-0146,C2,0,180.0,final_answer,clean_final,402
test-0146,C2,1,2.0,final_answer,clean_final,446
test-0146,C2,2,4.0,final_answer,clean_final,415
test-0148,C2,0,1.0,final_answer,clean_final,1134
test-0148,C2,1,1.0,final_answer,clean_final,982
test-0148,C2,2,0.0,final_answer,clean_final,921
test-0151,C2,0,9.0,final_answer,clean_final,738
test-0151,C2,1,4.0,final_answer,clean_final,797
test-0151,C2,2,6.0,final_answer,clean_final,704
test-0153,C2,0,100.0,final_answer,clean_final,181
test-0153,C2,1,100.0,final_answer,clean_final,198
test-0153,C2,2,100.0,final_answer,clean_final,171
test-0154,C2,0,135.0,final_answer,clean_final,274
test-0154,C2,1,135.0,final_answer,clean_final,230
test-0154,C2,2,135.0,final_answer,clean_final,129
test-0155,C2,0,10.0,final_answer,clean_final,721
test-0155,C2,1,3.0,final_answer,clean_final,959
test-0155,C2,2,3.0,boxed,mid_cut,727
test-0157,C2,0,4740.0,final_answer,clean_final,440
test-0157,C2,1,1536.0,final_answer,clean_final,478
test-0157,C2,2,700.0,final_answer,clean_final,279
test-0158,C2,0,5.0,final_answer,clean_final,474
test-0158,C2,1,22.0,final_answer,clean_final,630
test-0158,C2,2,22.0,final_answer,clean_final,506
test-0159,C2,0,192.0,final_answer,clean_final,832
test-0159,C2,1,192.0,final_answer,clean_final,931
test-0159,C2,2,192.0,final_answer,clean_final,933
test-0162,C2,0,513.0,final_answer,clean_final,564
test-0162,C2,1,342.0,final_answer,clean_final,773
test-0162,C2,2,754.0,final_answer,clean_final,517
test-0164,C2,0,2.0,final_answer,clean_final,207
test-0164,C2,1,2.0,final_answer,clean_final,257
test-0164,C2,2,2.0,final_answer,clean_final,278
test-0166,C2,0,20.0,final_answer,clean_final,697
test-0166,C2,1,20.0,final_answer,clean_final,712
test-0166,C2,2,15.0,final_answer,clean_final,383
test-0168,C2,0,317.0,final_answer,clean_final,604
test-0168,C2,1,841.0,final_answer,clean_final,383
test-0168,C2,2,869.0,final_answer,clean_final,540
test-0169,C2,0,5.0,final_answer,clean_final,670
test-0169,C2,1,4.0,final_answer,clean_final,699
test-0169,C2,2,6.0,final_answer,clean_final,758
test-0171,C2,0,754.0,final_answer,clean_final,913
test-0171,C2,1,1261.0,final_answer,clean_final,797
test-0171,C2,2,1008.0,final_answer,clean_final,879
test-0172,C2,0,1006.0,final_answer,clean_final,542
test-0172,C2,1,1006.0,final_answer,clean_final,428
test-0172,C2,2,1006.0,final_answer,clean_final,527
test-0173,C2,0,2020.0,final_answer,clean_final,505
test-0173,C2,1,215.0,final_answer,clean_final,654
test-0173,C2,2,2020.0,final_answer,clean_final,467
test-0175,C2,0,3000.0,final_answer,clean_final,263
test-0175,C2,1,1650.0,final_answer,clean_final,158
test-0175,C2,2,3000.0,final_answer,clean_final,183
test-0178,C2,0,8.0,final_answer,clean_final,670
test-0178,C2,1,13.0,final_answer,clean_final,566
test-0178,C2,2,26.0,final_answer,clean_final,599
test-0179,C2,0,19.0,final_answer,clean_final,292
test-0179,C2,1,89.0,final_answer,clean_final,385
test-0179,C2,2,48.0,final_answer,clean_final,377
test-0184,C2,0,1495.0,final_answer,clean_final,868
test-0184,C2,1,300.0,final_answer,clean_final,331
test-0184,C2,2,15576.0,final_answer,clean_final,529
test-0186,C2,0,7.0,final_answer,clean_final,118
test-0186,C2,1,7.0,final_answer,clean_final,144
test-0186,C2,2,7.0,final_answer,clean_final,110
test-0187,C2,0,10988.0,final_answer,clean_final,1132
test-0187,C2,1,46.0,final_answer,clean_final,660
test-0187,C2,2,,fail,mid_cut,914
test-0189,C2,0,36.0,final_answer,clean_final,226
test-0189,C2,1,42.0,final_answer,clean_final,211
test-0189,C2,2,39.0,final_answer,clean_final,141
test-0190,C2,0,144.0,final_answer,clean_final,778
test-0190,C2,1,144.0,final_answer,clean_final,546
test-0190,C2,2,162.0,final_answer,clean_final,663
test-0191,C2,0,25.0,final_answer,clean_final,354
test-0191,C2,1,8.0,final_answer,clean_final,390
test-0191,C2,2,35.0,final_answer,clean_final,321
test-0192,C2,0,35.0,final_answer,clean_final,251
test-0192,C2,1,35.0,final_answer,clean_final,378
test-0192,C2,2,5.0,final_answer,clean_final,271
test-0193,C2,0,48.0,final_answer,clean_final,732
test-0193,C2,1,52.0,final_answer,clean_final,581
test-0193,C2,2,52.0,final_answer,clean_final,845
test-0195,C2,0,19.0,final_answer,clean_final,747
test-0195,C2,1,22.0,final_answer,clean_final,459
test-0195,C2,2,18.0,final_answer,clean_final,926
test-0198,C2,0,-1.0,final_answer,clean_final,780
test-0198,C2,1,103.0,final_answer,clean_final,995
test-0198,C2,2,49.0,final_answer,clean_final,831
test-0199,C2,0,60.0,final_answer,clean_final,474
test-0199,C2,1,60.0,final_answer,clean_final,728
test-0199,C2,2,60.0,final_answer,clean_final,616
test-0200,C2,0,200.0,final_answer,clean_final,242
test-0200,C2,1,200.0,final_answer,clean_final,221
test-0200,C2,2,200.0,final_answer,clean_final,271
test-0203,C2,0,18.0,final_answer,clean_final,230
test-0203,C2,1,3.0,final_answer,clean_final,163
test-0203,C2,2,9.0,final_answer,clean_final,187
test-0204,C2,0,9.0,final_answer,clean_final,977
test-0204,C2,1,3.0,final_answer,clean_final,705
test-0204,C2,2,14.0,final_answer,clean_final,926
test-0205,C2,0,27.0,final_answer,clean_final,750
test-0205,C2,1,0.0,final_answer,clean_final,677
test-0205,C2,2,0.0,final_answer,clean_final,800
test-0207,C2,0,45.0,final_answer,clean_final,516
test-0207,C2,1,127.0,final_answer,clean_final,291
test-0207,C2,2,25.0,final_answer,clean_final,356
test-0208,C2,0,,fail,mid_cut,1163
test-0208,C2,1,884.0,final_answer,clean_final,909
test-0208,C2,2,366.0,final_answer,clean_final,890
test-0209,C2,0,277.0,final_answer,clean_final,147
test-0209,C2,1,43.0,final_answer,clean_final,114
test-0209,C2,2,163.0,final_answer,clean_final,133
test-0211,C2,0,20.0,final_answer,clean_final,186
test-0211,C2,1,16.0,final_answer,clean_final,207
test-0211,C2,2,10.0,final_answer,clean_final,326
test-0212,C2,0,4951.0,final_answer,clean_final,319
test-0212,C2,1,5049.0,final_answer,clean_final,320
test-0212,C2,2,4951.0,final_answer,clean_final,435
test-0214,C2,0,4.0,final_answer,clean_final,309
test-0214,C2,1,2.0,final_answer,clean_final,271
test-0214,C2,2,4.0,final_answer,clean_final,338
test-0215,C2,0,84.0,final_answer,clean_final,928
test-0215,C2,1,48.0,final_answer,clean_final,779
test-0215,C2,2,80.0,final_answer,clean_final,804
test-0218,C2,0,192.0,final_answer,clean_final,573
test-0218,C2,1,192.0,final_answer,clean_final,535
test-0218,C2,2,192.0,final_answer,clean_final,401
test-0222,C2,0,8.0,final_answer,clean_final,709
test-0222,C2,1,8.0,final_answer,clean_final,437
test-0222,C2,2,66.0,final_answer,clean_final,528
test-0223,C2,0,699.0,final_answer,clean_final,356
test-0223,C2,1,39.0,final_answer,clean_final,963
test-0223,C2,2,101.0,final_answer,clean_final,486
test-0225,C2,0,48.0,final_answer,clean_final,660
test-0225,C2,1,50.0,final_answer,clean_final,609
test-0225,C2,2,10.0,final_answer,clean_final,1028
test-0226,C2,0,15.0,final_answer,clean_final,716
test-0226,C2,1,12.0,final_answer,clean_final,431
test-0226,C2,2,10.0,final_answer,clean_final,395
test-0228,C2,0,52.0,final_answer,clean_final,1053
test-0228,C2,1,55.0,final_answer,clean_final,1046
test-0228,C2,2,125.0,final_answer,clean_final,533
test-0233,C2,0,381.0,final_answer,clean_final,475
test-0233,C2,1,101.0,final_answer,clean_final,634
test-0233,C2,2,101.0,final_answer,clean_final,372
test-0234,C2,0,17.0,final_answer,clean_final,674
test-0234,C2,1,58.0,last_number,ends_digit,1536
test-0234,C2,2,564.0,final_answer,clean_final,643
test-0236,C2,0,376.0,final_answer,clean_final,966
test-0236,C2,1,3.0,final_answer,clean_final,1041
test-0236,C2,2,376.0,final_answer,clean_final,1179
test-0237,C2,0,231.0,final_answer,clean_final,463
test-0237,C2,1,451.0,final_answer,clean_final,486
test-0237,C2,2,231.0,final_answer,clean_final,764
test-0238,C2,0,4.0,final_answer,clean_final,921
test-0238,C2,1,2.0,final_answer,clean_final,668
test-0238,C2,2,3.0,final_answer,clean_final,746
test-0248,C2,0,,fail,clean_final,1206
test-0248,C2,1,40.0,final_answer,clean_final,719
test-0248,C2,2,8.0,final_answer,clean_final,1114
test-0249,C2,0,1260.0,final_answer,clean_final,147
test-0249,C2,1,1260.0,final_answer,clean_final,163
test-0249,C2,2,1260.0,final_answer,clean_final,115
test-0250,C2,0,620.0,final_answer,clean_final,503
test-0250,C2,1,484.0,final_answer,clean_final,566
test-0250,C2,2,30.0,final_answer,clean_final,578
test-0251,C2,0,251.0,final_answer,clean_final,742
test-0251,C2,1,247.0,final_answer,clean_final,675
test-0251,C2,2,384.0,final_answer,clean_final,465
test-0252,C2,0,8.0,final_answer,clean_final,551
test-0252,C2,1,14.0,final_answer,clean_final,339
test-0252,C2,2,12.0,final_answer,clean_final,484
test-0253,C2,0,5.0,final_answer,clean_final,637
test-0253,C2,1,2.0,final_answer,clean_final,812
test-0253,C2,2,7.0,final_answer,clean_final,828
test-0254,C2,0,9324.0,final_answer,clean_final,1275
test-0254,C2,1,721.0,final_answer,clean_final,1466
test-0254,C2,2,6502.0,final_answer,clean_final,1278
test-0260,C2,0,4.0,final_answer,clean_final,684
test-0260,C2,1,1.0,final_answer,clean_final,519
test-0260,C2,2,3.0,final_answer,clean_final,469
test-0261,C2,0,50.0,final_answer,clean_final,406
test-0261,C2,1,2.0,final_answer,clean_final,359
test-0261,C2,2,50.0,final_answer,clean_final,462
test-0263,C2,0,596.0,final_answer,clean_final,473
test-0263,C2,1,3.0,final_answer,clean_final,616
test-0263,C2,2,2.0,final_answer,clean_final,420
test-0265,C2,0,45.0,final_answer,clean_final,733
test-0265,C2,1,300.0,final_answer,clean_final,969
test-0265,C2,2,18.0,final_answer,clean_final,913
test-0266,C2,0,209.0,final_answer,clean_final,656
test-0266,C2,1,209.0,final_answer,clean_final,531
test-0266,C2,2,209.0,final_answer,clean_final,588
test-0267,C2,0,4.0,final_answer,clean_final,715
test-0267,C2,1,8.0,final_answer,clean_final,412
test-0267,C2,2,4.0,final_answer,clean_final,1068
test-0268,C2,0,19.0,final_answer,clean_final,446
test-0268,C2,1,13.0,final_answer,clean_final,254
test-0268,C2,2,31.0,final_answer,clean_final,298
test-0273,C2,0,504.0,final_answer,clean_final,541
test-0273,C2,1,803.0,final_answer,clean_final,899
test-0273,C2,2,405.0,final_answer,clean_final,1077
test-0274,C2,0,14414400.0,final_answer,clean_final,849
test-0274,C2,1,7207200.0,final_answer,clean_final,919
test-0274,C2,2,1441440.0,final_answer,clean_final,957
test-0280,C2,0,167.0,final_answer,clean_final,651
test-0280,C2,1,58.0,final_answer,clean_final,553
test-0280,C2,2,17.0,final_answer,clean_final,698
test-0281,C2,0,14.0,final_answer,clean_final,466
test-0281,C2,1,12.0,final_answer,clean_final,770
test-0281,C2,2,105.0,final_answer,clean_final,790
test-0285,C2,0,51.0,final_answer,clean_final,682
test-0285,C2,1,51.0,final_answer,clean_final,1156
test-0285,C2,2,51.0,final_answer,clean_final,854
test-0289,C2,0,11.0,final_answer,clean_final,916
test-0289,C2,1,115.0,final_answer,clean_final,882
test-0289,C2,2,25.0,final_answer,clean_final,1353
test-0290,C2,0,2.0,final_answer,clean_final,660
test-0290,C2,1,5.0,final_answer,clean_final,663
test-0290,C2,2,9.0,final_answer,clean_final,383
test-0291,C2,0,25.0,final_answer,clean_final,854
test-0291,C2,1,26.0,final_answer,clean_final,1085
test-0291,C2,2,14.0,final_answer,clean_final,879
test-0294,C2,0,21.0,final_answer,clean_final,236
test-0294,C2,1,8.0,final_answer,clean_final,144
test-0294,C2,2,8.0,final_answer,clean_final,383
test-0299,C2,0,5.0,final_answer,clean_final,509
test-0299,C2,1,31.0,final_answer,clean_final,850
test-0299,C2,2,51201.0,final_answer,clean_final,626
test-0300,C2,0,88.0,final_answer,clean_final,1441
test-0300,C2,1,165.0,final_answer,clean_final,702
test-0300,C2,2,990.0,final_answer,clean_final,882
test-0301,C2,0,,fail,clean_final,280
test-0301,C2,1,21.0,final_answer,clean_final,376
test-0301,C2,2,19.0,final_answer,clean_final,402
test-0302,C2,0,511.0,final_answer,clean_final,1317
test-0302,C2,1,211.0,final_answer,clean_final,915
test-0302,C2,2,1.0,last_number,mid_cut,1536
test-0303,C2,0,244.0,final_answer,clean_final,830
test-0303,C2,1,8.0,last_number,ends_digit,1536
test-0303,C2,2,272.0,final_answer,clean_final,1069
test-0305,C2,0,400.0,final_answer,clean_final,1314
test-0305,C2,1,101.0,final_answer,clean_final,928
test-0305,C2,2,83.0,final_answer,clean_final,1168
test-0308,C2,0,82.0,final_answer,clean_final,323
test-0308,C2,1,100.0,final_answer,clean_final,348
test-0308,C2,2,82.0,final_answer,clean_final,190
test-0310,C2,0,3.0,final_answer,clean_final,710
test-0310,C2,1,0.0,final_answer,clean_final,351
test-0310,C2,2,0.0,final_answer,clean_final,483
test-0311,C2,0,24244.0,final_answer,clean_final,830
test-0311,C2,1,177120.0,final_answer,clean_final,662
test-0311,C2,2,24129.0,final_answer,clean_final,881
test-0313,C2,0,1447330.0,final_answer,clean_final,124
test-0313,C2,1,654382.0,final_answer,clean_final,87
test-0313,C2,2,656802.0,final_answer,clean_final,201
test-0314,C2,0,6.0,final_answer,clean_final,672
test-0314,C2,1,10.0,final_answer,clean_final,592
test-0314,C2,2,6.0,final_answer,clean_final,591
test-0319,C2,0,203.0,final_answer,clean_final,822
test-0319,C2,1,203.0,final_answer,clean_final,935
test-0319,C2,2,160.0,final_answer,clean_final,709
test-0320,C2,0,37.0,final_answer,clean_final,480
test-0320,C2,1,17.0,final_answer,clean_final,362
test-0320,C2,2,36.0,final_answer,clean_final,623
test-0324,C2,0,52.0,final_answer,clean_final,718
test-0324,C2,1,52.0,final_answer,clean_final,600
test-0324,C2,2,104.0,final_answer,clean_final,757
test-0326,C2,0,5.0,final_answer,clean_final,547
test-0326,C2,1,4.0,final_answer,clean_final,578
test-0326,C2,2,0.0,final_answer,clean_final,689
test-0327,C2,0,17.0,final_answer,clean_final,687
test-0327,C2,1,19.0,final_answer,clean_final,384
test-0327,C2,2,4.0,final_answer,clean_final,524
test-0328,C2,0,5.0,final_answer,clean_final,859
test-0328,C2,1,7.0,final_answer,clean_final,379
test-0328,C2,2,5.0,final_answer,clean_final,466
test-0331,C2,0,4.0,final_answer,clean_final,542
test-0331,C2,1,0.0,final_answer,clean_final,954
test-0331,C2,2,6.0,final_answer,clean_final,875
test-0334,C2,0,2.0,final_answer,clean_final,352
test-0334,C2,1,2.0,final_answer,clean_final,335
test-0334,C2,2,2.0,final_answer,clean_final,377
test-0335,C2,0,2128.0,final_answer,clean_final,632
test-0335,C2,1,15.0,final_answer,clean_final,265
test-0335,C2,2,34.0,final_answer,clean_final,525
test-0338,C2,0,160.0,final_answer,clean_final,830
test-0338,C2,1,24.0,final_answer,clean_final,478
test-0338,C2,2,240.0,final_answer,clean_final,893
test-0341,C2,0,37.0,final_answer,clean_final,730
test-0341,C2,1,37.0,final_answer,clean_final,603
test-0341,C2,2,217.0,final_answer,clean_final,475
test-0343,C2,0,222.0,final_answer,clean_final,827
test-0343,C2,1,185.0,final_answer,clean_final,545
test-0343,C2,2,447.0,final_answer,clean_final,777
test-0345,C2,0,31.0,final_answer,clean_final,451
test-0345,C2,1,17.0,final_answer,clean_final,243
test-0345,C2,2,5.0,final_answer,clean_final,206
test-0346,C2,0,160.0,final_answer,clean_final,616
test-0346,C2,1,224.0,final_answer,clean_final,544
test-0346,C2,2,84.0,final_answer,clean_final,480
test-0349,C2,0,510.0,final_answer,clean_final,593
test-0349,C2,1,1568.0,final_answer,clean_final,688
test-0349,C2,2,510.0,final_answer,clean_final,758
test-0352,C2,0,16.0,final_answer,clean_final,289
test-0352,C2,1,16.0,final_answer,clean_final,294
test-0352,C2,2,16.0,final_answer,clean_final,301
test-0354,C2,0,336.0,final_answer,clean_final,227
test-0354,C2,1,336.0,final_answer,clean_final,230
test-0354,C2,2,336.0,final_answer,clean_final,240
test-0355,C2,0,486.0,final_answer,clean_final,719
test-0355,C2,1,90.0,final_answer,clean_final,847
test-0355,C2,2,45.0,final_answer,clean_final,705
test-0357,C2,0,14.0,final_answer,clean_final,259
test-0357,C2,1,14.0,final_answer,clean_final,308
test-0357,C2,2,35.0,final_answer,clean_final,312
test-0358,C2,0,9.0,final_answer,clean_final,503
test-0358,C2,1,9.0,final_answer,clean_final,505
test-0358,C2,2,10.0,final_answer,clean_final,356
test-0363,C2,0,50.0,final_answer,clean_final,176
test-0363,C2,1,50.0,final_answer,clean_final,196
test-0363,C2,2,50.0,final_answer,clean_final,165
test-0364,C2,0,345.0,final_answer,clean_final,443
test-0364,C2,1,630.0,final_answer,clean_final,733
test-0364,C2,2,540.0,final_answer,clean_final,534
test-0365,C2,0,103.0,final_answer,clean_final,678
test-0365,C2,1,50.0,final_answer,clean_final,423
test-0365,C2,2,399.0,final_answer,clean_final,716
test-0366,C2,0,340.0,final_answer,clean_final,303
test-0366,C2,1,340.0,final_answer,clean_final,294
test-0366,C2,2,340.0,final_answer,clean_final,312
test-0370,C2,0,3.0,final_answer,clean_final,876
test-0370,C2,1,-1.0,final_answer,clean_final,958
test-0370,C2,2,3.0,final_answer,clean_final,1300
test-0371,C2,0,25.0,final_answer,clean_final,715
test-0371,C2,1,17.0,final_answer,clean_final,1138
test-0371,C2,2,16.0,final_answer,clean_final,759
test-0374,C2,0,34.0,final_answer,clean_final,777
test-0374,C2,1,9.0,final_answer,clean_final,815
test-0374,C2,2,25.0,final_answer,clean_final,770
test-0375,C2,0,1093.0,final_answer,clean_final,760
test-0375,C2,1,858.0,final_answer,clean_final,1276
test-0375,C2,2,702.0,final_answer,clean_final,853
test-0376,C2,0,7.0,final_answer,clean_final,555
test-0376,C2,1,49.0,final_answer,clean_final,873
test-0376,C2,2,36.0,last_number,mid_cut,1536
test-0377,C2,0,1.0,final_answer,clean_final,734
test-0377,C2,1,1.0,final_answer,clean_final,655
test-0377,C2,2,1.0,final_answer,clean_final,634
test-0378,C2,0,149.0,final_answer,clean_final,626
test-0378,C2,1,147.0,final_answer,clean_final,892
test-0378,C2,2,145.0,final_answer,clean_final,620
test-0379,C2,0,52.0,final_answer,clean_final,427
test-0379,C2,1,26.0,final_answer,clean_final,835
test-0379,C2,2,40.0,final_answer,clean_final,682
test-0383,C2,0,240.0,final_answer,clean_final,805
test-0383,C2,1,34.0,final_answer,clean_final,671
test-0383,C2,2,3.0,final_answer,clean_final,755
test-0384,C2,0,11.0,final_answer,clean_final,397
test-0384,C2,1,10.0,final_answer,clean_final,372
test-0384,C2,2,10.0,final_answer,clean_final,380
test-0385,C2,0,1993.0,final_answer,clean_final,822
test-0385,C2,1,1993.0,final_answer,clean_final,610
test-0385,C2,2,3974322.0,final_answer,clean_final,253
test-0386,C2,0,21.0,final_answer,clean_final,566
test-0386,C2,1,8.0,final_answer,clean_final,881
test-0386,C2,2,7.0,final_answer,clean_final,425
test-0387,C2,0,0.0,final_answer,clean_final,365
test-0387,C2,1,351.0,last_number,clean_final,728
test-0387,C2,2,-33554432.0,final_answer,clean_final,434
test-0389,C2,0,944.0,final_answer,clean_final,571
test-0389,C2,1,210.0,final_answer,clean_final,621
test-0389,C2,2,360.0,final_answer,clean_final,863
test-0390,C2,0,51.0,final_answer,clean_final,319
test-0390,C2,1,76.0,final_answer,clean_final,618
test-0390,C2,2,46.0,final_answer,clean_final,390
test-0392,C2,0,2.0,final_answer,clean_final,498
test-0392,C2,1,1962.0,final_answer,clean_final,638
test-0392,C2,2,1972.0,final_answer,clean_final,1143
test-0395,C2,0,1347.0,final_answer,clean_final,876
test-0395,C2,1,4.0,final_answer,clean_final,969
test-0395,C2,2,2.0,final_answer,clean_final,862
test-0397,C2,0,11.0,final_answer,clean_final,408
test-0397,C2,1,19.0,final_answer,clean_final,911
test-0397,C2,2,27.0,final_answer,clean_final,457
test-0401,C2,0,115.0,final_answer,clean_final,203
test-0401,C2,1,115.0,final_answer,clean_final,226
test-0401,C2,2,115.0,final_answer,clean_final,247
test-0403,C2,0,550.0,final_answer,clean_final,570
test-0403,C2,1,550.0,final_answer,clean_final,759
test-0403,C2,2,38.0,final_answer,clean_final,568
test-0405,C2,0,4.0,final_answer,clean_final,139
test-0405,C2,1,2.0,final_answer,clean_final,100
test-0405,C2,2,2.0,final_answer,clean_final,128
test-0407,C2,0,33.0,final_answer,clean_final,375
test-0407,C2,1,570.0,final_answer,clean_final,279
test-0407,C2,2,80.0,final_answer,clean_final,658
test-0408,C2,0,96.0,final_answer,clean_final,397
test-0408,C2,1,9.0,final_answer,clean_final,738
test-0408,C2,2,74.0,final_answer,clean_final,373
test-0410,C2,0,480.0,final_answer,clean_final,501
test-0410,C2,1,120.0,final_answer,clean_final,614
test-0410,C2,2,60.0,final_answer,clean_final,936
test-0411,C2,0,1.0,final_answer,clean_final,290
test-0411,C2,1,1.0,final_answer,clean_final,339
test-0411,C2,2,0.0,final_answer,clean_final,1243
test-0415,C2,0,2019.0,final_answer,clean_final,631
test-0415,C2,1,4036.0,final_answer,clean_final,582
test-0415,C2,2,4034.0,final_answer,clean_final,578
test-0417,C2,0,10.0,final_answer,clean_final,907
test-0417,C2,1,10.0,final_answer,clean_final,730
test-0417,C2,2,1.0,final_answer,clean_final,1215
test-0419,C2,0,365.0,final_answer,clean_final,478
test-0419,C2,1,365.0,final_answer,clean_final,579
test-0419,C2,2,672.0,final_answer,clean_final,599
test-0420,C2,0,98790.0,final_answer,clean_final,438
test-0420,C2,1,3270.0,final_answer,clean_final,1250
test-0420,C2,2,89000.0,final_answer,clean_final,687
test-0421,C2,0,3.0,final_answer,clean_final,892
test-0421,C2,1,4.0,final_answer,clean_final,606
test-0421,C2,2,4.0,final_answer,clean_final,888
test-0422,C2,0,53.0,final_answer,clean_final,428
test-0422,C2,1,101.0,final_answer,clean_final,314
test-0422,C2,2,85.0,final_answer,clean_final,636
test-0423,C2,0,93.0,final_answer,clean_final,597
test-0423,C2,1,87.0,final_answer,clean_final,691
test-0423,C2,2,93.0,final_answer,clean_final,523
test-0429,C2,0,12.0,final_answer,clean_final,792
test-0429,C2,1,29.0,final_answer,clean_final,958
test-0429,C2,2,579.0,final_answer,clean_final,686
test-0430,C2,0,529.0,final_answer,clean_final,580
test-0430,C2,1,25.0,final_answer,clean_final,697
test-0430,C2,2,27.0,final_answer,clean_final,870
test-0431,C2,0,5.0,final_answer,clean_final,177
test-0431,C2,1,5.0,final_answer,clean_final,246
test-0431,C2,2,5.0,final_answer,clean_final,185
test-0433,C2,0,8.0,last_number,clean_final,146
test-0433,C2,1,14.0,final_answer,clean_final,201
test-0433,C2,2,14.0,final_answer,clean_final,204
test-0435,C2,0,5.0,final_answer,clean_final,346
test-0435,C2,1,5.0,final_answer,clean_final,348
test-0435,C2,2,429.0,final_answer,clean_final,445
test-0436,C2,0,1296.0,final_answer,clean_final,878
test-0436,C2,1,162.0,final_answer,clean_final,657
test-0436,C2,2,216.0,final_answer,clean_final,673
test-0437,C2,0,162.0,final_answer,clean_final,841
test-0437,C2,1,48.0,final_answer,clean_final,721
test-0437,C2,2,81.0,final_answer,clean_final,869
test-0439,C2,0,242.0,final_answer,clean_final,695
test-0439,C2,1,10.0,final_answer,clean_final,952
test-0439,C2,2,6.0,final_answer,clean_final,831
test-0440,C2,0,3.0,final_answer,clean_final,204
test-0440,C2,1,3.0,final_answer,clean_final,138
test-0440,C2,2,3.0,final_answer,clean_final,148
test-0442,C2,0,792.0,final_answer,clean_final,730
test-0442,C2,1,549.0,final_answer,clean_final,955
test-0442,C2,2,120.0,final_answer,clean_final,859
test-0444,C2,0,252.0,final_answer,clean_final,676
test-0444,C2,1,49.0,final_answer,clean_final,437
test-0444,C2,2,35.0,final_answer,clean_final,523
test-0445,C2,0,175.0,final_answer,clean_final,710
test-0445,C2,1,294.0,final_answer,clean_final,937
test-0445,C2,2,2.0,final_answer,clean_final,623
test-0446,C2,0,554.0,final_answer,clean_final,647
test-0446,C2,1,379.0,final_answer,clean_final,753
test-0446,C2,2,545.0,final_answer,clean_final,697
test-0447,C2,0,184.0,final_answer,clean_final,762
test-0447,C2,1,560.0,final_answer,clean_final,594
test-0447,C2,2,168.0,final_answer,clean_final,490
test-0449,C2,0,-7.0,final_answer,clean_final,235
test-0449,C2,1,-7.0,final_answer,clean_final,448
test-0449,C2,2,-8.0,final_answer,clean_final,656
test-0453,C2,0,3.0,final_answer,clean_final,117
test-0453,C2,1,3.0,final_answer,clean_final,185
test-0453,C2,2,0.0,final_answer,clean_final,125
test-0454,C2,0,42.0,final_answer,clean_final,326
test-0454,C2,1,42.0,final_answer,clean_final,275
test-0454,C2,2,42.0,final_answer,clean_final,387
test-0457,C2,0,280.0,final_answer,clean_final,564
test-0457,C2,1,280.0,final_answer,clean_final,860
test-0457,C2,2,280.0,final_answer,clean_final,912
test-0458,C2,0,0.0,final_answer,clean_final,435
test-0458,C2,1,0.0,final_answer,clean_final,396
test-0458,C2,2,0.0,final_answer,clean_final,569
test-0459,C2,0,5.0,final_answer,clean_final,153
test-0459,C2,1,3.0,final_answer,clean_final,289
test-0459,C2,2,7.0,final_answer,clean_final,131
test-0460,C2,0,12.0,final_answer,clean_final,1036
test-0460,C2,1,14.0,final_answer,clean_final,794
test-0460,C2,2,8.0,final_answer,clean_final,655
test-0461,C2,0,4.0,final_answer,clean_final,335
test-0461,C2,1,4.0,final_answer,clean_final,206
test-0461,C2,2,-6.0,final_answer,clean_final,213
test-0467,C2,0,400.0,final_answer,clean_final,379
test-0467,C2,1,400.0,final_answer,clean_final,847
test-0467,C2,2,400.0,final_answer,clean_final,502
test-0471,C2,0,48.0,final_answer,clean_final,710
test-0471,C2,1,14.0,final_answer,clean_final,560
test-0471,C2,2,207.0,final_answer,clean_final,611
test-0473,C2,0,44.0,final_answer,clean_final,534
test-0473,C2,1,2.0,final_answer,clean_final,679
test-0473,C2,2,8.0,final_answer,clean_final,919
test-0474,C2,0,196.0,final_answer,clean_final,774
test-0474,C2,1,84707280.0,final_answer,clean_final,616
test-0474,C2,2,196.0,final_answer,clean_final,737
test-0476,C2,0,200.0,final_answer,clean_final,639
test-0476,C2,1,200.0,final_answer,clean_final,557
test-0476,C2,2,20000.0,final_answer,clean_final,489
test-0478,C2,0,17.0,final_answer,clean_final,594
test-0478,C2,1,15.0,final_answer,clean_final,426
test-0478,C2,2,1.0,final_answer,clean_final,321
test-0479,C2,0,13.0,final_answer,clean_final,538
test-0479,C2,1,17.0,final_answer,clean_final,420
test-0479,C2,2,11.0,final_answer,clean_final,809
test-0481,C2,0,72.0,final_answer,clean_final,680
test-0481,C2,1,5040.0,final_answer,clean_final,783
test-0481,C2,2,48.0,final_answer,clean_final,364
test-0484,C2,0,3082.0,final_answer,clean_final,653
test-0484,C2,1,554.0,final_answer,clean_final,953
test-0484,C2,2,36.0,final_answer,clean_final,1033
test-0486,C2,0,10.0,final_answer,clean_final,877
test-0486,C2,1,3.0,final_answer,clean_final,631
test-0486,C2,2,3.0,final_answer,clean_final,1079
test-0487,C2,0,383.0,final_answer,clean_final,428
test-0487,C2,1,508.0,final_answer,clean_final,492
test-0487,C2,2,508.0,final_answer,clean_final,371
test-0488,C2,0,10440.0,final_answer,clean_final,258
test-0488,C2,1,10512.0,final_answer,clean_final,343
test-0488,C2,2,10439.0,final_answer,clean_final,212
test-0491,C2,0,65000.0,final_answer,clean_final,766
test-0491,C2,1,500.0,final_answer,clean_final,616
test-0491,C2,2,100.0,final_answer,clean_final,867
test-0493,C2,0,994.0,final_answer,clean_final,372
test-0493,C2,1,1003.0,final_answer,clean_final,557
test-0493,C2,2,1000.0,final_answer,clean_final,1317
test-0494,C2,0,140.0,final_answer,clean_final,437
test-0494,C2,1,40.0,final_answer,clean_final,832
test-0494,C2,2,35.0,final_answer,clean_final,666
test-0498,C2,0,14.0,final_answer,clean_final,736
test-0498,C2,1,63.0,final_answer,clean_final,480
test-0498,C2,2,7.0,final_answer,clean_final,508
test-0499,C2,0,164.0,final_answer,clean_final,541
test-0499,C2,1,68.0,final_answer,clean_final,766
test-0499,C2,2,160.0,final_answer,clean_final,813
test-0501,C2,0,231355.0,final_answer,clean_final,928
test-0501,C2,1,1011029.0,final_answer,clean_final,450
test-0501,C2,2,2010.0,final_answer,clean_final,567
test-0504,C2,0,370.0,final_answer,clean_final,775
test-0504,C2,1,961.0,final_answer,clean_final,842
test-0504,C2,2,2.0,final_answer,clean_final,889
test-0505,C2,0,162.0,final_answer,clean_final,1159
test-0505,C2,1,153846.0,final_answer,clean_final,889
test-0505,C2,2,16979.0,final_answer,clean_final,858
test-0506,C2,0,45.0,final_answer,clean_final,584
test-0506,C2,1,10.0,final_answer,clean_final,832
test-0506,C2,2,31.0,final_answer,clean_final,848
test-0507,C2,0,12.0,final_answer,clean_final,535
test-0507,C2,1,12.0,final_answer,clean_final,552
test-0507,C2,2,12.0,final_answer,clean_final,501
test-0508,C2,0,46.0,final_answer,clean_final,703
test-0508,C2,1,46.0,final_answer,clean_final,539
test-0508,C2,2,19.0,final_answer,clean_final,715
test-0510,C2,0,252.0,final_answer,clean_final,480
test-0510,C2,1,240.0,final_answer,clean_final,813
test-0510,C2,2,1.0,final_answer,clean_final,746
test-0511,C2,0,6.0,final_answer,clean_final,1050
test-0511,C2,1,13.0,final_answer,clean_final,644
test-0511,C2,2,8.0,final_answer,clean_final,582
test-0512,C2,0,999.0,final_answer,clean_final,1281
test-0512,C2,1,999.0,final_answer,clean_final,1272
test-0512,C2,2,31.0,final_answer,clean_final,1225
test-0513,C2,0,139.0,final_answer,clean_final,143
test-0513,C2,1,270.0,final_answer,clean_final,292
test-0513,C2,2,256.0,final_answer,clean_final,366
test-0514,C2,0,14.0,final_answer,clean_final,538
test-0514,C2,1,9.0,final_answer,clean_final,655
test-0514,C2,2,9.0,final_answer,clean_final,519
test-0516,C2,0,25.0,final_answer,clean_final,246
test-0516,C2,1,25.0,final_answer,clean_final,264
test-0516,C2,2,0.0,final_answer,clean_final,495
test-0518,C2,0,186.0,final_answer,clean_final,783
test-0518,C2,1,126.0,final_answer,clean_final,581
test-0518,C2,2,126.0,final_answer,clean_final,1099
test-0520,C2,0,25.0,final_answer,clean_final,330
test-0520,C2,1,100.0,final_answer,clean_final,191
test-0520,C2,2,150.0,final_answer,clean_final,277
test-0523,C2,0,3.0,final_answer,clean_final,426
test-0523,C2,1,3.0,final_answer,clean_final,532
test-0523,C2,2,2.0,last_number,ends_digit,308
test-0525,C2,0,456.0,final_answer,clean_final,1051
test-0525,C2,1,324.0,final_answer,clean_final,490
test-0525,C2,2,18.0,final_answer,clean_final,596
test-0528,C2,0,294.0,final_answer,clean_final,916
test-0528,C2,1,8.0,final_answer,clean_final,825
test-0528,C2,2,8.0,final_answer,clean_final,651
test-0529,C2,0,1296.0,final_answer,clean_final,590
test-0529,C2,1,1295.0,final_answer,clean_final,272
test-0529,C2,2,169.0,final_answer,clean_final,672
test-0533,C2,0,687.0,final_answer,clean_final,585
test-0533,C2,1,46.0,final_answer,clean_final,454
test-0533,C2,2,25.0,final_answer,clean_final,736
test-0535,C2,0,2.0,final_answer,clean_final,590
test-0535,C2,1,6.0,final_answer,clean_final,825
test-0535,C2,2,5.0,final_answer,clean_final,731
test-0537,C2,0,64.0,final_answer,clean_final,424
test-0537,C2,1,8.0,final_answer,clean_final,366
test-0537,C2,2,12.0,final_answer,clean_final,751
test-0538,C2,0,1048577.0,final_answer,clean_final,987
test-0538,C2,1,2049.0,final_answer,clean_final,270
test-0538,C2,2,1025.0,final_answer,clean_final,639
test-0541,C2,0,43.0,final_answer,clean_final,737
test-0541,C2,1,142.0,final_answer,clean_final,889
test-0541,C2,2,20.0,final_answer,clean_final,890
test-0545,C2,0,5.0,final_answer,clean_final,698
test-0545,C2,1,5.0,final_answer,clean_final,570
test-0545,C2,2,5.0,final_answer,clean_final,806
test-0546,C2,0,7.0,final_answer,clean_final,534
test-0546,C2,1,2.0,final_answer,clean_final,930
test-0546,C2,2,329.0,final_answer,clean_final,1032
test-0547,C2,0,21383.0,final_answer,clean_final,512
test-0547,C2,1,2138360.0,final_answer,clean_final,441
test-0547,C2,2,2138360.0,final_answer,clean_final,611
test-0550,C2,0,54.0,final_answer,clean_final,574
test-0550,C2,1,9.0,final_answer,clean_final,415
test-0550,C2,2,108.0,final_answer,clean_final,552
test-0551,C2,0,5.0,final_answer,clean_final,504
test-0551,C2,1,5.0,final_answer,clean_final,501
test-0551,C2,2,5.0,final_answer,clean_final,507
test-0559,C2,0,745.0,final_answer,clean_final,1226
test-0559,C2,1,100.0,final_answer,clean_final,1123
test-0559,C2,2,1199.0,final_answer,clean_final,1165
test-0563,C2,0,1.0,final_answer,clean_final,856
test-0563,C2,1,36.0,final_answer,clean_final,614
test-0563,C2,2,45.0,final_answer,clean_final,563
test-0566,C2,0,25.0,final_answer,clean_final,1306
test-0566,C2,1,1.0,final_answer,clean_final,1022
test-0566,C2,2,36.0,final_answer,clean_final,1028
test-0568,C2,0,200.0,final_answer,clean_final,184
test-0568,C2,1,200.0,final_answer,clean_final,218
test-0568,C2,2,250.0,final_answer,clean_final,203
test-0570,C2,0,0.0,final_answer,clean_final,660
test-0570,C2,1,-1.0,final_answer,clean_final,1002
test-0570,C2,2,-5.0,final_answer,clean_final,741
test-0571,C2,0,10.0,final_answer,clean_final,707
test-0571,C2,1,170.0,final_answer,clean_final,665
test-0571,C2,2,170.0,final_answer,clean_final,750
test-0577,C2,0,2125.0,final_answer,clean_final,312
test-0577,C2,1,476000.0,final_answer,clean_final,447
test-0577,C2,2,32000.0,final_answer,clean_final,336
test-0580,C2,0,23.0,final_answer,clean_final,310
test-0580,C2,1,24.0,final_answer,clean_final,255
test-0580,C2,2,22.0,final_answer,clean_final,150
test-0581,C2,0,4.0,final_answer,clean_final,850
test-0581,C2,1,2.0,final_answer,clean_final,1226
test-0581,C2,2,4.0,final_answer,clean_final,1045
test-0582,C2,0,1600.0,final_answer,clean_final,506
test-0582,C2,1,11751.0,final_answer,clean_final,601
test-0582,C2,2,2278.0,final_answer,clean_final,672
test-0583,C2,0,6.0,final_answer,clean_final,566
test-0583,C2,1,7.0,final_answer,clean_final,439
test-0583,C2,2,-4.0,final_answer,clean_final,660
test-0587,C2,0,977.0,final_answer,clean_final,1377
test-0587,C2,1,414.0,final_answer,clean_final,877
test-0587,C2,2,977.0,final_answer,clean_final,518
test-0588,C2,0,216.0,final_answer,clean_final,943
test-0588,C2,1,744.0,final_answer,clean_final,750
test-0588,C2,2,0.0,final_answer,clean_final,927
test-0589,C2,0,97.0,final_answer,clean_final,318
test-0589,C2,1,104.0,final_answer,clean_final,267
test-0589,C2,2,100.0,final_answer,clean_final,451
test-0593,C2,0,4.0,final_answer,clean_final,695
test-0593,C2,1,3.0,final_answer,clean_final,451
test-0593,C2,2,360.0,final_answer,clean_final,325
test-0594,C2,0,10000.0,final_answer,clean_final,971
test-0594,C2,1,7192.0,final_answer,clean_final,1466
test-0594,C2,2,7890.0,final_answer,clean_final,809
test-0596,C2,0,3.0,final_answer,clean_final,508
test-0596,C2,1,4.0,final_answer,clean_final,1513
test-0596,C2,2,3.0,final_answer,clean_final,1140
test-0598,C2,0,-29.0,final_answer,clean_final,869
test-0598,C2,1,-29.0,final_answer,clean_final,523
test-0598,C2,2,-16.0,final_answer,clean_final,816
test-0599,C2,0,31.0,final_answer,clean_final,439
test-0599,C2,1,20.0,final_answer,clean_final,742
test-0599,C2,2,31.0,final_answer,clean_final,592
test-0600,C2,0,78.0,final_answer,clean_final,733
test-0600,C2,1,30.0,final_answer,clean_final,1008
test-0600,C2,2,78.0,final_answer,clean_final,746
test-0601,C2,0,4029.0,final_answer,clean_final,575
test-0601,C2,1,0.0,final_answer,clean_final,826
test-0601,C2,2,8058.0,final_answer,clean_final,783
test-0602,C2,0,-26.0,final_answer,clean_final,474
test-0602,C2,1,-26.0,final_answer,clean_final,445
test-0602,C2,2,-18.0,final_answer,clean_final,632
test-0604,C2,0,1000.0,final_answer,clean_final,767
test-0604,C2,1,708.0,final_answer,clean_final,797
test-0604,C2,2,500002.0,answer_is,mid_cut,808
test-0605,C2,0,8.0,final_answer,clean_final,867
test-0605,C2,1,4020.0,final_answer,clean_final,582
test-0605,C2,2,9.0,final_answer,clean_final,1424
test-0608,C2,0,4.0,final_answer,clean_final,523
test-0608,C2,1,4.0,final_answer,clean_final,500
test-0608,C2,2,28.0,final_answer,clean_final,718
test-0612,C2,0,16.0,final_answer,clean_final,172
test-0612,C2,1,16.0,final_answer,clean_final,196
test-0612,C2,2,16.0,final_answer,clean_final,174
test-0614,C2,0,0.0,final_answer,clean_final,221
test-0614,C2,1,57.0,final_answer,clean_final,192
test-0614,C2,2,48.0,final_answer,clean_final,177
test-0615,C2,0,41.0,final_answer,clean_final,523
test-0615,C2,1,2.0,final_answer,clean_final,784
test-0615,C2,2,15.0,final_answer,clean_final,814
test-0619,C2,0,24.0,final_answer,clean_final,349
test-0619,C2,1,18.0,final_answer,clean_final,419
test-0619,C2,2,72.0,final_answer,clean_final,643
test-0623,C2,0,401.0,final_answer,clean_final,792
test-0623,C2,1,718.0,final_answer,clean_final,495
test-0623,C2,2,594.0,final_answer,clean_final,963
test-0624,C2,0,12.0,final_answer,clean_final,159
test-0624,C2,1,8.0,final_answer,clean_final,105
test-0624,C2,2,8.0,final_answer,clean_final,205
test-0630,C2,0,0.0,final_answer,clean_final,608
test-0630,C2,1,0.0,final_answer,clean_final,628
test-0630,C2,2,0.0,final_answer,clean_final,819
test-0632,C2,0,92.0,final_answer,clean_final,278
test-0632,C2,1,100.0,final_answer,clean_final,237
test-0632,C2,2,100.0,final_answer,clean_final,168
test-0636,C2,0,5.0,final_answer,clean_final,153
test-0636,C2,1,5.0,final_answer,clean_final,205
test-0636,C2,2,5.0,final_answer,clean_final,128
test-0637,C2,0,49152.0,final_answer,clean_final,802
test-0637,C2,1,125.0,final_answer,clean_final,904
test-0637,C2,2,1.0,final_answer,clean_final,581
test-0641,C2,0,1400.0,final_answer,clean_final,403
test-0641,C2,1,1400.0,final_answer,clean_final,282
test-0641,C2,2,1750.0,final_answer,clean_final,480
test-0642,C2,0,36.0,final_answer,clean_final,391
test-0642,C2,1,180.0,final_answer,clean_final,277
test-0642,C2,2,180.0,final_answer,clean_final,328
test-0643,C2,0,1000.0,final_answer,clean_final,416
test-0643,C2,1,228.0,final_answer,clean_final,118
test-0643,C2,2,348.0,final_answer,clean_final,152
test-0645,C2,0,800.0,final_answer,clean_final,302
test-0645,C2,1,480.0,final_answer,clean_final,271
test-0645,C2,2,480.0,final_answer,clean_final,224
test-0646,C2,0,4.0,final_answer,clean_final,237
test-0646,C2,1,4.0,final_answer,clean_final,239
test-0646,C2,2,12.0,final_answer,clean_final,292
test-0658,C2,0,374.0,final_answer,clean_final,217
test-0658,C2,1,374.0,final_answer,clean_final,331
test-0658,C2,2,446.0,final_answer,clean_final,305
test-0659,C2,0,75.0,final_answer,clean_final,177
test-0659,C2,1,240.0,final_answer,clean_final,329
test-0659,C2,2,640.0,final_answer,clean_final,341
test-0661,C2,0,3.0,final_answer,clean_final,224
test-0661,C2,1,3.0,final_answer,clean_final,271
test-0661,C2,2,3.0,final_answer,clean_final,204
test-0663,C2,0,1.0,final_answer,clean_final,947
test-0663,C2,1,82.0,final_answer,clean_final,1053
test-0663,C2,2,80.0,final_answer,clean_final,1031
test-0665,C2,0,63.0,final_answer,clean_final,555
test-0665,C2,1,196.0,final_answer,clean_final,757
test-0665,C2,2,12.0,final_answer,clean_final,512
test-0666,C2,0,78.0,final_answer,clean_final,489
test-0666,C2,1,1248.0,final_answer,clean_final,1224
test-0666,C2,2,78.0,final_answer,clean_final,747
test-0667,C2,0,140004.0,final_answer,clean_final,876
test-0667,C2,1,1024.0,final_answer,clean_final,476
test-0667,C2,2,10244.0,final_answer,clean_final,872
test-0668,C2,0,3.0,final_answer,clean_final,988
test-0668,C2,1,36.0,final_answer,clean_final,892
test-0668,C2,2,7.0,final_answer,clean_final,1177
test-0670,C2,0,12.0,final_answer,clean_final,531
test-0670,C2,1,12.0,final_answer,clean_final,420
test-0670,C2,2,12.0,final_answer,clean_final,417
test-0675,C2,0,1.0,final_answer,clean_final,1107
test-0675,C2,1,1947.0,last_number,mid_cut,1536
test-0675,C2,2,33.0,final_answer,clean_final,759
test-0676,C2,0,8024.0,final_answer,clean_final,562
test-0676,C2,1,8024.0,final_answer,clean_final,614
test-0676,C2,2,1.0,final_answer,clean_final,858
test-0678,C2,0,5.0,final_answer,clean_final,378
test-0678,C2,1,20.0,final_answer,clean_final,472
test-0678,C2,2,10.0,final_answer,clean_final,471
test-0680,C2,0,1092.0,final_answer,clean_final,230
test-0680,C2,1,210.0,final_answer,clean_final,296
test-0680,C2,2,630.0,final_answer,clean_final,443
test-0684,C2,0,2.0,final_answer,clean_final,318
test-0684,C2,1,2.0,final_answer,clean_final,380
test-0684,C2,2,2.0,final_answer,clean_final,281
test-0686,C2,0,14.0,final_answer,clean_final,807
test-0686,C2,1,14.0,final_answer,clean_final,1211
test-0686,C2,2,14.0,final_answer,clean_final,1012
test-0687,C2,0,0.0,final_answer,clean_final,139
test-0687,C2,1,9.0,final_answer,clean_final,148
test-0687,C2,2,5.0,final_answer,clean_final,155
test-0688,C2,0,31.0,final_answer,clean_final,593
test-0688,C2,1,19.0,final_answer,clean_final,621
test-0688,C2,2,13.0,final_answer,clean_final,630
test-0689,C2,0,36.0,final_answer,clean_final,770
test-0689,C2,1,20.0,final_answer,clean_final,863
test-0689,C2,2,16.0,final_answer,clean_final,853
test-0690,C2,0,2404.0,final_answer,clean_final,901
test-0690,C2,1,,fail,mid_cut,554
test-0690,C2,2,2500.0,final_answer,clean_final,591
test-0693,C2,0,7.0,final_answer,clean_final,156
test-0693,C2,1,7.0,final_answer,clean_final,170
test-0693,C2,2,7.0,final_answer,clean_final,143
test-0694,C2,0,12.0,final_answer,clean_final,152
test-0694,C2,1,12.0,final_answer,clean_final,214
test-0694,C2,2,12.0,final_answer,clean_final,188
test-0695,C2,0,1.0,final_answer,clean_final,817
test-0695,C2,1,1.0,final_answer,clean_final,772
test-0695,C2,2,1.0,final_answer,clean_final,750
test-0698,C2,0,1013.0,final_answer,clean_final,860
test-0698,C2,1,3961.0,final_answer,clean_final,878
test-0698,C2,2,1013.0,final_answer,clean_final,768
test-0700,C2,0,1.0,final_answer,clean_final,600
test-0700,C2,1,99.0,final_answer,clean_final,851
test-0700,C2,2,1.0,final_answer,clean_final,634
test-0702,C2,0,18.0,final_answer,clean_final,902
test-0702,C2,1,60.0,final_answer,clean_final,905
test-0702,C2,2,36.0,final_answer,clean_final,1006
test-0703,C2,0,6.0,final_answer,clean_final,733
test-0703,C2,1,6.0,final_answer,clean_final,840
test-0703,C2,2,3.0,final_answer,clean_final,591
test-0704,C2,0,48.0,final_answer,clean_final,400
test-0704,C2,1,846.0,final_answer,clean_final,587
test-0704,C2,2,1125.0,final_answer,clean_final,852
test-0708,C2,0,20.0,final_answer,clean_final,626
test-0708,C2,1,72.0,final_answer,clean_final,643
test-0708,C2,2,20.0,final_answer,clean_final,559
test-0710,C2,0,11.0,final_answer,clean_final,552
test-0710,C2,1,11.0,final_answer,clean_final,471
test-0710,C2,2,11.0,final_answer,clean_final,363
test-0712,C2,0,699.0,final_answer,clean_final,561
test-0712,C2,1,700.0,final_answer,clean_final,600
test-0712,C2,2,1398.0,final_answer,clean_final,460
test-0713,C2,0,8063.0,final_answer,clean_final,884
test-0713,C2,1,882.0,final_answer,clean_final,929
test-0713,C2,2,1.0,final_answer,clean_final,632
test-0714,C2,0,7.0,final_answer,clean_final,374
test-0714,C2,1,13.0,final_answer,clean_final,214
test-0714,C2,2,4.0,final_answer,clean_final,333
test-0716,C2,0,19.0,final_answer,clean_final,610
test-0716,C2,1,20.0,final_answer,clean_final,683
test-0716,C2,2,945.0,final_answer,clean_final,653
test-0717,C2,0,2.0,final_answer,clean_final,406
test-0717,C2,1,14.0,final_answer,clean_final,310
test-0717,C2,2,12.0,final_answer,clean_final,326
test-0720,C2,0,8.0,final_answer,clean_final,101
test-0720,C2,1,8.0,final_answer,clean_final,195
test-0720,C2,2,8.0,final_answer,clean_final,284
test-0722,C2,0,1004.0,final_answer,clean_final,723
test-0722,C2,1,1.0,final_answer,clean_final,574
test-0722,C2,2,2008.0,final_answer,clean_final,694
test-0724,C2,0,6.0,final_answer,clean_final,623
test-0724,C2,1,118.0,final_answer,clean_final,598
test-0724,C2,2,6.0,final_answer,clean_final,476
test-0726,C2,0,32.0,final_answer,clean_final,957
test-0726,C2,1,25.0,final_answer,clean_final,1135
test-0726,C2,2,25.0,final_answer,clean_final,931
test-0727,C2,0,92.0,final_answer,clean_final,445
test-0727,C2,1,101.0,final_answer,clean_final,548
test-0727,C2,2,17.0,final_answer,clean_final,686
test-0730,C2,0,6.0,final_answer,clean_final,191
test-0730,C2,1,6.0,final_answer,clean_final,182
test-0730,C2,2,0.0,final_answer,clean_final,403
test-0732,C2,0,676.0,final_answer,clean_final,198
test-0732,C2,1,17576.0,final_answer,clean_final,175
test-0732,C2,2,17576.0,final_answer,clean_final,229
test-0733,C2,0,104.0,final_answer,clean_final,845
test-0733,C2,1,16.0,final_answer,clean_final,848
test-0733,C2,2,0.0,final_answer,clean_final,348
test-0735,C2,0,2.0,final_answer,clean_final,804
test-0735,C2,1,3.0,final_answer,clean_final,1233
test-0735,C2,2,2.0,final_answer,clean_final,665
test-0737,C2,0,1.0,final_answer,clean_final,381
test-0737,C2,1,32.0,final_answer,clean_final,472
test-0737,C2,2,0.0,final_answer,clean_final,359
test-0740,C2,0,2031.0,final_answer,clean_final,627
test-0740,C2,1,2032.0,final_answer,clean_final,784
test-0740,C2,2,2024.0,final_answer,clean_final,511
test-0741,C2,0,6.0,final_answer,clean_final,809
test-0741,C2,1,4.0,final_answer,clean_final,392
test-0741,C2,2,4.0,final_answer,clean_final,382
test-0742,C2,0,21.0,final_answer,clean_final,648
test-0742,C2,1,27.0,final_answer,clean_final,774
test-0742,C2,2,14.0,final_answer,clean_final,701
test-0744,C2,0,10.0,final_answer,clean_final,625
test-0744,C2,1,20.0,final_answer,clean_final,711
test-0744,C2,2,477.0,final_answer,clean_final,653
test-0747,C2,0,168.0,final_answer,clean_final,809
test-0747,C2,1,72.0,final_answer,clean_final,723
test-0747,C2,2,16.0,final_answer,clean_final,772
test-0749,C2,0,37.0,final_answer,clean_final,809
test-0749,C2,1,30.0,last_number,sentence_end,1536
test-0749,C2,2,7.0,final_answer,clean_final,916
test-0753,C2,0,60.0,final_answer,clean_final,783
test-0753,C2,1,60.0,final_answer,clean_final,521
test-0753,C2,2,60.0,final_answer,clean_final,738
test-0754,C2,0,125.0,final_answer,clean_final,255
test-0754,C2,1,125.0,final_answer,clean_final,310
test-0754,C2,2,125.0,final_answer,clean_final,191
test-0755,C2,0,444.0,final_answer,clean_final,655
test-0755,C2,1,160.0,final_answer,clean_final,878
test-0755,C2,2,0.0,final_answer,clean_final,749
test-0757,C2,0,10.0,final_answer,clean_final,968
test-0757,C2,1,2.0,final_answer,clean_final,907
test-0757,C2,2,2.0,final_answer,clean_final,724
test-0759,C2,0,533.0,final_answer,clean_final,271
test-0759,C2,1,63.0,final_answer,clean_final,418
test-0759,C2,2,63.0,final_answer,clean_final,333
test-0761,C2,0,0.0,final_answer,clean_final,489
test-0761,C2,1,100.0,final_answer,clean_final,657
test-0761,C2,2,-20.0,final_answer,clean_final,738
test-0763,C2,0,1.0,final_answer,clean_final,819
test-0763,C2,1,24.0,final_answer,clean_final,892
test-0763,C2,2,180.0,final_answer,clean_final,840
test-0764,C2,0,12.0,final_answer,clean_final,582
test-0764,C2,1,1.0,final_answer,clean_final,801
test-0764,C2,2,2.0,final_answer,clean_final,847
test-0765,C2,0,262.0,final_answer,clean_final,675
test-0765,C2,1,40.0,final_answer,clean_final,891
test-0765,C2,2,1.0,last_number,ends_digit,1536
test-0766,C2,0,900.0,final_answer,clean_final,407
test-0766,C2,1,900.0,final_answer,clean_final,350
test-0766,C2,2,2400.0,final_answer,clean_final,405
test-0772,C2,0,4.0,final_answer,clean_final,443
test-0772,C2,1,4.0,final_answer,clean_final,329
test-0772,C2,2,1.0,final_answer,clean_final,438
test-0773,C2,0,25.0,final_answer,clean_final,317
test-0773,C2,1,25.0,final_answer,clean_final,636
test-0773,C2,2,25.0,final_answer,clean_final,485
test-0776,C2,0,87654320.0,final_answer,clean_final,675
test-0776,C2,1,1222111111.0,final_answer,clean_final,627
test-0776,C2,2,999.0,final_answer,clean_final,619
test-0779,C2,0,43.0,final_answer,clean_final,421
test-0779,C2,1,23.0,final_answer,clean_final,673
test-0779,C2,2,13.0,final_answer,clean_final,779
test-0781,C2,0,26.0,final_answer,clean_final,317
test-0781,C2,1,22.0,final_answer,clean_final,408
test-0781,C2,2,26.0,final_answer,clean_final,430
test-0783,C2,0,5.0,final_answer,clean_final,1080
test-0783,C2,1,12.0,final_answer,clean_final,1080
test-0783,C2,2,100000000.0,final_answer,clean_final,317
test-0787,C2,0,24.0,final_answer,clean_final,887
test-0787,C2,1,7.0,last_number,ends_digit,1536
test-0787,C2,2,30.0,final_answer,clean_final,1250
test-0789,C2,0,3664588832.0,final_answer,clean_final,1207
test-0789,C2,1,294912.0,final_answer,clean_final,801
test-0789,C2,2,21600.0,final_answer,clean_final,833
test-0790,C2,0,3.0,final_answer,clean_final,661
test-0790,C2,1,5.0,final_answer,clean_final,982
test-0790,C2,2,12.0,final_answer,clean_final,1096
test-0794,C2,0,13.0,final_answer,clean_final,638
test-0794,C2,1,13.0,final_answer,clean_final,523
test-0794,C2,2,18.0,final_answer,clean_final,676
test-0800,C2,0,480.0,final_answer,clean_final,373
test-0800,C2,1,0.0,final_answer,clean_final,472
test-0800,C2,2,7.0,final_answer,clean_final,385
test-0801,C2,0,5040.0,final_answer,clean_final,465
test-0801,C2,1,5040.0,final_answer,clean_final,307
test-0801,C2,2,5040.0,final_answer,clean_final,306
test-0804,C2,0,5.0,final_answer,clean_final,452
test-0804,C2,1,3.0,final_answer,clean_final,661
test-0804,C2,2,9.0,final_answer,clean_final,743
test-0807,C2,0,99.0,final_answer,clean_final,333
test-0807,C2,1,98.0,final_answer,clean_final,505
test-0807,C2,2,99.0,final_answer,clean_final,323
test-0808,C2,0,4.0,final_answer,clean_final,761
test-0808,C2,1,0.0,final_answer,clean_final,699
test-0808,C2,2,0.0,final_answer,clean_final,519
test-0809,C2,0,26.0,final_answer,clean_final,787
test-0809,C2,1,1.0,final_answer,clean_final,1244
test-0809,C2,2,59.0,final_answer,clean_final,636
test-0811,C2,0,40.0,final_answer,clean_final,236
test-0811,C2,1,40.0,final_answer,clean_final,232
test-0811,C2,2,7.0,final_answer,clean_final,359
test-0814,C2,0,720.0,final_answer,clean_final,445
test-0814,C2,1,1728.0,final_answer,clean_final,871
test-0814,C2,2,567.0,final_answer,clean_final,790
test-0817,C2,0,33.0,final_answer,clean_final,1243
test-0817,C2,1,47.0,final_answer,clean_final,1214
test-0817,C2,2,32.0,final_answer,clean_final,1304
test-0824,C2,0,1.0,final_answer,clean_final,849
test-0824,C2,1,1.0,final_answer,clean_final,1171
test-0824,C2,2,1.0,answer_is,mid_cut,1092
test-0827,C2,0,24.0,final_answer,clean_final,167
test-0827,C2,1,24.0,final_answer,clean_final,193
test-0827,C2,2,24.0,final_answer,clean_final,112
test-0828,C2,0,25.0,final_answer,clean_final,417
test-0828,C2,1,100.0,final_answer,clean_final,335
test-0828,C2,2,48.0,final_answer,clean_final,437
test-0835,C2,0,1100.0,final_answer,clean_final,374
test-0835,C2,1,330.0,last_number,ends_digit,1536
test-0835,C2,2,300.0,final_answer,clean_final,267
test-0836,C2,0,11.0,final_answer,clean_final,940
test-0836,C2,1,9.0,final_answer,clean_final,483
test-0836,C2,2,8.0,final_answer,clean_final,447
test-0837,C2,0,165.0,final_answer,clean_final,1176
test-0837,C2,1,150.0,final_answer,clean_final,663
test-0837,C2,2,150.0,final_answer,clean_final,778
test-0838,C2,0,171.0,final_answer,clean_final,1313
test-0838,C2,1,2069.0,final_answer,clean_final,647
test-0838,C2,2,3968064.0,final_answer,clean_final,564
test-0839,C2,0,2211.0,final_answer,clean_final,499
test-0839,C2,1,2211.0,final_answer,clean_final,199
test-0839,C2,2,2211.0,final_answer,clean_final,209
test-0840,C2,0,-1.0,final_answer,clean_final,1122
test-0840,C2,1,2.0,final_answer,clean_final,437
test-0840,C2,2,3.0,final_answer,clean_final,703
test-0841,C2,0,59.0,final_answer,clean_final,525
test-0841,C2,1,29.0,final_answer,clean_final,639
test-0841,C2,2,270.0,final_answer,clean_final,709
test-0843,C2,0,17.0,final_answer,clean_final,739
test-0843,C2,1,27.0,final_answer,clean_final,643
test-0843,C2,2,157.0,final_answer,clean_final,474
test-0845,C2,0,4.0,last_number,clean_final,551
test-0845,C2,1,47.0,final_answer,clean_final,530
test-0845,C2,2,47.0,final_answer,clean_final,551
test-0847,C2,0,504.0,final_answer,clean_final,807
test-0847,C2,1,73.0,final_answer,clean_final,584
test-0847,C2,2,504.0,final_answer,clean_final,711
test-0848,C2,0,22.0,final_answer,clean_final,1442
test-0848,C2,1,24.0,final_answer,clean_final,713
test-0848,C2,2,21.0,final_answer,clean_final,278
test-0849,C2,0,1.0,final_answer,clean_final,714
test-0849,C2,1,20.0,final_answer,clean_final,712
test-0849,C2,2,3.0,final_answer,clean_final,1108
test-0850,C2,0,26.0,final_answer,clean_final,900
test-0850,C2,1,1238.0,final_answer,clean_final,488
test-0850,C2,2,13.0,final_answer,clean_final,919
test-0852,C2,0,72.0,final_answer,clean_final,353
test-0852,C2,1,72.0,final_answer,clean_final,303
test-0852,C2,2,36.0,final_answer,clean_final,289
test-0854,C2,0,20.0,final_answer,clean_final,303
test-0854,C2,1,20.0,final_answer,clean_final,228
test-0854,C2,2,20.0,final_answer,clean_final,248
test-0855,C2,0,-6.0,final_answer,clean_final,881
test-0855,C2,1,7776.0,final_answer,clean_final,417
test-0855,C2,2,6.0,final_answer,clean_final,562
test-0856,C2,0,63.0,final_answer,clean_final,863
test-0856,C2,1,3.0,final_answer,clean_final,622
test-0856,C2,2,1.0,final_answer,clean_final,822
test-0859,C2,0,102.0,final_answer,clean_final,205
test-0859,C2,1,84.0,final_answer,clean_final,179
test-0859,C2,2,98.0,final_answer,clean_final,163
test-0862,C2,0,1010.0,final_answer,clean_final,644
test-0862,C2,1,2007.0,final_answer,clean_final,694
test-0862,C2,2,8041.0,final_answer,clean_final,790
test-0864,C2,0,30.0,final_answer,clean_final,674
test-0864,C2,1,13.0,final_answer,clean_final,533
test-0864,C2,2,28.0,final_answer,clean_final,463
test-0865,C2,0,-2.0,final_answer,clean_final,608
test-0865,C2,1,-2.0,final_answer,clean_final,559
test-0865,C2,2,-2.0,final_answer,clean_final,598
test-0869,C2,0,4.0,final_answer,clean_final,700
test-0869,C2,1,31.0,final_answer,clean_final,836
test-0869,C2,2,11.0,final_answer,clean_final,666
test-0871,C2,0,8078.0,final_answer,clean_final,867
test-0871,C2,1,1.0,final_answer,clean_final,965
test-0871,C2,2,1.0,final_answer,clean_final,719
test-0877,C2,0,58.0,final_answer,clean_final,822
test-0877,C2,1,9.0,final_answer,clean_final,832
test-0877,C2,2,17.0,final_answer,clean_final,796
test-0878,C2,0,20.0,final_answer,clean_final,850
test-0878,C2,1,30.0,final_answer,clean_final,561
test-0878,C2,2,20.0,final_answer,clean_final,775
test-0881,C2,0,206.0,final_answer,clean_final,691
test-0881,C2,1,460.0,final_answer,clean_final,783
test-0881,C2,2,64.0,final_answer,clean_final,571
test-0882,C2,0,4074343.0,final_answer,clean_final,367
test-0882,C2,1,2019.0,final_answer,clean_final,319
test-0882,C2,2,2.0,final_answer,clean_final,915
test-0885,C2,0,-17.0,final_answer,clean_final,184
test-0885,C2,1,54.0,final_answer,clean_final,206
test-0885,C2,2,54.0,final_answer,clean_final,174
test-0887,C2,0,540.0,final_answer,clean_final,331
test-0887,C2,1,540.0,final_answer,clean_final,347
test-0887,C2,2,540.0,final_answer,clean_final,327
test-0889,C2,0,521.0,final_answer,clean_final,649
test-0889,C2,1,554.0,final_answer,clean_final,647
test-0889,C2,2,400.0,final_answer,clean_final,602
test-0891,C2,0,450.0,final_answer,clean_final,853
test-0891,C2,1,461.0,final_answer,clean_final,626
test-0891,C2,2,300.0,final_answer,clean_final,778
test-0892,C2,0,450.0,final_answer,clean_final,764
test-0892,C2,1,108.0,final_answer,clean_final,472
test-0892,C2,2,4.0,final_answer,clean_final,276
test-0893,C2,0,1997.0,final_answer,clean_final,609
test-0893,C2,1,1999.0,final_answer,clean_final,628
test-0893,C2,2,1997999.0,final_answer,clean_final,483
test-0897,C2,0,16.0,final_answer,clean_final,246
test-0897,C2,1,8.0,final_answer,clean_final,301
test-0897,C2,2,4.0,final_answer,clean_final,311
test-0898,C2,0,8.0,final_answer,clean_final,648
test-0898,C2,1,8.0,final_answer,clean_final,604
test-0898,C2,2,8.0,final_answer,clean_final,554
test-0899,C2,0,1988869.0,final_answer,clean_final,568
test-0899,C2,1,120.0,final_answer,clean_final,395
test-0899,C2,2,161044.0,final_answer,clean_final,344
test-0900,C2,0,171.0,final_answer,clean_final,957
test-0900,C2,1,7060.0,final_answer,clean_final,1148
test-0900,C2,2,13943.0,final_answer,clean_final,1105
test-0902,C2,0,300.0,final_answer,clean_final,307
test-0902,C2,1,30.0,final_answer,clean_final,506
test-0902,C2,2,1.0,final_answer,clean_final,310
test-0905,C2,0,24.0,final_answer,clean_final,556
test-0905,C2,1,38.0,final_answer,clean_final,545
test-0905,C2,2,12.0,final_answer,clean_final,478
test-0908,C2,0,15.0,final_answer,clean_final,198
test-0908,C2,1,15.0,final_answer,clean_final,161
test-0908,C2,2,15.0,final_answer,clean_final,237
test-0909,C2,0,1.0,final_answer,clean_final,665
test-0909,C2,1,2.0,final_answer,clean_final,658
test-0909,C2,2,2.0,final_answer,clean_final,668
test-0912,C2,0,641.0,final_answer,clean_final,586
test-0912,C2,1,901.0,final_answer,clean_final,523
test-0912,C2,2,1201.0,final_answer,clean_final,541
test-0916,C2,0,9.0,final_answer,clean_final,592
test-0916,C2,1,8.0,final_answer,clean_final,561
test-0916,C2,2,15.0,final_answer,clean_final,691
test-0918,C2,0,8.0,final_answer,clean_final,920
test-0918,C2,1,9.0,final_answer,clean_final,846
test-0918,C2,2,7.0,final_answer,clean_final,897
test-0919,C2,0,1007.0,final_answer,clean_final,475
test-0919,C2,1,435.0,final_answer,clean_final,1045
test-0919,C2,2,1006.0,final_answer,clean_final,859
test-0920,C2,0,1620,final_answer,clean_final,697
test-0920,C2,1,1620,final_answer,clean_final,870
test-0920,C2,2,506,final_answer,clean_final,694
test-0923,C2,0,3,final_answer,clean_final,188
test-0923,C2,1,2,final_answer,clean_final,156
test-0923,C2,2,1,last_number,clean_final,222
test-0924,C2,0,70,final_answer,clean_final,816
test-0924,C2,1,2002,final_answer,clean_final,761
test-0924,C2,2,2002,final_answer,clean_final,846
test-0925,C2,0,189,final_answer,clean_final,696
test-0925,C2,1,189,final_answer,clean_final,875
test-0925,C2,2,135,final_answer,clean_final,881
test-0926,C2,0,16,final_answer,clean_final,262
test-0926,C2,1,7,final_answer,clean_final,269
test-0926,C2,2,8,final_answer,clean_final,271
test-0927,C2,0,1,final_answer,clean_final,437
test-0927,C2,1,72,final_answer,clean_final,596
test-0927,C2,2,4,final_answer,clean_final,554
test-0928,C2,0,16,final_answer,clean_final,731
test-0928,C2,1,25,final_answer,clean_final,868
test-0928,C2,2,52,final_answer,clean_final,440
test-0930,C2,0,1,final_answer,clean_final,435
test-0930,C2,1,6,final_answer,clean_final,515
test-0930,C2,2,3,final_answer,clean_final,812
test-0931,C2,0,8,final_answer,clean_final,1259
test-0931,C2,1,56,final_answer,clean_final,929
test-0931,C2,2,16,final_answer,clean_final,1280
test-0934,C2,0,10,final_answer,clean_final,908
test-0934,C2,1,6,final_answer,clean_final,571
test-0934,C2,2,6,final_answer,clean_final,640
test-0937,C2,0,243,final_answer,clean_final,482
test-0937,C2,1,49,final_answer,clean_final,485
test-0937,C2,2,3610,final_answer,clean_final,570
test-0938,C2,0,12,final_answer,clean_final,189
test-0938,C2,1,24,final_answer,clean_final,199
test-0938,C2,2,12,final_answer,clean_final,144
test-0942,C2,0,1023,final_answer,clean_final,402
test-0942,C2,1,68719476737,final_answer,clean_final,408
test-0942,C2,2,1024,final_answer,clean_final,250
test-0944,C2,0,23,final_answer,clean_final,684
test-0944,C2,1,110,final_answer,clean_final,707
test-0944,C2,2,11,final_answer,clean_final,859
test-0946,C2,0,1,final_answer,clean_final,380
test-0946,C2,1,3,final_answer,clean_final,438
test-0946,C2,2,0,final_answer,clean_final,545
test-0947,C2,0,448,final_answer,clean_final,539
test-0947,C2,1,2772,final_answer,clean_final,837
test-0947,C2,2,28,final_answer,clean_final,983
test-0949,C2,0,80,final_answer,clean_final,1122
test-0949,C2,1,242,final_answer,clean_final,1452
test-0949,C2,2,80,final_answer,clean_final,901
test-0950,C2,0,7,final_answer,clean_final,801
test-0950,C2,1,3,final_answer,clean_final,948
test-0950,C2,2,2,final_answer,clean_final,962
test-0951,C2,0,39,final_answer,clean_final,246
test-0951,C2,1,39,final_answer,clean_final,226
test-0951,C2,2,39,final_answer,clean_final,158
test-0952,C2,0,152687414880,final_answer,clean_final,685
test-0952,C2,1,5046525525,final_answer,clean_final,607
test-0952,C2,2,0,final_answer,clean_final,323
test-0953,C2,0,2010,final_answer,clean_final,573
test-0953,C2,1,2010,final_answer,clean_final,580
test-0953,C2,2,4020,final_answer,clean_final,635
test-0954,C2,0,8,final_answer,clean_final,294
test-0954,C2,1,24,final_answer,clean_final,396
test-0954,C2,2,32,final_answer,clean_final,545
test-0955,C2,0,1,final_answer,clean_final,532
test-0955,C2,1,2,final_answer,clean_final,469
test-0955,C2,2,3,final_answer,clean_final,661
test-0956,C2,0,1,final_answer,clean_final,145
test-0956,C2,1,1,final_answer,clean_final,185
test-0956,C2,2,4,final_answer,clean_final,221
test-0958,C2,0,6,final_answer,clean_final,253
test-0958,C2,1,6,final_answer,clean_final,133
test-0958,C2,2,11,final_answer,clean_final,123
test-0960,C2,0,96,final_answer,clean_final,733
test-0960,C2,1,72,final_answer,clean_final,621
test-0960,C2,2,48,final_answer,clean_final,830
test-0961,C2,0,2,final_answer,clean_final,591
test-0961,C2,1,2,final_answer,clean_final,742
test-0961,C2,2,3,final_answer,clean_final,747
test-0966,C2,0,1816,final_answer,clean_final,626
test-0966,C2,1,18265,final_answer,clean_final,606
test-0966,C2,2,5448,final_answer,clean_final,594
test-0968,C2,0,73874,final_answer,clean_final,1080
test-0968,C2,1,5049,final_answer,clean_final,754
test-0968,C2,2,2772,final_answer,clean_final,519
test-0969,C2,0,1336,final_answer,clean_final,811
test-0969,C2,1,668,final_answer,clean_final,667
test-0969,C2,2,1993,final_answer,clean_final,607
test-0970,C2,0,0,final_answer,clean_final,716
test-0970,C2,1,2,boxed,mid_cut,1081
test-0970,C2,2,1,final_answer,clean_final,1024
test-0973,C2,0,1383,final_answer,clean_final,643
test-0973,C2,1,1234,final_answer,clean_final,769
test-0973,C2,2,4938,final_answer,clean_final,681
test-0974,C2,0,57,final_answer,clean_final,403
test-0974,C2,1,60,final_answer,clean_final,428
test-0974,C2,2,63,final_answer,clean_final,485
test-0975,C2,0,45,final_answer,clean_final,419
test-0975,C2,1,34,final_answer,clean_final,884
test-0975,C2,2,252,final_answer,clean_final,302
test-0976,C2,0,54,final_answer,clean_final,281
test-0976,C2,1,54,final_answer,clean_final,220
test-0976,C2,2,6,last_number,clean_final,284
test-0979,C2,0,1999,final_answer,clean_final,787
test-0979,C2,1,999,final_answer,clean_final,594
test-0979,C2,2,12198,final_answer,clean_final,770
test-0981,C2,0,4,final_answer,clean_final,329
test-0981,C2,1,4,final_answer,clean_final,345
test-0981,C2,2,4,final_answer,clean_final,326
test-0982,C2,0,17,final_answer,clean_final,307
test-0982,C2,1,17,final_answer,clean_final,215
test-0982,C2,2,17,final_answer,clean_final,211
test-0986,C2,0,48,final_answer,clean_final,231
test-0986,C2,1,48,final_answer,clean_final,173
test-0986,C2,2,48,final_answer,clean_final,182
test-0989,C2,0,0,final_answer,clean_final,664
test-0989,C2,1,0,final_answer,clean_final,596
test-0989,C2,2,3,final_answer,clean_final,837
test-0999,C2,0,0,final_answer,clean_final,813
test-0999,C2,1,0,final_answer,clean_final,775
test-0999,C2,2,5,final_answer,clean_final,964
test-1002,C2,0,81,final_answer,clean_final,490
test-1002,C2,1,90,final_answer,clean_final,509
test-1002,C2,2,125,final_answer,clean_final,726
test-1005,C2,0,5,final_answer,clean_final,554
test-1005,C2,1,5,final_answer,clean_final,540
test-1005,C2,2,6,final_answer,clean_final,632
test-1008,C2,0,22,final_answer,clean_final,1090
test-1008,C2,1,15,final_answer,clean_final,638
test-1008,C2,2,39,final_answer,clean_final,760
test-1009,C2,0,103,final_answer,clean_final,1370
test-1009,C2,1,43,final_answer,clean_final,552
test-1009,C2,2,-9925,last_number,mid_cut,1536
test-1013,C2,0,3,final_answer,clean_final,182
test-1013,C2,1,40,final_answer,clean_final,596
test-1013,C2,2,8,final_answer,clean_final,245
test-1018,C2,0,18,final_answer,clean_final,192
test-1018,C2,1,29,final_answer,clean_final,165
test-1018,C2,2,0,final_answer,clean_final,189
test-1027,C2,0,380,final_answer,clean_final,136
test-1027,C2,1,380,final_answer,clean_final,134
test-1027,C2,2,380,final_answer,clean_final,140
test-1028,C2,0,2,final_answer,clean_final,1002
test-1028,C2,1,7,final_answer,clean_final,1025
test-1028,C2,2,2,final_answer,clean_final,1227
test-1029,C2,0,8,final_answer,clean_final,125
test-1029,C2,1,8,final_answer,clean_final,110
test-1029,C2,2,8,final_answer,clean_final,108
test-1030,C2,0,4,final_answer,clean_final,822
test-1030,C2,1,4,final_answer,clean_final,933
test-1030,C2,2,6,final_answer,clean_final,786
test-1032,C2,0,30,final_answer,clean_final,464
test-1032,C2,1,30,final_answer,clean_final,287
test-1032,C2,2,210,final_answer,clean_final,445
test-1034,C2,0,2,final_answer,clean_final,766
test-1034,C2,1,9,final_answer,clean_final,878
test-1034,C2,2,10,final_answer,clean_final,709
test-1036,C2,0,322,final_answer,clean_final,556
test-1036,C2,1,322,final_answer,clean_final,623
test-1036,C2,2,356,final_answer,clean_final,891
test-1037,C2,0,9,final_answer,clean_final,318
test-1037,C2,1,25,final_answer,clean_final,340
test-1037,C2,2,16,final_answer,clean_final,406
test-1038,C2,0,2315,final_answer,clean_final,547
test-1038,C2,1,2315,final_answer,clean_final,632
test-1038,C2,2,2315,final_answer,clean_final,616
test-1039,C2,0,114,last_number,mid_cut,1536
test-1039,C2,1,63,final_answer,clean_final,518
test-1039,C2,2,120,final_answer,clean_final,410
test-1042,C2,0,-5,final_answer,clean_final,376
test-1042,C2,1,3,final_answer,clean_final,710
test-1042,C2,2,-3,final_answer,clean_final,563
test-1043,C2,0,172,final_answer,clean_final,672
test-1043,C2,1,41,final_answer,clean_final,407
test-1043,C2,2,112,final_answer,clean_final,306
test-1044,C2,0,88,final_answer,clean_final,130
test-1044,C2,1,88,final_answer,clean_final,113
test-1044,C2,2,88,final_answer,clean_final,177
test-1047,C2,0,1360,final_answer,clean_final,602
test-1047,C2,1,1160,final_answer,clean_final,554
test-1047,C2,2,1500,final_answer,clean_final,246
test-1048,C2,0,6,final_answer,clean_final,332
test-1048,C2,1,6,final_answer,clean_final,305
test-1048,C2,2,6,final_answer,clean_final,239
test-1052,C2,0,33,final_answer,clean_final,179
test-1052,C2,1,18,final_answer,clean_final,237
test-1052,C2,2,4,final_answer,clean_final,329
test-1055,C2,0,5,final_answer,clean_final,697
test-1055,C2,1,4,final_answer,clean_final,583
test-1055,C2,2,4,final_answer,clean_final,1045
test-1056,C2,0,5,final_answer,clean_final,143
test-1056,C2,1,6,final_answer,clean_final,137
test-1056,C2,2,5,final_answer,clean_final,126
test-1058,C2,0,5,final_answer,clean_final,698
test-1058,C2,1,2,final_answer,clean_final,785
test-1058,C2,2,3,final_answer,clean_final,597
test-1059,C2,0,753,final_answer,clean_final,429
test-1059,C2,1,-753,final_answer,clean_final,585
test-1059,C2,2,753,final_answer,clean_final,517
test-1060,C2,0,0,final_answer,clean_final,576
test-1060,C2,1,0,final_answer,clean_final,467
test-1060,C2,2,12,final_answer,clean_final,915
test-1061,C2,0,5304,final_answer,clean_final,611
test-1061,C2,1,1872,final_answer,clean_final,1080
test-1061,C2,2,24645,final_answer,clean_final,950
test-1062,C2,0,153,final_answer,clean_final,386
test-1062,C2,1,72,final_answer,clean_final,383
test-1062,C2,2,153,final_answer,clean_final,413
test-1063,C2,0,93,final_answer,clean_final,1430
test-1063,C2,1,32,final_answer,clean_final,1044
test-1063,C2,2,25,final_answer,clean_final,828
test-1065,C2,0,6,final_answer,clean_final,997
test-1065,C2,1,120,final_answer,clean_final,749
test-1065,C2,2,16,final_answer,clean_final,1031
test-1067,C2,0,19,final_answer,clean_final,746
test-1067,C2,1,28,final_answer,clean_final,598
test-1067,C2,2,40,final_answer,clean_final,773
test-1069,C2,0,10,final_answer,clean_final,447
test-1069,C2,1,7,final_answer,clean_final,709
test-1069,C2,2,9,final_answer,clean_final,369
test-1074,C2,0,21,final_answer,clean_final,287
test-1074,C2,1,3,final_answer,clean_final,668
test-1074,C2,2,21,final_answer,clean_final,282
test-1075,C2,0,845,final_answer,clean_final,691
test-1075,C2,1,5,final_answer,clean_final,551
test-1075,C2,2,8,final_answer,clean_final,517
test-1076,C2,0,4,final_answer,clean_final,284
test-1076,C2,1,5,final_answer,clean_final,441
test-1076,C2,2,4,final_answer,clean_final,234
test-1077,C2,0,1001,final_answer,clean_final,694
test-1077,C2,1,1000,final_answer,clean_final,640
test-1077,C2,2,999,final_answer,clean_final,549
test-1078,C2,0,320,final_answer,clean_final,974
test-1078,C2,1,120,final_answer,clean_final,961
test-1078,C2,2,152,final_answer,clean_final,1142
test-1079,C2,0,120,final_answer,clean_final,829
test-1079,C2,1,120,final_answer,clean_final,581
test-1079,C2,2,120,final_answer,clean_final,534
test-1085,C2,0,1731,final_answer,clean_final,619
test-1085,C2,1,1001,final_answer,clean_final,665
test-1085,C2,2,7,final_answer,clean_final,339
test-1086,C2,0,4,final_answer,clean_final,169
test-1086,C2,1,2,final_answer,clean_final,214
test-1086,C2,2,4,final_answer,clean_final,441
test-1090,C2,0,72,final_answer,clean_final,788
test-1090,C2,1,44,final_answer,clean_final,444
test-1090,C2,2,147,final_answer,clean_final,494
test-1092,C2,0,404,final_answer,clean_final,757
test-1092,C2,1,4042,final_answer,clean_final,317
test-1092,C2,2,2023,final_answer,clean_final,714
test-1093,C2,0,16,final_answer,clean_final,342
test-1093,C2,1,17,final_answer,clean_final,328
test-1093,C2,2,17,final_answer,clean_final,956
test-1096,C2,0,20,final_answer,clean_final,139
test-1096,C2,1,20,final_answer,clean_final,83
test-1096,C2,2,20,final_answer,clean_final,132
test-1097,C2,0,4,final_answer,clean_final,251
test-1097,C2,1,4,final_answer,clean_final,266
test-1097,C2,2,4,final_answer,clean_final,276
test-1098,C2,0,25,final_answer,clean_final,276
test-1098,C2,1,150,final_answer,clean_final,255
test-1098,C2,2,250,final_answer,clean_final,377
test-1099,C2,0,16,final_answer,clean_final,233
test-1099,C2,1,25,final_answer,clean_final,247
test-1099,C2,2,25,final_answer,clean_final,179
test-1100,C2,0,2025,final_answer,clean_final,490
test-1100,C2,1,7921,final_answer,clean_final,1197
test-1100,C2,2,2116,final_answer,clean_final,892
test-1101,C2,0,101,final_answer,clean_final,607
test-1101,C2,1,2,final_answer,clean_final,757
test-1101,C2,2,485,final_answer,clean_final,598
test-1103,C2,0,80,final_answer,clean_final,287
test-1103,C2,1,44,final_answer,clean_final,235
test-1103,C2,2,32,final_answer,clean_final,275
test-1105,C2,0,11,final_answer,clean_final,983
test-1105,C2,1,25,final_answer,clean_final,1472
test-1105,C2,2,9,final_answer,clean_final,1480
test-1106,C2,0,2,final_answer,clean_final,700
test-1106,C2,1,3,final_answer,clean_final,793
test-1106,C2,2,-1,final_answer,mid_cut,730
test-1108,C2,0,5,final_answer,clean_final,660
test-1108,C2,1,5,final_answer,clean_final,1060
test-1108,C2,2,4,final_answer,clean_final,919
test-1109,C2,0,15,final_answer,clean_final,760
test-1109,C2,1,36,final_answer,clean_final,700
test-1109,C2,2,15,final_answer,clean_final,405
test-1110,C2,0,450,final_answer,clean_final,719
test-1110,C2,1,434,final_answer,clean_final,847
test-1110,C2,2,370,final_answer,clean_final,953
test-1111,C2,0,1,final_answer,clean_final,646
test-1111,C2,1,1,final_answer,clean_final,680
test-1111,C2,2,2,final_answer,clean_final,517
test-1113,C2,0,256,final_answer,clean_final,602
test-1113,C2,1,256,final_answer,clean_final,458
test-1113,C2,2,36,final_answer,clean_final,389
test-1116,C2,0,376,final_answer,clean_final,298
test-1116,C2,1,701,final_answer,clean_final,505
test-1116,C2,2,401,final_answer,clean_final,263
test-1118,C2,0,111,final_answer,clean_final,1243
test-1118,C2,1,40,final_answer,clean_final,810
test-1118,C2,2,11,final_answer,clean_final,1349
test-1120,C2,0,10,final_answer,clean_final,318
test-1120,C2,1,5,final_answer,clean_final,279
test-1120,C2,2,8,final_answer,clean_final,274
test-1123,C2,0,36,final_answer,clean_final,849
test-1123,C2,1,48,final_answer,clean_final,944
test-1123,C2,2,120,final_answer,clean_final,1083
test-1128,C2,0,30,final_answer,clean_final,283
test-1128,C2,1,30,final_answer,clean_final,270
test-1128,C2,2,30,final_answer,clean_final,197
test-1129,C2,0,-8,final_answer,clean_final,1210
test-1129,C2,1,130,final_answer,clean_final,904
test-1129,C2,2,18,final_answer,clean_final,875
test-1130,C2,0,24,final_answer,clean_final,324
test-1130,C2,1,24,final_answer,clean_final,288
test-1130,C2,2,24,final_answer,clean_final,314
test-1132,C2,0,22,final_answer,clean_final,479
test-1132,C2,1,124,final_answer,clean_final,773
test-1132,C2,2,128,final_answer,clean_final,725
test-1135,C2,0,20,last_number,clean_final,171
test-1135,C2,1,20,last_number,clean_final,132
test-1135,C2,2,20,last_number,clean_final,148
test-1136,C2,0,900,final_answer,clean_final,598
test-1136,C2,1,600,final_answer,clean_final,544
test-1136,C2,2,1440,final_answer,clean_final,385
test-1138,C2,0,23465,final_answer,clean_final,632
test-1138,C2,1,213456,final_answer,clean_final,892
test-1138,C2,2,465321,final_answer,clean_final,726
test-1143,C2,0,6,final_answer,clean_final,678
test-1143,C2,1,5,final_answer,clean_final,498
test-1143,C2,2,14,final_answer,clean_final,993
test-1145,C2,0,4320,final_answer,clean_final,491
test-1145,C2,1,343,final_answer,clean_final,322
test-1145,C2,2,4114,final_answer,clean_final,483
test-1146,C2,0,12,final_answer,clean_final,856
test-1146,C2,1,1,final_answer,clean_final,512
test-1146,C2,2,11,final_answer,clean_final,350
test-1147,C2,0,103,final_answer,clean_final,499
test-1147,C2,1,715,final_answer,clean_final,826
test-1147,C2,2,401,final_answer,clean_final,550
test-1148,C2,0,100,final_answer,clean_final,208
test-1148,C2,1,600,final_answer,clean_final,382
test-1148,C2,2,60,final_answer,clean_final,169
test-1149,C2,0,12,final_answer,clean_final,749
test-1149,C2,1,12,final_answer,clean_final,673
test-1149,C2,2,12,final_answer,clean_final,779
test-1153,C2,0,72,final_answer,clean_final,494
test-1153,C2,1,24,final_answer,clean_final,433
test-1153,C2,2,60,final_answer,clean_final,444
test-1161,C2,0,2858,final_answer,clean_final,536
test-1161,C2,1,2002,final_answer,clean_final,943
test-1161,C2,2,12315,final_answer,clean_final,654
test-1162,C2,0,160,final_answer,clean_final,845
test-1162,C2,1,606,final_answer,clean_final,1054
test-1162,C2,2,864,final_answer,clean_final,730
test-1164,C2,0,33,final_answer,clean_final,210
test-1164,C2,1,23,final_answer,clean_final,264
test-1164,C2,2,21,final_answer,clean_final,216
test-1167,C2,0,3,final_answer,clean_final,844
test-1167,C2,1,3,final_answer,clean_final,744
test-1167,C2,2,3,final_answer,clean_final,959
test-1169,C2,0,128,final_answer,clean_final,481
test-1169,C2,1,144,final_answer,clean_final,470
test-1169,C2,2,10954,final_answer,clean_final,646
test-1170,C2,0,1440,final_answer,clean_final,907
test-1170,C2,1,760,final_answer,clean_final,950
test-1170,C2,2,1495,final_answer,clean_final,861
test-1171,C2,0,25,final_answer,clean_final,640
test-1171,C2,1,16,final_answer,clean_final,1111
test-1171,C2,2,5,final_answer,clean_final,771
test-1173,C2,0,22,final_answer,clean_final,227
test-1173,C2,1,9,final_answer,clean_final,450
test-1173,C2,2,15,final_answer,clean_final,314
test-1174,C2,0,31,final_answer,clean_final,697
test-1174,C2,1,110,final_answer,clean_final,538
test-1174,C2,2,11,final_answer,clean_final,454
test-1176,C2,0,7,final_answer,clean_final,319
test-1176,C2,1,34,final_answer,clean_final,729
test-1176,C2,2,19,final_answer,clean_final,464
test-1177,C2,0,120,final_answer,clean_final,411
test-1177,C2,1,180,final_answer,clean_final,197
test-1177,C2,2,180,final_answer,clean_final,690
test-1178,C2,0,-6,final_answer,clean_final,775
test-1178,C2,1,14,final_answer,clean_final,853
test-1178,C2,2,1,final_answer,clean_final,1068
test-1181,C2,0,72,final_answer,clean_final,917
test-1181,C2,1,3,final_answer,clean_final,600
test-1181,C2,2,102,final_answer,clean_final,787
test-1183,C2,0,327,final_answer,clean_final,1101
test-1183,C2,1,176,final_answer,clean_final,1171
test-1183,C2,2,341,final_answer,clean_final,1350
test-1186,C2,0,1296,final_answer,clean_final,630
test-1186,C2,1,360,final_answer,clean_final,436
test-1186,C2,2,72,final_answer,clean_final,503
test-1187,C2,0,75,final_answer,clean_final,320
test-1187,C2,1,75,final_answer,clean_final,407
test-1187,C2,2,75,final_answer,clean_final,310
test-1188,C2,0,90,final_answer,clean_final,461
test-1188,C2,1,73,final_answer,clean_final,688
test-1188,C2,2,91,final_answer,clean_final,329
test-1189,C2,0,5,final_answer,clean_final,886
test-1189,C2,1,5,final_answer,clean_final,634
test-1189,C2,2,5,final_answer,clean_final,888
test-1190,C2,0,75,final_answer,clean_final,483
test-1190,C2,1,55,final_answer,clean_final,549
test-1190,C2,2,95,final_answer,clean_final,512
test-1194,C2,0,496,final_answer,clean_final,925
test-1194,C2,1,496,final_answer,clean_final,690
test-1194,C2,2,1023,final_answer,clean_final,721
test-1196,C2,0,9,final_answer,clean_final,268
test-1196,C2,1,9,final_answer,clean_final,405
test-1196,C2,2,9,final_answer,clean_final,341
test-1199,C2,0,40,final_answer,clean_final,1004
test-1199,C2,1,40,final_answer,clean_final,612
test-1199,C2,2,600,final_answer,clean_final,587
test-1200,C2,0,1001,final_answer,clean_final,776
test-1200,C2,1,500,final_answer,clean_final,635
test-1200,C2,2,1168,final_answer,clean_final,824
test-1201,C2,0,22,final_answer,clean_final,646
test-1201,C2,1,100,final_answer,clean_final,520
test-1201,C2,2,600,final_answer,clean_final,612
test-1202,C2,0,1152,final_answer,clean_final,275
test-1202,C2,1,1152,final_answer,clean_final,278
test-1202,C2,2,1152,final_answer,clean_final,318
test-1203,C2,0,1240,final_answer,clean_final,1466
test-1203,C2,1,1,final_answer,clean_final,973
test-1203,C2,2,12,final_answer,clean_final,1346
test-1204,C2,0,162,final_answer,clean_final,659
test-1204,C2,1,450,final_answer,clean_final,788
test-1204,C2,2,270,final_answer,clean_final,816
test-1205,C2,0,158400,final_answer,clean_final,535
test-1205,C2,1,126,final_answer,clean_final,355
test-1205,C2,2,83,final_answer,clean_final,257
test-1206,C2,0,687,final_answer,clean_final,984
test-1206,C2,1,678,final_answer,clean_final,1345
test-1206,C2,2,687,final_answer,clean_final,1054
test-1209,C2,0,24,final_answer,clean_final,294
test-1209,C2,1,24,final_answer,clean_final,233
test-1209,C2,2,24,final_answer,clean_final,240
test-1212,C2,0,673,final_answer,clean_final,745
test-1212,C2,1,27891,final_answer,clean_final,745
test-1212,C2,2,17,final_answer,clean_final,635
test-1214,C2,0,9,final_answer,clean_final,425
test-1214,C2,1,9,final_answer,clean_final,319
test-1214,C2,2,9,final_answer,clean_final,313
test-1216,C2,0,7,final_answer,clean_final,579
test-1216,C2,1,5,final_answer,clean_final,400
test-1216,C2,2,40,final_answer,clean_final,477
test-1221,C2,0,0,final_answer,clean_final,299
test-1221,C2,1,-1,final_answer,clean_final,442
test-1221,C2,2,0,final_answer,clean_final,561
test-1222,C2,0,63,final_answer,clean_final,771
test-1222,C2,1,63,final_answer,clean_final,520
test-1222,C2,2,63,final_answer,clean_final,455
test-1226,C2,0,80,final_answer,clean_final,229
test-1226,C2,1,80,final_answer,clean_final,272
test-1226,C2,2,53,final_answer,clean_final,315
test-1228,C2,0,223317,final_answer,clean_final,1173
test-1228,C2,1,897480,final_answer,clean_final,815
test-1228,C2,2,3003,final_answer,clean_final,728
test-1229,C2,0,1000,final_answer,clean_final,545
test-1229,C2,1,3,final_answer,clean_final,689
test-1229,C2,2,1014,final_answer,clean_final,417
test-1230,C2,0,306,final_answer,clean_final,1239
test-1230,C2,1,408,final_answer,clean_final,669
test-1230,C2,2,-10,final_answer,clean_final,738
test-1232,C2,0,1,final_answer,clean_final,1067
test-1232,C2,1,37,final_answer,clean_final,872
test-1232,C2,2,1369,final_answer,clean_final,715
test-1235,C2,0,-2,final_answer,clean_final,1492
test-1235,C2,1,3,final_answer,clean_final,1343
test-1235,C2,2,-3,final_answer,clean_final,824
test-1237,C2,0,40,final_answer,clean_final,746
test-1237,C2,1,2,final_answer,clean_final,1063
test-1237,C2,2,7,final_answer,clean_final,722
test-1240,C2,0,1411,final_answer,clean_final,543
test-1240,C2,1,1411,final_answer,clean_final,414
test-1240,C2,2,1411,final_answer,clean_final,549
test-1242,C2,0,114,final_answer,clean_final,685
test-1242,C2,1,104,final_answer,clean_final,966
test-1242,C2,2,82,final_answer,clean_final,710
test-1244,C2,0,20,final_answer,clean_final,547
test-1244,C2,1,39,final_answer,clean_final,649
test-1244,C2,2,16410,final_answer,clean_final,1121
test-1247,C2,0,12,final_answer,clean_final,128
test-1247,C2,1,12,final_answer,clean_final,135
test-1247,C2,2,12,final_answer,clean_final,150
test-1250,C2,0,8,final_answer,clean_final,239
test-1250,C2,1,8,final_answer,clean_final,222
test-1250,C2,2,9,final_answer,clean_final,698
test-1252,C2,0,17,final_answer,clean_final,959
test-1252,C2,1,174,final_answer,clean_final,760
test-1252,C2,2,2460,final_answer,clean_final,662
test-1254,C2,0,350,final_answer,clean_final,285
test-1254,C2,1,350,final_answer,clean_final,231
test-1254,C2,2,350,final_answer,clean_final,221
test-1255,C2,0,1,final_answer,clean_final,637
test-1255,C2,1,0,final_answer,clean_final,627
test-1255,C2,2,2018,final_answer,clean_final,767
test-1257,C2,0,1,final_answer,clean_final,690
test-1257,C2,1,2,final_answer,clean_final,505
test-1257,C2,2,2,final_answer,clean_final,621
test-1258,C2,0,0,final_answer,clean_final,284
test-1258,C2,1,60,final_answer,clean_final,677
test-1258,C2,2,15,final_answer,clean_final,328
test-1260,C2,0,216,final_answer,clean_final,1120
test-1260,C2,1,279,final_answer,clean_final,748
test-1260,C2,2,162,final_answer,clean_final,675
test-1261,C2,0,17,final_answer,clean_final,792
test-1261,C2,1,14,final_answer,clean_final,942
test-1261,C2,2,46,final_answer,clean_final,826
test-1263,C2,0,17,final_answer,clean_final,330
test-1263,C2,1,179,final_answer,clean_final,552
test-1263,C2,2,179,final_answer,clean_final,400
test-1264,C2,0,2046,final_answer,clean_final,1092
test-1264,C2,1,457,final_answer,clean_final,1195
test-1264,C2,2,258,final_answer,clean_final,1241
test-1267,C2,0,6,final_answer,clean_final,954
test-1267,C2,1,441,final_answer,clean_final,915
test-1267,C2,2,120,final_answer,clean_final,859
test-1268,C2,0,45,final_answer,clean_final,509
test-1268,C2,1,30,final_answer,clean_final,505
test-1268,C2,2,34,final_answer,clean_final,618
test-1270,C2,0,1600,final_answer,clean_final,778
test-1270,C2,1,1600,final_answer,clean_final,356
test-1270,C2,2,1600,final_answer,clean_final,535
test-1272,C2,0,0,final_answer,clean_final,1249
test-1272,C2,1,-1003,final_answer,clean_final,1391
test-1272,C2,2,-501,final_answer,clean_final,1348
test-1273,C2,0,135601,final_answer,clean_final,486
test-1273,C2,1,2569597,final_answer,clean_final,632
test-1273,C2,2,9544,final_answer,clean_final,712
test-1275,C2,0,3,final_answer,clean_final,1168
test-1275,C2,1,1,final_answer,clean_final,992
test-1275,C2,2,1,final_answer,clean_final,1418
test-1278,C2,0,2020050,final_answer,clean_final,690
test-1278,C2,1,56490,final_answer,clean_final,620
test-1278,C2,2,2010,final_answer,clean_final,815
test-1280,C2,0,14,final_answer,clean_final,721
test-1280,C2,1,13,final_answer,clean_final,593
test-1280,C2,2,19,final_answer,clean_final,993
test-1282,C2,0,2197,final_answer,clean_final,686
test-1282,C2,1,1728,final_answer,clean_final,758
test-1282,C2,2,1,final_answer,clean_final,739
test-1283,C2,0,89,final_answer,clean_final,775
test-1283,C2,1,0,final_answer,clean_final,381
test-1283,C2,2,0,final_answer,clean_final,690
test-1284,C2,0,336,final_answer,clean_final,597
test-1284,C2,1,0,final_answer,clean_final,677
test-1284,C2,2,2,final_answer,clean_final,829
test-1285,C2,0,856,final_answer,clean_final,549
test-1285,C2,1,2031,final_answer,clean_final,618
test-1285,C2,2,1984,final_answer,clean_final,500
test-1286,C2,0,8,final_answer,clean_final,640
test-1286,C2,1,1073,final_answer,clean_final,731
test-1286,C2,2,198,final_answer,clean_final,987
test-1288,C2,0,8,final_answer,clean_final,518
test-1288,C2,1,9,final_answer,clean_final,374
test-1288,C2,2,9,final_answer,clean_final,177
test-1291,C2,0,1800,final_answer,clean_final,380
test-1291,C2,1,120,last_number,clean_final,324
test-1291,C2,2,20000,final_answer,clean_final,476
test-1296,C2,0,50,final_answer,clean_final,89
test-1296,C2,1,29,final_answer,clean_final,94
test-1296,C2,2,50,final_answer,clean_final,158
test-1298,C2,0,306,final_answer,clean_final,240
test-1298,C2,1,276,final_answer,clean_final,263
test-1298,C2,2,306,final_answer,clean_final,275
test-1302,C2,0,10001,final_answer,clean_final,386
test-1302,C2,1,20000,final_answer,clean_final,752
test-1302,C2,2,10001,final_answer,clean_final,602
test-1303,C2,0,21,last_number,mid_cut,1536
test-1303,C2,1,25,final_answer,clean_final,613
test-1303,C2,2,50,final_answer,clean_final,593
test-1306,C2,0,1,final_answer,clean_final,945
test-1306,C2,1,1,final_answer,clean_final,908
test-1306,C2,2,1,final_answer,clean_final,734
test-1307,C2,0,23,final_answer,clean_final,997
test-1307,C2,1,21,final_answer,clean_final,669
test-1307,C2,2,10,final_answer,clean_final,645
test-1309,C2,0,24,final_answer,clean_final,307
test-1309,C2,1,24,final_answer,clean_final,637
test-1309,C2,2,18,final_answer,clean_final,424
test-1310,C2,0,4804,final_answer,clean_final,1085
test-1310,C2,1,376272,final_answer,clean_final,957
test-1310,C2,2,698,final_answer,clean_final,1503
test-1311,C2,0,7,final_answer,clean_final,833
test-1311,C2,1,8,final_answer,clean_final,673
test-1311,C2,2,7,final_answer,clean_final,837
test-1312,C2,0,74,final_answer,clean_final,683
test-1312,C2,1,96,final_answer,clean_final,680
test-1312,C2,2,74,final_answer,clean_final,460
test-1315,C2,0,11,final_answer,clean_final,415
test-1315,C2,1,2017,final_answer,clean_final,156
test-1315,C2,2,2017,final_answer,clean_final,466
test-1316,C2,0,12,final_answer,clean_final,260
test-1316,C2,1,11,final_answer,clean_final,343
test-1316,C2,2,14,final_answer,clean_final,586
test-1317,C2,0,105,final_answer,clean_final,495
test-1317,C2,1,120,final_answer,clean_final,300
test-1317,C2,2,110,final_answer,clean_final,403
test-1318,C2,0,-2,final_answer,clean_final,448
test-1318,C2,1,-2,final_answer,clean_final,509
test-1318,C2,2,2,final_answer,clean_final,787
test-1320,C2,0,2,last_number,sentence_end,1536
test-1320,C2,1,10000,final_answer,clean_final,473
test-1320,C2,2,10001,final_answer,clean_final,628
test-1326,C2,0,410,final_answer,clean_final,439
test-1326,C2,1,650,final_answer,clean_final,358
test-1326,C2,2,260,final_answer,clean_final,488
test-1328,C2,0,5184,final_answer,clean_final,951
test-1328,C2,1,10,final_answer,clean_final,635
test-1328,C2,2,2592,final_answer,clean_final,732
test-1330,C2,0,492258,final_answer,clean_final,782
test-1330,C2,1,658444,final_answer,clean_final,675
test-1330,C2,2,409056,final_answer,clean_final,740
test-1332,C2,0,25294,final_answer,clean_final,912
test-1332,C2,1,13244,final_answer,clean_final,897
test-1332,C2,2,46225,final_answer,clean_final,723
test-1333,C2,0,78,final_answer,clean_final,69
test-1333,C2,1,78,final_answer,clean_final,139
test-1333,C2,2,78,final_answer,clean_final,70
test-1336,C2,0,536,final_answer,clean_final,291
test-1336,C2,1,1002,final_answer,clean_final,295
test-1336,C2,2,930,final_answer,clean_final,389
test-1337,C2,0,1536,final_answer,clean_final,529
test-1337,C2,1,1536,final_answer,clean_final,568
test-1337,C2,2,233,final_answer,clean_final,851
test-1338,C2,0,1009,final_answer,clean_final,511
test-1338,C2,1,1009,final_answer,clean_final,505
test-1338,C2,2,1008,final_answer,clean_final,660
test-1340,C2,0,96,final_answer,clean_final,682
test-1340,C2,1,840,final_answer,clean_final,661
test-1340,C2,2,8580,final_answer,clean_final,631
test-1341,C2,0,32,final_answer,clean_final,465
test-1341,C2,1,49,final_answer,clean_final,505
test-1341,C2,2,32,final_answer,clean_final,390
test-1343,C2,0,6,final_answer,clean_final,161
test-1343,C2,1,6,final_answer,clean_final,178
test-1343,C2,2,6,final_answer,clean_final,235
test-1346,C2,0,55,final_answer,clean_final,619
test-1346,C2,1,2,final_answer,clean_final,645
test-1346,C2,2,1024,final_answer,clean_final,1051
test-1348,C2,0,50,final_answer,clean_final,216
test-1348,C2,1,50,final_answer,clean_final,235
test-1348,C2,2,29,final_answer,clean_final,208
test-1350,C2,0,34,final_answer,clean_final,477
test-1350,C2,1,34,final_answer,clean_final,469
test-1350,C2,2,32,final_answer,clean_final,575
test-1354,C2,0,1172,final_answer,clean_final,316
test-1354,C2,1,1172,final_answer,clean_final,228
test-1354,C2,2,1172,final_answer,clean_final,191
test-1355,C2,0,102960,final_answer,clean_final,576
test-1355,C2,1,36,final_answer,clean_final,604
test-1355,C2,2,45,final_answer,clean_final,702
test-1356,C2,0,462,final_answer,clean_final,699
test-1356,C2,1,200,final_answer,clean_final,905
test-1356,C2,2,287,final_answer,clean_final,597
test-1357,C2,0,2,final_answer,clean_final,218
test-1357,C2,1,2,final_answer,clean_final,224
test-1357,C2,2,2,final_answer,clean_final,147
test-1358,C2,0,39,final_answer,clean_final,553
test-1358,C2,1,21,final_answer,clean_final,548
test-1358,C2,2,20,final_answer,clean_final,542
test-1359,C2,0,72,final_answer,clean_final,642
test-1359,C2,1,72,final_answer,clean_final,498
test-1359,C2,2,72,final_answer,clean_final,611
test-1361,C2,0,16,final_answer,clean_final,449
test-1361,C2,1,12,final_answer,clean_final,637
test-1361,C2,2,8,final_answer,clean_final,663
test-1363,C2,0,526,final_answer,clean_final,658
test-1363,C2,1,0,final_answer,clean_final,717
test-1363,C2,2,2006,final_answer,clean_final,1053
test-1367,C2,0,65,final_answer,clean_final,476
test-1367,C2,1,30,final_answer,clean_final,475
test-1367,C2,2,48,final_answer,clean_final,437
test-1368,C2,0,6,final_answer,clean_final,166
test-1368,C2,1,6,final_answer,clean_final,179
test-1368,C2,2,12,final_answer,clean_final,341
test-1371,C2,0,67,final_answer,clean_final,495
test-1371,C2,1,135270,final_answer,clean_final,744
test-1371,C2,2,67545,final_answer,clean_final,598
test-1372,C2,0,1260,final_answer,clean_final,377
test-1372,C2,1,213458,final_answer,clean_final,623
test-1372,C2,2,1260,final_answer,clean_final,544
test-1374,C2,0,4,final_answer,clean_final,694
test-1374,C2,1,4,final_answer,clean_final,590
test-1374,C2,2,4,final_answer,clean_final,590
test-1376,C2,0,46656,final_answer,clean_final,673
test-1376,C2,1,4320,final_answer,clean_final,1001
test-1376,C2,2,2,final_answer,clean_final,512
test-1379,C2,0,11,final_answer,clean_final,242
test-1379,C2,1,11,final_answer,clean_final,234
test-1379,C2,2,11,final_answer,clean_final,205
test-1380,C2,0,5,final_answer,clean_final,1112
test-1380,C2,1,5,final_answer,clean_final,740
test-1380,C2,2,5,final_answer,clean_final,1400
test-1381,C2,0,60,final_answer,clean_final,186
test-1381,C2,1,100,final_answer,clean_final,174
test-1381,C2,2,100,final_answer,clean_final,221
test-1382,C2,0,1,final_answer,clean_final,817
test-1382,C2,1,1,final_answer,clean_final,809
test-1382,C2,2,2,final_answer,clean_final,440
test-1384,C2,0,100000000,final_answer,clean_final,608
test-1384,C2,1,2,final_answer,clean_final,172
test-1384,C2,2,14,final_answer,clean_final,396
test-1385,C2,0,40,final_answer,clean_final,581
test-1385,C2,1,16,final_answer,clean_final,914
test-1385,C2,2,40,final_answer,clean_final,652
test-1386,C2,0,782,final_answer,clean_final,740
test-1386,C2,1,48,final_answer,clean_final,693
test-1386,C2,2,146,final_answer,clean_final,571
test-1388,C2,0,3150,final_answer,clean_final,618
test-1388,C2,1,20,final_answer,clean_final,1001
test-1388,C2,2,35,final_answer,clean_final,780
test-1389,C2,0,880,final_answer,clean_final,315
test-1389,C2,1,520,final_answer,clean_final,733
test-1389,C2,2,689,final_answer,clean_final,359
test-1392,C2,0,4,final_answer,clean_final,702
test-1392,C2,1,-20,final_answer,clean_final,950
test-1392,C2,2,-20,final_answer,clean_final,687
test-1394,C2,0,5,final_answer,clean_final,407
test-1394,C2,1,25,final_answer,clean_final,464
test-1394,C2,2,14,final_answer,clean_final,377
test-1395,C2,0,3,final_answer,clean_final,581
test-1395,C2,1,10,final_answer,clean_final,536
test-1395,C2,2,3,final_answer,clean_final,365
test-1396,C2,0,200,final_answer,clean_final,214
test-1396,C2,1,300,final_answer,clean_final,236
test-1396,C2,2,554,final_answer,clean_final,224
test-1398,C2,0,881,final_answer,clean_final,593
test-1398,C2,1,881,final_answer,clean_final,662
test-1398,C2,2,17,final_answer,clean_final,893
test-1399,C2,0,1750,final_answer,clean_final,232
test-1399,C2,1,1750,final_answer,clean_final,188
test-1399,C2,2,4900,final_answer,clean_final,149
test-1402,C2,0,4,final_answer,clean_final,282
test-1402,C2,1,8,final_answer,clean_final,382
test-1402,C2,2,4,final_answer,clean_final,406
test-1407,C2,0,225,final_answer,clean_final,463
test-1407,C2,1,18,final_answer,clean_final,1039
test-1407,C2,2,126,final_answer,clean_final,722
test-1408,C2,0,11118,final_answer,clean_final,866
test-1408,C2,1,999997,final_answer,clean_final,565
test-1408,C2,2,1991,final_answer,clean_final,739
test-1410,C2,0,60,final_answer,clean_final,871
test-1410,C2,1,25,final_answer,clean_final,761
test-1410,C2,2,60,final_answer,clean_final,848
test-1411,C2,0,9400,final_answer,clean_final,349
test-1411,C2,1,9400,final_answer,clean_final,391
test-1411,C2,2,9400,final_answer,clean_final,363
test-1412,C2,0,25,final_answer,clean_final,686
test-1412,C2,1,30,final_answer,clean_final,869
test-1412,C2,2,30,final_answer,clean_final,712
test-1413,C2,0,83,final_answer,clean_final,581
test-1413,C2,1,145,final_answer,clean_final,1273
test-1413,C2,2,25,final_answer,clean_final,1284
test-1414,C2,0,0,final_answer,clean_final,636
test-1414,C2,1,800,final_answer,clean_final,534
test-1414,C2,2,900,final_answer,clean_final,761
test-1415,C2,0,25550,final_answer,clean_final,189
test-1415,C2,1,25550,final_answer,clean_final,132
test-1415,C2,2,25550,final_answer,clean_final,152
test-1417,C2,0,5,final_answer,clean_final,124
test-1417,C2,1,7,final_answer,clean_final,151
test-1417,C2,2,5,final_answer,clean_final,127
test-1419,C2,0,41,final_answer,clean_final,905
test-1419,C2,1,25,final_answer,clean_final,573
test-1419,C2,2,40,final_answer,clean_final,971
test-1421,C2,0,160,final_answer,clean_final,578
test-1421,C2,1,160,final_answer,clean_final,364
test-1421,C2,2,159,final_answer,clean_final,607
test-1422,C2,0,1,boxed,mid_cut,701
test-1422,C2,1,1,final_answer,clean_final,674
test-1422,C2,2,0,final_answer,clean_final,672
test-1427,C2,0,249251,final_answer,clean_final,257
test-1427,C2,1,500,final_answer,clean_final,580
test-1427,C2,2,-1,final_answer,clean_final,390
test-1428,C2,0,8,final_answer,clean_final,162
test-1428,C2,1,6,final_answer,clean_final,418
test-1428,C2,2,8,final_answer,clean_final,316
test-1429,C2,0,211,final_answer,clean_final,803
test-1429,C2,1,11,final_answer,clean_final,630
test-1429,C2,2,350,final_answer,clean_final,996
test-1430,C2,0,2,final_answer,clean_final,844
test-1430,C2,1,2,final_answer,clean_final,1095
test-1430,C2,2,2014,final_answer,clean_final,902
test-1432,C2,0,40,final_answer,clean_final,1362
test-1432,C2,1,50,final_answer,clean_final,592
test-1432,C2,2,120,final_answer,clean_final,768
test-1434,C2,0,5,final_answer,clean_final,451
test-1434,C2,1,50,final_answer,clean_final,475
test-1434,C2,2,50,final_answer,clean_final,434
test-1435,C2,0,10,final_answer,clean_final,328
test-1435,C2,1,8,final_answer,clean_final,464
test-1435,C2,2,4,final_answer,clean_final,428
test-1436,C2,0,5,final_answer,clean_final,438
test-1436,C2,1,36,final_answer,clean_final,446
test-1436,C2,2,35,final_answer,clean_final,319
test-1438,C2,0,71,final_answer,clean_final,540
test-1438,C2,1,71,final_answer,clean_final,470
test-1438,C2,2,71,final_answer,clean_final,493
test-1439,C2,0,263,final_answer,clean_final,761
test-1439,C2,1,18,final_answer,clean_final,881
test-1439,C2,2,295,final_answer,clean_final,1064
test-1442,C2,0,21,final_answer,clean_final,696
test-1442,C2,1,8,final_answer,clean_final,608
test-1442,C2,2,13,final_answer,clean_final,1288
test-1445,C2,0,3,final_answer,clean_final,314
test-1445,C2,1,4,final_answer,clean_final,258
test-1445,C2,2,5,final_answer,clean_final,263
test-1446,C2,0,54,final_answer,clean_final,714
test-1446,C2,1,780,final_answer,clean_final,574
test-1446,C2,2,46,final_answer,clean_final,432
test-1450,C2,0,1,final_answer,clean_final,583
test-1450,C2,1,4,final_answer,clean_final,634
test-1450,C2,2,1,final_answer,clean_final,964
test-1451,C2,0,56,final_answer,clean_final,272
test-1451,C2,1,56,final_answer,clean_final,178
test-1451,C2,2,56,final_answer,clean_final,245
test-1452,C2,0,28,final_answer,clean_final,671
test-1452,C2,1,25,final_answer,clean_final,678
test-1452,C2,2,42,final_answer,clean_final,813
test-1455,C2,0,60,final_answer,clean_final,194
test-1455,C2,1,60,final_answer,clean_final,232
test-1455,C2,2,60,final_answer,clean_final,319
test-1456,C2,0,300,final_answer,clean_final,504
test-1456,C2,1,300,final_answer,clean_final,354
test-1456,C2,2,100,final_answer,clean_final,461
test-1457,C2,0,16,final_answer,clean_final,115
test-1457,C2,1,16,final_answer,clean_final,125
test-1457,C2,2,16,final_answer,clean_final,98
test-1462,C2,0,0,final_answer,clean_final,425
test-1462,C2,1,0,final_answer,clean_final,409
test-1462,C2,2,168,final_answer,clean_final,793
test-1463,C2,0,6,final_answer,clean_final,809
test-1463,C2,1,8,final_answer,clean_final,709
test-1463,C2,2,6,final_answer,clean_final,812
test-1465,C2,0,1004,final_answer,clean_final,971
test-1465,C2,1,669,final_answer,clean_final,555
test-1465,C2,2,504,final_answer,clean_final,676
test-1468,C2,0,1196,final_answer,clean_final,406
test-1468,C2,1,1196,final_answer,clean_final,637
test-1468,C2,2,1196,final_answer,clean_final,456
test-1469,C2,0,159,final_answer,clean_final,836
test-1469,C2,1,3,final_answer,clean_final,801
test-1469,C2,2,3268,final_answer,clean_final,817
test-1471,C2,0,144,final_answer,clean_final,442
test-1471,C2,1,144,final_answer,clean_final,490
test-1471,C2,2,240,final_answer,clean_final,246
test-1474,C2,0,5,final_answer,clean_final,400
test-1474,C2,1,5,final_answer,clean_final,530
test-1474,C2,2,5,final_answer,clean_final,339
test-1477,C2,0,17,final_answer,clean_final,741
test-1477,C2,1,40,final_answer,clean_final,736
test-1477,C2,2,25,final_answer,clean_final,590
test-1478,C2,0,486,final_answer,clean_final,1478
test-1478,C2,1,615,final_answer,clean_final,905
test-1478,C2,2,0,final_answer,clean_final,1042
test-1479,C2,0,-54,final_answer,clean_final,742
test-1479,C2,1,-54,final_answer,clean_final,945
test-1479,C2,2,0,final_answer,clean_final,616
test-1480,C2,0,8,final_answer,clean_final,1141
test-1480,C2,1,5,final_answer,clean_final,971
test-1480,C2,2,5,final_answer,clean_final,1124
test-1484,C2,0,64,boxed,mid_cut,1108
test-1484,C2,1,11,final_answer,clean_final,534
test-1484,C2,2,2021,final_answer,clean_final,647
test-1489,C2,0,16,final_answer,clean_final,710
test-1489,C2,1,1,final_answer,clean_final,935
test-1489,C2,2,16,final_answer,clean_final,644
test-1493,C2,0,23,final_answer,clean_final,81
test-1493,C2,1,9,final_answer,clean_final,91
test-1493,C2,2,19,final_answer,clean_final,94
test-1497,C2,0,237,final_answer,clean_final,252
test-1497,C2,1,224,final_answer,clean_final,641
test-1497,C2,2,216,final_answer,clean_final,237
test-1501,C2,0,90,final_answer,clean_final,741
test-1501,C2,1,87,final_answer,clean_final,900
test-1501,C2,2,19,final_answer,clean_final,1228
test-1505,C2,0,10,final_answer,clean_final,281
test-1505,C2,1,100,final_answer,clean_final,321
test-1505,C2,2,100000000000,final_answer,clean_final,451
test-1506,C2,0,100000,final_answer,clean_final,487
test-1506,C2,1,2000,final_answer,clean_final,417
test-1506,C2,2,100000,final_answer,clean_final,579
test-1510,C2,0,4,final_answer,clean_final,686
test-1510,C2,1,18,final_answer,clean_final,689
test-1510,C2,2,9,final_answer,clean_final,584
test-1512,C2,0,2,final_answer,clean_final,760
test-1512,C2,1,3,final_answer,clean_final,696
test-1512,C2,2,1014,final_answer,clean_final,788
test-1513,C2,0,51,final_answer,clean_final,441
test-1513,C2,1,42,final_answer,clean_final,441
test-1513,C2,2,41,final_answer,clean_final,439
test-1514,C2,0,89,final_answer,clean_final,605
test-1514,C2,1,62,final_answer,clean_final,663
test-1514,C2,2,577,final_answer,clean_final,378
test-1517,C2,0,80.0,final_answer,clean_final,398
test-1517,C2,1,88.0,final_answer,clean_final,431
test-1517,C2,2,15.0,final_answer,clean_final,525
test-1522,C2,0,2178.0,final_answer,clean_final,694
test-1522,C2,1,351.0,final_answer,clean_final,892
test-1522,C2,2,384.0,final_answer,clean_final,558
test-1523,C2,0,75.0,final_answer,clean_final,692
test-1523,C2,1,15.0,final_answer,clean_final,877
test-1523,C2,2,18.0,final_answer,clean_final,754
test-1524,C2,0,11.0,final_answer,clean_final,371
test-1524,C2,1,11.0,final_answer,clean_final,250
test-1524,C2,2,29.0,final_answer,clean_final,193
test-1529,C2,0,2.0,final_answer,clean_final,649
test-1529,C2,1,5.0,final_answer,clean_final,761
test-1529,C2,2,3.0,final_answer,clean_final,532
test-1530,C2,0,1.0,final_answer,clean_final,779
test-1530,C2,1,1.0,final_answer,clean_final,677
test-1530,C2,2,1.0,final_answer,clean_final,799
test-1533,C2,0,6.0,final_answer,clean_final,503
test-1533,C2,1,10.0,final_answer,clean_final,414
test-1533,C2,2,5.0,final_answer,clean_final,724
test-1535,C2,0,902.0,final_answer,clean_final,314
test-1535,C2,1,10.0,final_answer,clean_final,667
test-1535,C2,2,1000.0,final_answer,clean_final,613
test-1536,C2,0,96.0,last_number,ends_digit,1536
test-1536,C2,1,36.0,final_answer,clean_final,1307
test-1536,C2,2,10.0,final_answer,clean_final,1399
test-1538,C2,0,18.0,final_answer,clean_final,512
test-1538,C2,1,18.0,final_answer,clean_final,556
test-1538,C2,2,18.0,final_answer,clean_final,594
test-1542,C2,0,3.0,final_answer,clean_final,714
test-1542,C2,1,3.0,final_answer,clean_final,1339
test-1542,C2,2,1.0,final_answer,clean_final,1251
test-1545,C2,0,900.0,final_answer,clean_final,1086
test-1545,C2,1,456.0,final_answer,clean_final,650
test-1545,C2,2,469.0,final_answer,clean_final,850
test-1546,C2,0,7.0,final_answer,clean_final,533
test-1546,C2,1,2.0,final_answer,clean_final,654
test-1546,C2,2,37.0,final_answer,clean_final,401
test-1547,C2,0,2295.0,final_answer,clean_final,627
test-1547,C2,1,54.0,final_answer,clean_final,427
test-1547,C2,2,2304.0,final_answer,clean_final,333
test-1549,C2,0,1000000.0,final_answer,clean_final,412
test-1549,C2,1,216.0,final_answer,clean_final,886
test-1549,C2,2,5.0,final_answer,clean_final,884
test-1550,C2,0,2.0,final_answer,clean_final,497
test-1550,C2,1,2.0,final_answer,clean_final,407
test-1550,C2,2,2.0,final_answer,clean_final,383
test-1552,C2,0,2041.0,final_answer,clean_final,636
test-1552,C2,1,2029.0,final_answer,clean_final,852
test-1552,C2,2,17888.0,final_answer,clean_final,740
test-1554,C2,0,28.0,final_answer,clean_final,730
test-1554,C2,1,1001.0,final_answer,clean_final,719
test-1554,C2,2,864.0,final_answer,clean_final,669
test-1555,C2,0,1.0,final_answer,clean_final,730
test-1555,C2,1,2.0,final_answer,clean_final,684
test-1555,C2,2,1.0,final_answer,clean_final,928
test-1557,C2,0,88.0,final_answer,clean_final,406
test-1557,C2,1,100.0,final_answer,clean_final,464
test-1557,C2,2,88.0,final_answer,clean_final,254
test-1559,C2,0,18000.0,final_answer,clean_final,254
test-1559,C2,1,14667.0,final_answer,clean_final,440
test-1559,C2,2,14660.0,final_answer,clean_final,438
test-1565,C2,0,53968.0,final_answer,clean_final,665
test-1565,C2,1,80736.0,last_number,ends_digit,260
test-1565,C2,2,19348.0,final_answer,clean_final,983
test-1567,C2,0,1.0,final_answer,clean_final,1055
test-1567,C2,1,20212021.0,final_answer,clean_final,927
test-1567,C2,2,202120212.0,final_answer,clean_final,608
test-1568,C2,0,44.0,final_answer,clean_final,690
test-1568,C2,1,45.0,final_answer,clean_final,805
test-1568,C2,2,45.0,final_answer,clean_final,740
test-1569,C2,0,1396.0,final_answer,clean_final,592
test-1569,C2,1,2587.0,final_answer,clean_final,576
test-1569,C2,2,7876.0,final_answer,clean_final,461
test-1573,C2,0,1000.0,final_answer,clean_final,992
test-1573,C2,1,500.0,final_answer,clean_final,778
test-1573,C2,2,26.0,final_answer,clean_final,1481
test-1575,C2,0,84.0,final_answer,clean_final,362
test-1575,C2,1,133.0,final_answer,clean_final,480
test-1575,C2,2,48.0,final_answer,clean_final,191
test-1577,C2,0,126.0,final_answer,clean_final,414
test-1577,C2,1,210.0,final_answer,clean_final,394
test-1577,C2,2,715.0,final_answer,clean_final,541
test-1578,C2,0,0.0,final_answer,clean_final,1487
test-1578,C2,1,15.0,final_answer,clean_final,721
test-1578,C2,2,10.0,final_answer,clean_final,867
test-1580,C2,0,79.0,last_number,mid_cut,1536
test-1580,C2,1,64.0,final_answer,clean_final,675
test-1580,C2,2,43.0,final_answer,clean_final,838
test-1581,C2,0,196.0,final_answer,clean_final,864
test-1581,C2,1,2.0,final_answer,clean_final,840
test-1581,C2,2,4.0,final_answer,clean_final,1010
test-1582,C2,0,1.0,final_answer,clean_final,710
test-1582,C2,1,8.0,final_answer,clean_final,403
test-1582,C2,2,16.0,final_answer,clean_final,620
test-1583,C2,0,1010.0,final_answer,clean_final,490
test-1583,C2,1,505.0,final_answer,clean_final,390
test-1583,C2,2,1009.0,final_answer,clean_final,580
test-1584,C2,0,1000.0,last_number,mid_cut,1536
test-1584,C2,1,0.0,final_answer,clean_final,1436
test-1584,C2,2,1.0,last_number,ends_digit,1536
test-1585,C2,0,6.0,final_answer,clean_final,206
test-1585,C2,1,12.0,final_answer,clean_final,181
test-1585,C2,2,12.0,final_answer,clean_final,196
test-1586,C2,0,50.0,final_answer,clean_final,775
test-1586,C2,1,9.0,final_answer,clean_final,541
test-1586,C2,2,11.0,final_answer,clean_final,733
test-1588,C2,0,0.0,final_answer,clean_final,722
test-1588,C2,1,0.0,final_answer,clean_final,520
test-1588,C2,2,7.0,final_answer,clean_final,826
test-1589,C2,0,28.0,final_answer,clean_final,1394
test-1589,C2,1,181.0,final_answer,clean_final,1442
test-1589,C2,2,22.0,final_answer,clean_final,1019
test-1590,C2,0,100.0,final_answer,clean_final,210
test-1590,C2,1,992.0,final_answer,clean_final,484
test-1590,C2,2,100.0,final_answer,clean_final,395
test-1591,C2,0,13.0,final_answer,clean_final,344
test-1591,C2,1,8.0,final_answer,clean_final,720
test-1591,C2,2,6.0,final_answer,clean_final,210
test-1594,C2,0,226.0,final_answer,clean_final,117
test-1594,C2,1,154.0,final_answer,clean_final,214
test-1594,C2,2,226.0,final_answer,clean_final,155
test-1596,C2,0,120.0,final_answer,clean_final,242
test-1596,C2,1,120.0,final_answer,clean_final,232
test-1596,C2,2,120.0,final_answer,clean_final,297
test-1597,C2,0,108.0,final_answer,clean_final,874
test-1597,C2,1,22.0,final_answer,clean_final,739
test-1597,C2,2,445.0,final_answer,clean_final,770
test-1598,C2,0,600.0,final_answer,clean_final,783
test-1598,C2,1,600.0,final_answer,clean_final,733
test-1598,C2,2,600.0,final_answer,clean_final,669
test-1600,C2,0,0.0,final_answer,clean_final,907
test-1600,C2,1,0.0,final_answer,clean_final,793
test-1600,C2,2,7.0,final_answer,clean_final,1156
test-1602,C2,0,10.0,final_answer,clean_final,539
test-1602,C2,1,4.0,final_answer,clean_final,1290
test-1602,C2,2,12.0,final_answer,clean_final,990
test-1606,C2,0,459.0,final_answer,clean_final,337
test-1606,C2,1,11.0,final_answer,clean_final,407
test-1606,C2,2,11.0,final_answer,clean_final,368
test-1609,C2,0,40.0,final_answer,clean_final,238
test-1609,C2,1,48.0,final_answer,clean_final,376
test-1609,C2,2,40.0,final_answer,clean_final,202
test-1611,C2,0,224.0,final_answer,clean_final,488
test-1611,C2,1,1097.0,final_answer,clean_final,351
test-1611,C2,2,852.0,final_answer,clean_final,395
test-1618,C2,0,2.0,final_answer,clean_final,333
test-1618,C2,1,4.0,final_answer,clean_final,274
test-1618,C2,2,1.0,final_answer,clean_final,371
test-1619,C2,0,2017.0,final_answer,clean_final,1220
test-1619,C2,1,3.0,final_answer,clean_final,1036
test-1619,C2,2,245.0,final_answer,clean_final,1370
test-1622,C2,0,16.0,final_answer,clean_final,171
test-1622,C2,1,16.0,final_answer,clean_final,193
test-1622,C2,2,16.0,final_answer,clean_final,218
test-1625,C2,0,20.0,final_answer,clean_final,459
test-1625,C2,1,10.0,final_answer,clean_final,430
test-1625,C2,2,10.0,final_answer,clean_final,401
test-1628,C2,0,4096.0,final_answer,clean_final,229
test-1628,C2,1,4095.0,final_answer,clean_final,324
test-1628,C2,2,4096.0,final_answer,clean_final,185
test-1629,C2,0,36.0,final_answer,clean_final,677
test-1629,C2,1,12.0,final_answer,clean_final,432
test-1629,C2,2,19.0,final_answer,clean_final,619
test-1634,C2,0,63.0,final_answer,clean_final,110
test-1634,C2,1,63.0,final_answer,clean_final,165
test-1634,C2,2,63.0,final_answer,clean_final,151
test-1636,C2,0,40.0,final_answer,clean_final,156
test-1636,C2,1,40.0,final_answer,clean_final,183
test-1636,C2,2,40.0,final_answer,clean_final,187
test-1637,C2,0,10.0,final_answer,clean_final,592
test-1637,C2,1,5.0,final_answer,clean_final,492
test-1637,C2,2,5.0,final_answer,clean_final,646
test-1639,C2,0,3.0,final_answer,clean_final,770
test-1639,C2,1,5.0,final_answer,clean_final,775
test-1639,C2,2,2.0,final_answer,clean_final,827
test-1641,C2,0,2.0,final_answer,clean_final,634
test-1641,C2,1,10.0,last_number,mid_cut,919
test-1641,C2,2,0.0,final_answer,clean_final,704
test-1643,C2,0,52.0,final_answer,clean_final,919
test-1643,C2,1,182.0,final_answer,clean_final,784
test-1643,C2,2,38.0,final_answer,clean_final,789
test-1644,C2,0,25.0,last_number,mid_cut,1536
test-1644,C2,1,4.0,final_answer,clean_final,576
test-1644,C2,2,20.0,final_answer,clean_final,694
test-1646,C2,0,240.0,final_answer,clean_final,1044
test-1646,C2,1,0.0,final_answer,clean_final,607
test-1646,C2,2,66.0,final_answer,clean_final,674
test-1647,C2,0,11.0,final_answer,clean_final,718
test-1647,C2,1,11.0,final_answer,clean_final,692
test-1647,C2,2,11.0,final_answer,clean_final,472
test-1649,C2,0,1023.0,final_answer,clean_final,772
test-1649,C2,1,2046.0,final_answer,clean_final,654
test-1649,C2,2,2047.0,final_answer,clean_final,484
test-1651,C2,0,48.0,final_answer,clean_final,673
test-1651,C2,1,30.0,final_answer,clean_final,540
test-1651,C2,2,90.0,final_answer,clean_final,719
test-1653,C2,0,36.0,final_answer,clean_final,542
test-1653,C2,1,66.0,final_answer,clean_final,814
test-1653,C2,2,5.0,final_answer,clean_final,978
test-1654,C2,0,7.0,final_answer,clean_final,382
test-1654,C2,1,6.0,final_answer,clean_final,517
test-1654,C2,2,7.0,final_answer,clean_final,355
test-1655,C2,0,1024.0,final_answer,clean_final,382
test-1655,C2,1,1024.0,final_answer,clean_final,324
test-1655,C2,2,1024.0,final_answer,clean_final,463
test-1656,C2,0,151.0,final_answer,clean_final,275
test-1656,C2,1,52.0,final_answer,clean_final,238
test-1656,C2,2,150.0,final_answer,clean_final,381
test-1657,C2,0,1579.0,final_answer,clean_final,1006
test-1657,C2,1,17.0,final_answer,clean_final,766
test-1657,C2,2,94.0,final_answer,clean_final,918
test-1658,C2,0,21.0,final_answer,clean_final,142
test-1658,C2,1,21.0,final_answer,clean_final,84
test-1658,C2,2,21.0,final_answer,clean_final,132
test-1660,C2,0,22.0,final_answer,clean_final,1156
test-1660,C2,1,18.0,final_answer,clean_final,904
test-1660,C2,2,16.0,final_answer,clean_final,1133
test-1662,C2,0,2010.0,final_answer,clean_final,496
test-1662,C2,1,16.0,final_answer,clean_final,629
test-1662,C2,2,2011015.0,final_answer,clean_final,790
test-1666,C2,0,7.0,final_answer,clean_final,544
test-1666,C2,1,19.0,final_answer,clean_final,840
test-1666,C2,2,8.0,final_answer,clean_final,689
test-1668,C2,0,125.0,final_answer,clean_final,398
test-1668,C2,1,250.0,final_answer,clean_final,700
test-1668,C2,2,250.0,final_answer,clean_final,798
test-1669,C2,0,5.0,final_answer,clean_final,449
test-1669,C2,1,5.0,final_answer,clean_final,502
test-1669,C2,2,7.0,final_answer,clean_final,683
test-1671,C2,0,14.0,final_answer,clean_final,1075
test-1671,C2,1,11.0,final_answer,clean_final,832
test-1671,C2,2,6.0,final_answer,clean_final,922
test-1677,C2,0,30.0,final_answer,clean_final,258
test-1677,C2,1,30.0,final_answer,clean_final,271
test-1677,C2,2,60.0,final_answer,clean_final,138
test-1686,C2,0,5.0,final_answer,clean_final,844
test-1686,C2,1,1.0,final_answer,clean_final,340
test-1686,C2,2,4.0,final_answer,clean_final,730
test-1687,C2,0,5.0,final_answer,clean_final,1171
test-1687,C2,1,45.0,final_answer,clean_final,1362
test-1687,C2,2,3.0,last_number,ends_digit,1536
test-1688,C2,0,100.0,final_answer,clean_final,630
test-1688,C2,1,200.0,final_answer,clean_final,798
test-1688,C2,2,100.0,final_answer,clean_final,768
test-1689,C2,0,750.0,final_answer,clean_final,491
test-1689,C2,1,750.0,final_answer,clean_final,510
test-1689,C2,2,990.0,final_answer,clean_final,434
test-1693,C2,0,66.0,final_answer,clean_final,976
test-1693,C2,1,66.0,final_answer,clean_final,915
test-1693,C2,2,122.0,final_answer,clean_final,617
test-1694,C2,0,14432.0,final_answer,clean_final,633
test-1694,C2,1,32616.0,final_answer,clean_final,483
test-1694,C2,2,3013.0,final_answer,clean_final,619
test-1696,C2,0,41.0,final_answer,clean_final,785
test-1696,C2,1,43.0,final_answer,clean_final,1160
test-1696,C2,2,19.0,final_answer,clean_final,973
test-1697,C2,0,15.0,final_answer,clean_final,579
test-1697,C2,1,100.0,final_answer,clean_final,760
test-1697,C2,2,24.0,final_answer,clean_final,601
test-1700,C2,0,275.0,final_answer,clean_final,295
test-1700,C2,1,275.0,final_answer,clean_final,333
test-1700,C2,2,550.0,final_answer,clean_final,429
test-1703,C2,0,2.0,final_answer,clean_final,212
test-1703,C2,1,2.0,final_answer,clean_final,281
test-1703,C2,2,2.0,final_answer,clean_final,182
test-1705,C2,0,5.0,final_answer,clean_final,873
test-1705,C2,1,7.0,final_answer,clean_final,707
test-1705,C2,2,36.0,final_answer,clean_final,989
test-1706,C2,0,15394.0,final_answer,clean_final,1120
test-1706,C2,1,0.0,final_answer,clean_final,632
test-1706,C2,2,1011010.0,final_answer,clean_final,1109
test-1707,C2,0,14.0,final_answer,clean_final,495
test-1707,C2,1,14.0,final_answer,clean_final,547
test-1707,C2,2,15.0,final_answer,clean_final,603
test-1708,C2,0,2016.0,final_answer,clean_final,958
test-1708,C2,1,2030180.0,final_answer,clean_final,696
test-1708,C2,2,2019.0,final_answer,clean_final,801
test-1711,C2,0,2014.0,final_answer,clean_final,448
test-1711,C2,1,2014.0,final_answer,clean_final,261
test-1711,C2,2,2015.0,final_answer,clean_final,291
test-1714,C2,0,64.0,final_answer,clean_final,473
test-1714,C2,1,2020.0,final_answer,clean_final,580
test-1714,C2,2,2107.0,final_answer,clean_final,435
test-1717,C2,0,3.0,final_answer,clean_final,429
test-1717,C2,1,13.0,final_answer,clean_final,592
test-1717,C2,2,,fail,clean_final,392
test-1720,C2,0,34.0,last_number,ends_digit,1536
test-1720,C2,1,85.0,final_answer,clean_final,779
test-1720,C2,2,82.0,final_answer,clean_final,1241
test-1722,C2,0,24.0,final_answer,clean_final,883
test-1722,C2,1,25.0,final_answer,clean_final,744
test-1722,C2,2,24.0,final_answer,clean_final,639
test-1728,C2,0,501.0,final_answer,clean_final,468
test-1728,C2,1,1.0,final_answer,clean_final,335
test-1728,C2,2,-446079.0,final_answer,clean_final,662
test-1729,C2,0,1.0,final_answer,clean_final,1175
test-1729,C2,1,16.0,final_answer,clean_final,524
test-1729,C2,2,0.0,final_answer,clean_final,507
test-1738,C2,0,500.0,final_answer,clean_final,135
test-1738,C2,1,500.0,final_answer,clean_final,141
test-1738,C2,2,1100.0,final_answer,clean_final,107
test-1742,C2,0,4.0,final_answer,clean_final,990
test-1742,C2,1,-5.0,final_answer,clean_final,649
test-1742,C2,2,5.0,final_answer,clean_final,569
test-1744,C2,0,36.0,final_answer,clean_final,492
test-1744,C2,1,31.0,final_answer,clean_final,555
test-1744,C2,2,19.0,final_answer,clean_final,578
test-1746,C2,0,4.0,final_answer,clean_final,1077
test-1746,C2,1,8.0,final_answer,clean_final,567
test-1746,C2,2,7.0,final_answer,clean_final,526
test-1748,C2,0,18.0,final_answer,clean_final,166
test-1748,C2,1,2.0,final_answer,clean_final,228
test-1748,C2,2,2.0,final_answer,clean_final,279
test-1753,C2,0,101.0,final_answer,clean_final,1399
test-1753,C2,1,2019.0,final_answer,clean_final,956
test-1753,C2,2,1.0,final_answer,clean_final,1250
test-1754,C2,0,16.0,final_answer,clean_final,689
test-1754,C2,1,4.0,final_answer,clean_final,385
test-1754,C2,2,4.0,final_answer,clean_final,319
test-1755,C2,0,42.0,final_answer,clean_final,329
test-1755,C2,1,42.0,final_answer,clean_final,364
test-1755,C2,2,5.0,final_answer,clean_final,335
test-1756,C2,0,32.0,final_answer,clean_final,115
test-1756,C2,1,792.0,final_answer,clean_final,423
test-1756,C2,2,729.0,final_answer,clean_final,332
test-1757,C2,0,2012.0,final_answer,clean_final,683
test-1757,C2,1,2011.0,final_answer,clean_final,649
test-1757,C2,2,2012.0,final_answer,clean_final,611
test-1759,C2,0,360.0,final_answer,clean_final,1115
test-1759,C2,1,388.0,final_answer,clean_final,862
test-1759,C2,2,370.0,final_answer,clean_final,743
test-1762,C2,0,0.0,final_answer,clean_final,233
test-1762,C2,1,5.0,final_answer,clean_final,417
test-1762,C2,2,6.0,final_answer,clean_final,431
test-1763,C2,0,1.0,final_answer,clean_final,814
test-1763,C2,1,492129.0,final_answer,clean_final,825
test-1763,C2,2,2.0,final_answer,clean_final,515
test-1765,C2,0,210.0,final_answer,clean_final,622
test-1765,C2,1,30.0,final_answer,clean_final,648
test-1765,C2,2,210.0,final_answer,clean_final,471
test-1766,C2,0,10.0,final_answer,clean_final,208
test-1766,C2,1,11.0,final_answer,clean_final,135
test-1766,C2,2,1.0,final_answer,clean_final,512
test-1771,C2,0,42.0,final_answer,clean_final,175
test-1771,C2,1,42.0,final_answer,clean_final,103
test-1771,C2,2,42.0,final_answer,clean_final,169
test-1772,C2,0,360.0,last_number,ends_digit,492
test-1772,C2,1,6.0,final_answer,clean_final,711
test-1772,C2,2,24.0,final_answer,clean_final,313
test-1776,C2,0,2567.0,final_answer,clean_final,1256
test-1776,C2,1,2594.0,final_answer,clean_final,1244
test-1776,C2,2,5694.0,last_number,mid_cut,1536
test-1777,C2,0,2.0,final_answer,clean_final,604
test-1777,C2,1,4.0,final_answer,clean_final,647
test-1777,C2,2,6.0,final_answer,clean_final,548
test-1781,C2,0,2012.0,final_answer,clean_final,909
test-1781,C2,1,2013.0,final_answer,clean_final,1416
test-1781,C2,2,-120.0,final_answer,clean_final,1482
test-1782,C2,0,46.0,final_answer,clean_final,415
test-1782,C2,1,31.0,final_answer,clean_final,506
test-1782,C2,2,10.0,final_answer,clean_final,645
test-1783,C2,0,222.0,final_answer,clean_final,283
test-1783,C2,1,222.0,final_answer,clean_final,304
test-1783,C2,2,225.0,final_answer,clean_final,353
test-1789,C2,0,1059.0,final_answer,clean_final,894
test-1789,C2,1,421.0,final_answer,clean_final,707
test-1789,C2,2,833.0,final_answer,clean_final,1204
test-1790,C2,0,0.0,final_answer,clean_final,747
test-1790,C2,1,504.0,final_answer,clean_final,602
test-1790,C2,2,224.0,final_answer,clean_final,1265
test-1791,C2,0,50.0,final_answer,clean_final,217
test-1791,C2,1,50.0,final_answer,clean_final,198
test-1791,C2,2,50.0,final_answer,clean_final,168
test-1792,C2,0,18.0,final_answer,clean_final,541
test-1792,C2,1,18.0,final_answer,clean_final,271
test-1792,C2,2,16.0,final_answer,clean_final,605
test-1793,C2,0,1.0,final_answer,clean_final,204
test-1793,C2,1,1.0,final_answer,clean_final,166
test-1793,C2,2,1.0,final_answer,clean_final,138
test-1794,C2,0,8.0,final_answer,clean_final,728
test-1794,C2,1,1.0,final_answer,clean_final,410
test-1794,C2,2,0.0,final_answer,clean_final,561
test-1795,C2,0,1.0,final_answer,clean_final,603
test-1795,C2,1,8.0,final_answer,clean_final,815
test-1795,C2,2,4.0,final_answer,clean_final,808
test-1798,C2,0,3.0,final_answer,clean_final,876
test-1798,C2,1,3.0,final_answer,clean_final,792
test-1798,C2,2,5.0,final_answer,clean_final,760
test-1802,C2,0,32.0,final_answer,clean_final,1007
test-1802,C2,1,46.0,final_answer,clean_final,1033
test-1802,C2,2,13.0,last_number,mid_cut,1536
test-1803,C2,0,50.0,final_answer,clean_final,273
test-1803,C2,1,50.0,final_answer,clean_final,243
test-1803,C2,2,50.0,final_answer,clean_final,245
test-1806,C2,0,282.0,final_answer,clean_final,561
test-1806,C2,1,67.0,final_answer,clean_final,960
test-1806,C2,2,30.0,final_answer,clean_final,782
test-1809,C2,0,8.0,final_answer,clean_final,531
test-1809,C2,1,4.0,final_answer,clean_final,514
test-1809,C2,2,10.0,final_answer,clean_final,536
test-1810,C2,0,-6.0,final_answer,clean_final,798
test-1810,C2,1,0.0,final_answer,clean_final,761
test-1810,C2,2,3.0,final_answer,clean_final,1265
test-1816,C2,0,13.0,final_answer,clean_final,335
test-1816,C2,1,13.0,final_answer,clean_final,305
test-1816,C2,2,13.0,final_answer,clean_final,330
test-1823,C2,0,45.0,final_answer,clean_final,312
test-1823,C2,1,48.0,final_answer,clean_final,332
test-1823,C2,2,36.0,final_answer,clean_final,446
test-1824,C2,0,69.0,final_answer,clean_final,637
test-1824,C2,1,70.0,final_answer,clean_final,697
test-1824,C2,2,10.0,final_answer,clean_final,484
test-1825,C2,0,150.0,final_answer,clean_final,440
test-1825,C2,1,250.0,final_answer,clean_final,607
test-1825,C2,2,200.0,final_answer,clean_final,1061
test-1827,C2,0,68.0,final_answer,clean_final,489
test-1827,C2,1,10.0,final_answer,clean_final,512
test-1827,C2,2,35.0,final_answer,clean_final,766
test-1828,C2,0,5040.0,final_answer,clean_final,578
test-1828,C2,1,7.0,final_answer,clean_final,963
test-1828,C2,2,49.0,final_answer,clean_final,905
test-1830,C2,0,55.0,final_answer,clean_final,408
test-1830,C2,1,21.0,final_answer,clean_final,504
test-1830,C2,2,10.0,final_answer,clean_final,568
test-1831,C2,0,4194304.0,final_answer,clean_final,218
test-1831,C2,1,253.0,final_answer,clean_final,329
test-1831,C2,2,705432.0,final_answer,clean_final,401
test-1832,C2,0,152.0,final_answer,clean_final,477
test-1832,C2,1,760.0,final_answer,clean_final,390
test-1832,C2,2,760.0,final_answer,clean_final,357
test-1833,C2,0,127.0,final_answer,clean_final,445
test-1833,C2,1,127.0,final_answer,clean_final,518
test-1833,C2,2,5.0,final_answer,clean_final,595
test-1835,C2,0,343.0,final_answer,clean_final,666
test-1835,C2,1,8379.0,final_answer,clean_final,787
test-1835,C2,2,47.0,final_answer,clean_final,707
test-1838,C2,0,12.0,final_answer,clean_final,712
test-1838,C2,1,5.0,final_answer,clean_final,847
test-1838,C2,2,21.0,final_answer,clean_final,1006
test-1839,C2,0,0.0,final_answer,clean_final,622
test-1839,C2,1,149.0,final_answer,clean_final,734
test-1839,C2,2,0.0,final_answer,clean_final,604
test-1842,C2,0,-480.0,final_answer,clean_final,338
test-1842,C2,1,3520.0,final_answer,clean_final,199
test-1842,C2,2,3520.0,final_answer,clean_final,184
test-1843,C2,0,1008.0,final_answer,clean_final,765
test-1843,C2,1,1007.0,final_answer,clean_final,777
test-1843,C2,2,1008.0,final_answer,clean_final,913
test-1844,C2,0,2080,final_answer,clean_final,212
test-1844,C2,1,2080,final_answer,clean_final,309
test-1844,C2,2,2260,final_answer,clean_final,450
test-1846,C2,0,13,final_answer,clean_final,921
test-1846,C2,1,12,final_answer,clean_final,675
test-1846,C2,2,45,final_answer,clean_final,656
test-1849,C2,0,3,final_answer,clean_final,685
test-1849,C2,1,5,final_answer,clean_final,1095
test-1849,C2,2,3,final_answer,clean_final,1451
test-1850,C2,0,584448,final_answer,clean_final,962
test-1850,C2,1,5056336,final_answer,clean_final,639
test-1850,C2,2,73076,final_answer,clean_final,1256
test-1852,C2,0,149,final_answer,clean_final,705
test-1852,C2,1,243,final_answer,clean_final,345
test-1852,C2,2,723,final_answer,clean_final,571
test-1854,C2,0,90,final_answer,clean_final,453
test-1854,C2,1,20,final_answer,clean_final,653
test-1854,C2,2,94,final_answer,clean_final,913
test-1855,C2,0,1200,final_answer,clean_final,425
test-1855,C2,1,6,final_answer,clean_final,547
test-1855,C2,2,500,final_answer,clean_final,517
test-1859,C2,0,-36,final_answer,clean_final,551
test-1859,C2,1,38,final_answer,clean_final,759
test-1859,C2,2,20,final_answer,clean_final,692
test-1860,C2,0,41,final_answer,clean_final,706
test-1860,C2,1,61,final_answer,clean_final,1187
test-1860,C2,2,81,final_answer,clean_final,938
test-1861,C2,0,7,final_answer,clean_final,131
test-1861,C2,1,7,final_answer,clean_final,123
test-1861,C2,2,7,final_answer,clean_final,154
test-1863,C2,0,1010,final_answer,clean_final,909
test-1863,C2,1,1009,final_answer,clean_final,840
test-1863,C2,2,1009,final_answer,clean_final,860
test-1868,C2,0,6,final_answer,clean_final,714
test-1868,C2,1,8,final_answer,clean_final,1054
test-1868,C2,2,6,final_answer,clean_final,665
test-1871,C2,0,80,final_answer,clean_final,981
test-1871,C2,1,80,final_answer,clean_final,761
test-1871,C2,2,80,final_answer,clean_final,400
test-1872,C2,0,811,final_answer,clean_final,1045
test-1872,C2,1,135,final_answer,clean_final,1074
test-1872,C2,2,60,final_answer,clean_final,1175
test-1873,C2,0,20,final_answer,clean_final,918
test-1873,C2,1,9,final_answer,clean_final,604
test-1873,C2,2,20,final_answer,clean_final,266
test-1874,C2,0,4,final_answer,clean_final,219
test-1874,C2,1,5,final_answer,clean_final,240
test-1874,C2,2,5,final_answer,clean_final,203
test-1876,C2,0,4,final_answer,clean_final,642
test-1876,C2,1,13,final_answer,clean_final,652
test-1876,C2,2,7,final_answer,clean_final,676
test-1882,C2,0,3,final_answer,clean_final,783
test-1882,C2,1,1,final_answer,clean_final,928
test-1882,C2,2,1,final_answer,clean_final,938
test-1885,C2,0,5000,final_answer,clean_final,494
test-1885,C2,1,5000,final_answer,clean_final,394
test-1885,C2,2,50,final_answer,clean_final,294
test-1886,C2,0,512,final_answer,clean_final,650
test-1886,C2,1,2048,final_answer,clean_final,762
test-1886,C2,2,2097152,final_answer,clean_final,599
test-1887,C2,0,19,final_answer,clean_final,664
test-1887,C2,1,17,final_answer,clean_final,537
test-1887,C2,2,21,final_answer,clean_final,780
test-1890,C2,0,7425,final_answer,clean_final,206
test-1890,C2,1,7425,final_answer,clean_final,280
test-1890,C2,2,495,final_answer,clean_final,183
test-1891,C2,0,5000,final_answer,clean_final,272
test-1891,C2,1,10033,final_answer,clean_final,549
test-1891,C2,2,5000,final_answer,clean_final,265
test-1893,C2,0,18,final_answer,clean_final,172
test-1893,C2,1,18,final_answer,clean_final,158
test-1893,C2,2,18,final_answer,clean_final,126
test-1894,C2,0,345,final_answer,clean_final,791
test-1894,C2,1,458,final_answer,clean_final,406
test-1894,C2,2,500,final_answer,clean_final,792
test-1895,C2,0,2,final_answer,clean_final,552
test-1895,C2,1,10,final_answer,clean_final,758
test-1895,C2,2,16,final_answer,clean_final,560
test-1898,C2,0,290,final_answer,clean_final,730
test-1898,C2,1,40,final_answer,clean_final,1436
test-1898,C2,2,90,final_answer,clean_final,829
test-1902,C2,0,10,final_answer,clean_final,817
test-1902,C2,1,60,final_answer,clean_final,834
test-1902,C2,2,5,final_answer,clean_final,766
test-1903,C2,0,36,final_answer,clean_final,1244
test-1903,C2,1,36,final_answer,clean_final,1438
test-1903,C2,2,26,final_answer,clean_final,1114
test-1906,C2,0,284,final_answer,clean_final,624
test-1906,C2,1,284,final_answer,clean_final,507
test-1906,C2,2,284,final_answer,clean_final,456
test-1907,C2,0,19164715,final_answer,clean_final,570
test-1907,C2,1,6252937,final_answer,clean_final,573
test-1907,C2,2,20152015,final_answer,clean_final,611
test-1909,C2,0,2625,final_answer,clean_final,859
test-1909,C2,1,8775,final_answer,clean_final,560
test-1909,C2,2,3150,final_answer,clean_final,579
test-1914,C2,0,30,final_answer,clean_final,169
test-1914,C2,1,30,final_answer,clean_final,142
test-1914,C2,2,30,final_answer,clean_final,166
test-1915,C2,0,12,final_answer,clean_final,925
test-1915,C2,1,16,final_answer,clean_final,785
test-1915,C2,2,9,final_answer,clean_final,749
test-1924,C2,0,21,final_answer,clean_final,767
test-1924,C2,1,12,final_answer,clean_final,651
test-1924,C2,2,21,final_answer,clean_final,527
test-1927,C2,0,2,final_answer,clean_final,637
test-1927,C2,1,3,final_answer,clean_final,757
test-1927,C2,2,1,last_number,mid_cut,598
test-1928,C2,0,1260,final_answer,clean_final,511
test-1928,C2,1,54,final_answer,clean_final,925
test-1928,C2,2,864,final_answer,clean_final,535
test-1933,C2,0,69,final_answer,clean_final,840
test-1933,C2,1,158,final_answer,clean_final,979
test-1933,C2,2,2,final_answer,clean_final,614
test-1934,C2,0,5,final_answer,clean_final,264
test-1934,C2,1,5,final_answer,clean_final,266
test-1934,C2,2,5,final_answer,clean_final,620
test-1935,C2,0,70,final_answer,clean_final,607
test-1935,C2,1,126,final_answer,clean_final,674
test-1935,C2,2,70,final_answer,clean_final,413
test-1938,C2,0,30,final_answer,clean_final,189
test-1938,C2,1,30,final_answer,clean_final,271
test-1938,C2,2,30,final_answer,clean_final,253
test-1939,C2,0,0,final_answer,clean_final,334
test-1939,C2,1,0,final_answer,clean_final,240
test-1939,C2,2,6,final_answer,clean_final,260
test-1941,C2,0,924,final_answer,clean_final,456
test-1941,C2,1,924,final_answer,clean_final,467
test-1941,C2,2,924,final_answer,clean_final,353
test-1944,C2,0,75,final_answer,clean_final,327
test-1944,C2,1,75,final_answer,clean_final,464
test-1944,C2,2,25,final_answer,clean_final,410
test-1945,C2,0,162,final_answer,clean_final,1151
test-1945,C2,1,86,final_answer,clean_final,1041
test-1945,C2,2,91,final_answer,clean_final,1107
test-1946,C2,0,997,final_answer,clean_final,1141
test-1946,C2,1,983,final_answer,clean_final,896
test-1946,C2,2,361,final_answer,clean_final,1154
test-1947,C2,0,250,final_answer,clean_final,712
test-1947,C2,1,400,final_answer,clean_final,770
test-1947,C2,2,1200,final_answer,clean_final,765
test-1948,C2,0,17,final_answer,clean_final,571
test-1948,C2,1,1,last_number,ends_digit,1536
test-1948,C2,2,18,final_answer,clean_final,715
test-1951,C2,0,4,final_answer,clean_final,871
test-1951,C2,1,2,final_answer,clean_final,510
test-1951,C2,2,6,final_answer,clean_final,601
test-1953,C2,0,119,final_answer,clean_final,370
test-1953,C2,1,143,final_answer,clean_final,301
test-1953,C2,2,257,final_answer,clean_final,544
test-1959,C2,0,10,last_number,mid_cut,1536
test-1959,C2,1,89,final_answer,clean_final,561
test-1959,C2,2,81,final_answer,clean_final,680
test-1964,C2,0,177,final_answer,clean_final,732
test-1964,C2,1,87,final_answer,clean_final,1224
test-1964,C2,2,31,final_answer,clean_final,564
test-1965,C2,0,5,final_answer,clean_final,225
test-1965,C2,1,58,final_answer,clean_final,293
test-1965,C2,2,50,final_answer,clean_final,239
test-1967,C2,0,3,final_answer,clean_final,1015
test-1967,C2,1,243,final_answer,clean_final,1118
test-1967,C2,2,405,final_answer,clean_final,977
test-1968,C2,0,41,final_answer,clean_final,318
test-1968,C2,1,68,final_answer,clean_final,182
test-1968,C2,2,35,final_answer,clean_final,308
test-1969,C2,0,110,final_answer,clean_final,373
test-1969,C2,1,110,final_answer,clean_final,458
test-1969,C2,2,110,final_answer,clean_final,391
test-1971,C2,0,3,final_answer,clean_final,463
test-1971,C2,1,2,final_answer,clean_final,308
test-1971,C2,2,5,final_answer,clean_final,306
test-1972,C2,0,-7,final_answer,clean_final,838
test-1972,C2,1,-8,final_answer,clean_final,1035
test-1972,C2,2,-7,final_answer,clean_final,718
test-1973,C2,0,126,final_answer,clean_final,754
test-1973,C2,1,62,final_answer,clean_final,614
test-1973,C2,2,81,final_answer,clean_final,666
test-1974,C2,0,4,final_answer,clean_final,613
test-1974,C2,1,6,final_answer,clean_final,305
test-1974,C2,2,7,final_answer,clean_final,643
test-1975,C2,0,59048,final_answer,clean_final,1016
test-1975,C2,1,59048,final_answer,clean_final,620
test-1975,C2,2,728,final_answer,clean_final,865
test-1976,C2,0,251,final_answer,clean_final,651
test-1976,C2,1,1000,final_answer,clean_final,453
test-1976,C2,2,1000,final_answer,clean_final,598
test-1977,C2,0,66,final_answer,clean_final,504
test-1977,C2,1,1010,final_answer,clean_final,361
test-1977,C2,2,1010,final_answer,clean_final,547
test-1978,C2,0,15,final_answer,clean_final,384
test-1978,C2,1,14,final_answer,clean_final,311
test-1978,C2,2,14,final_answer,clean_final,602
test-1979,C2,0,1,final_answer,clean_final,739
test-1979,C2,1,4,final_answer,clean_final,787
test-1979,C2,2,-12,final_answer,clean_final,368
test-1980,C2,0,32,final_answer,clean_final,282
test-1980,C2,1,7200,final_answer,clean_final,624
test-1980,C2,2,33554432,final_answer,clean_final,270
test-1981,C2,0,20,final_answer,clean_final,237
test-1981,C2,1,90,final_answer,clean_final,270
test-1981,C2,2,42,final_answer,clean_final,236
test-1982,C2,0,1991,final_answer,clean_final,713
test-1982,C2,1,0,final_answer,clean_final,747
test-1982,C2,2,1951,final_answer,clean_final,839
test-1984,C2,0,5,final_answer,clean_final,793
test-1984,C2,1,3,final_answer,clean_final,378
test-1984,C2,2,4,final_answer,clean_final,599
test-1985,C2,0,2,final_answer,clean_final,459
test-1985,C2,1,2,final_answer,clean_final,540
test-1985,C2,2,43,final_answer,clean_final,328
test-1986,C2,0,252,final_answer,clean_final,325
test-1986,C2,1,32,final_answer,clean_final,169
test-1986,C2,2,32,final_answer,clean_final,110
test-1987,C2,0,0,final_answer,clean_final,501
test-1987,C2,1,37,final_answer,clean_final,593
test-1987,C2,2,14,final_answer,clean_final,630
test-1988,C2,0,3,final_answer,clean_final,976
test-1988,C2,1,1,final_answer,clean_final,722
test-1988,C2,2,3,final_answer,clean_final,579
test-1990,C2,0,18,final_answer,clean_final,538
test-1990,C2,1,1814400,final_answer,clean_final,352
test-1990,C2,2,10,final_answer,mid_cut,586
test-1994,C2,0,521,final_answer,clean_final,1186
test-1994,C2,1,458,final_answer,clean_final,665
test-1994,C2,2,521,final_answer,clean_final,904
test-1996,C2,0,1,final_answer,clean_final,985
test-1996,C2,1,49,final_answer,clean_final,799
test-1996,C2,2,1,final_answer,clean_final,531
test-1998,C2,0,207,final_answer,clean_final,827
test-1998,C2,1,6485,final_answer,clean_final,581
test-1998,C2,2,653,final_answer,clean_final,978
test-1999,C2,0,96,final_answer,clean_final,836
test-1999,C2,1,87,final_answer,clean_final,703
test-1999,C2,2,79,final_answer,clean_final,835
